// Validating benchmarks:
// ***** BenchmarkRunner: Start   *****
// ***** Found 48 benchmark(s) in total *****
// ***** Building 1 exe(s) in Parallel: Start   *****
// start dotnet restore "C:\Users\tedd\.codex\worktrees\deferred-chunk-writes\Tedd.Voxtree\src\Tedd.Voxtree.Benchmark\bin\Release\net10.0\Tedd.Voxtree.Benchmark-Job-MIBMUQ-1\DllGatherer.csproj" --nodeReuse:false /p:UseSharedCompilation=false /p:Deterministic=true /p:Optimize=true /p:ArtifactsPath="C:\Users\tedd\.codex\worktrees\deferred-chunk-writes\Tedd.Voxtree\src\Tedd.Voxtree.Benchmark\bin\Release\net10.0\Tedd.Voxtree.Benchmark-Job-MIBMUQ-1/.artifacts/" /p:OutDir="C:\Users\tedd\.codex\worktrees\deferred-chunk-writes\Tedd.Voxtree\src\Tedd.Voxtree.Benchmark\bin\Release\net10.0\Tedd.Voxtree.Benchmark-Job-MIBMUQ-1\bin\Release\net10.0/" /p:OutputPath="C:\Users\tedd\.codex\worktrees\deferred-chunk-writes\Tedd.Voxtree\src\Tedd.Voxtree.Benchmark\bin\Release\net10.0\Tedd.Voxtree.Benchmark-Job-MIBMUQ-1\bin\Release\net10.0/" /p:PublishDir="C:\Users\tedd\.codex\worktrees\deferred-chunk-writes\Tedd.Voxtree\src\Tedd.Voxtree.Benchmark\bin\Release\net10.0\Tedd.Voxtree.Benchmark-Job-MIBMUQ-1\publish/" in C:\Users\tedd\.codex\worktrees\deferred-chunk-writes\Tedd.Voxtree\src\Tedd.Voxtree.Benchmark\bin\Release\net10.0\Tedd.Voxtree.Benchmark-Job-MIBMUQ-1
// command took 1.77 sec and exited with 0
// start dotnet build "C:\Users\tedd\.codex\worktrees\deferred-chunk-writes\Tedd.Voxtree\src\Tedd.Voxtree.Benchmark\bin\Release\net10.0\Tedd.Voxtree.Benchmark-Job-MIBMUQ-1\DllGatherer.csproj" -f net10.0 -c Release --no-restore --nodeReuse:false /p:UseSharedCompilation=false /p:Deterministic=true /p:Optimize=true /p:ArtifactsPath="C:\Users\tedd\.codex\worktrees\deferred-chunk-writes\Tedd.Voxtree\src\Tedd.Voxtree.Benchmark\bin\Release\net10.0\Tedd.Voxtree.Benchmark-Job-MIBMUQ-1/.artifacts/" /p:OutDir="C:\Users\tedd\.codex\worktrees\deferred-chunk-writes\Tedd.Voxtree\src\Tedd.Voxtree.Benchmark\bin\Release\net10.0\Tedd.Voxtree.Benchmark-Job-MIBMUQ-1\bin\Release\net10.0/" /p:OutputPath="C:\Users\tedd\.codex\worktrees\deferred-chunk-writes\Tedd.Voxtree\src\Tedd.Voxtree.Benchmark\bin\Release\net10.0\Tedd.Voxtree.Benchmark-Job-MIBMUQ-1\bin\Release\net10.0/" /p:PublishDir="C:\Users\tedd\.codex\worktrees\deferred-chunk-writes\Tedd.Voxtree\src\Tedd.Voxtree.Benchmark\bin\Release\net10.0\Tedd.Voxtree.Benchmark-Job-MIBMUQ-1\publish/" --output "C:\Users\tedd\.codex\worktrees\deferred-chunk-writes\Tedd.Voxtree\src\Tedd.Voxtree.Benchmark\bin\Release\net10.0\Tedd.Voxtree.Benchmark-Job-MIBMUQ-1\bin\Release\net10.0/" in C:\Users\tedd\.codex\worktrees\deferred-chunk-writes\Tedd.Voxtree\src\Tedd.Voxtree.Benchmark\bin\Release\net10.0\Tedd.Voxtree.Benchmark-Job-MIBMUQ-1
// command took 9.19 sec and exited with 0
// start dotnet restore "C:\Users\tedd\.codex\worktrees\deferred-chunk-writes\Tedd.Voxtree\src\Tedd.Voxtree.Benchmark\bin\Release\net10.0\Tedd.Voxtree.Benchmark-Job-MIBMUQ-1\BenchmarkDotNet.Autogenerated.csproj" --nodeReuse:false /p:UseSharedCompilation=false /p:Deterministic=true /p:Optimize=true /p:ArtifactsPath="C:\Users\tedd\.codex\worktrees\deferred-chunk-writes\Tedd.Voxtree\src\Tedd.Voxtree.Benchmark\bin\Release\net10.0\Tedd.Voxtree.Benchmark-Job-MIBMUQ-1/.artifacts/" /p:OutDir="C:\Users\tedd\.codex\worktrees\deferred-chunk-writes\Tedd.Voxtree\src\Tedd.Voxtree.Benchmark\bin\Release\net10.0\Tedd.Voxtree.Benchmark-Job-MIBMUQ-1\bin\Release\net10.0/" /p:OutputPath="C:\Users\tedd\.codex\worktrees\deferred-chunk-writes\Tedd.Voxtree\src\Tedd.Voxtree.Benchmark\bin\Release\net10.0\Tedd.Voxtree.Benchmark-Job-MIBMUQ-1\bin\Release\net10.0/" /p:PublishDir="C:\Users\tedd\.codex\worktrees\deferred-chunk-writes\Tedd.Voxtree\src\Tedd.Voxtree.Benchmark\bin\Release\net10.0\Tedd.Voxtree.Benchmark-Job-MIBMUQ-1\publish/" in C:\Users\tedd\.codex\worktrees\deferred-chunk-writes\Tedd.Voxtree\src\Tedd.Voxtree.Benchmark\bin\Release\net10.0\Tedd.Voxtree.Benchmark-Job-MIBMUQ-1
// command took 1.82 sec and exited with 0
// start dotnet build "C:\Users\tedd\.codex\worktrees\deferred-chunk-writes\Tedd.Voxtree\src\Tedd.Voxtree.Benchmark\bin\Release\net10.0\Tedd.Voxtree.Benchmark-Job-MIBMUQ-1\BenchmarkDotNet.Autogenerated.csproj" -f net10.0 -c Release --no-restore --nodeReuse:false /p:UseSharedCompilation=false /p:Deterministic=true /p:Optimize=true /p:ArtifactsPath="C:\Users\tedd\.codex\worktrees\deferred-chunk-writes\Tedd.Voxtree\src\Tedd.Voxtree.Benchmark\bin\Release\net10.0\Tedd.Voxtree.Benchmark-Job-MIBMUQ-1/.artifacts/" /p:OutDir="C:\Users\tedd\.codex\worktrees\deferred-chunk-writes\Tedd.Voxtree\src\Tedd.Voxtree.Benchmark\bin\Release\net10.0\Tedd.Voxtree.Benchmark-Job-MIBMUQ-1\bin\Release\net10.0/" /p:OutputPath="C:\Users\tedd\.codex\worktrees\deferred-chunk-writes\Tedd.Voxtree\src\Tedd.Voxtree.Benchmark\bin\Release\net10.0\Tedd.Voxtree.Benchmark-Job-MIBMUQ-1\bin\Release\net10.0/" /p:PublishDir="C:\Users\tedd\.codex\worktrees\deferred-chunk-writes\Tedd.Voxtree\src\Tedd.Voxtree.Benchmark\bin\Release\net10.0\Tedd.Voxtree.Benchmark-Job-MIBMUQ-1\publish/" --output "C:\Users\tedd\.codex\worktrees\deferred-chunk-writes\Tedd.Voxtree\src\Tedd.Voxtree.Benchmark\bin\Release\net10.0\Tedd.Voxtree.Benchmark-Job-MIBMUQ-1\bin\Release\net10.0/" in C:\Users\tedd\.codex\worktrees\deferred-chunk-writes\Tedd.Voxtree\src\Tedd.Voxtree.Benchmark\bin\Release\net10.0\Tedd.Voxtree.Benchmark-Job-MIBMUQ-1
// command took 5.3 sec and exited with 0
// ***** Done, took 00:00:18 (18.2 sec)   *****
// Found 16 benchmarks:
//   DeferredChunkReads.HotHits: Job-MIBMUQ(IterationCount=9, IterationTime=250ms, LaunchCount=1, WarmupCount=5) [PendingCount=1, Pattern=Uniform]
//   DeferredChunkReads.DeferredHits: Job-MIBMUQ(IterationCount=9, IterationTime=250ms, LaunchCount=1, WarmupCount=5) [PendingCount=1, Pattern=Uniform]
//   DeferredChunkReads.HotHits: Job-MIBMUQ(IterationCount=9, IterationTime=250ms, LaunchCount=1, WarmupCount=5) [PendingCount=1, Pattern=Terrain]
//   DeferredChunkReads.DeferredHits: Job-MIBMUQ(IterationCount=9, IterationTime=250ms, LaunchCount=1, WarmupCount=5) [PendingCount=1, Pattern=Terrain]
//   DeferredChunkReads.HotHits: Job-MIBMUQ(IterationCount=9, IterationTime=250ms, LaunchCount=1, WarmupCount=5) [PendingCount=20, Pattern=Uniform]
//   DeferredChunkReads.DeferredHits: Job-MIBMUQ(IterationCount=9, IterationTime=250ms, LaunchCount=1, WarmupCount=5) [PendingCount=20, Pattern=Uniform]
//   DeferredChunkReads.HotHits: Job-MIBMUQ(IterationCount=9, IterationTime=250ms, LaunchCount=1, WarmupCount=5) [PendingCount=20, Pattern=Terrain]
//   DeferredChunkReads.DeferredHits: Job-MIBMUQ(IterationCount=9, IterationTime=250ms, LaunchCount=1, WarmupCount=5) [PendingCount=20, Pattern=Terrain]
//   DeferredChunkReads.CompressedMisses: Job-MIBMUQ(IterationCount=9, IterationTime=250ms, LaunchCount=1, WarmupCount=5) [PendingCount=1, Pattern=Uniform]
//   DeferredChunkReads.DeferredMisses: Job-MIBMUQ(IterationCount=9, IterationTime=250ms, LaunchCount=1, WarmupCount=5) [PendingCount=1, Pattern=Uniform]
//   DeferredChunkReads.CompressedMisses: Job-MIBMUQ(IterationCount=9, IterationTime=250ms, LaunchCount=1, WarmupCount=5) [PendingCount=1, Pattern=Terrain]
//   DeferredChunkReads.DeferredMisses: Job-MIBMUQ(IterationCount=9, IterationTime=250ms, LaunchCount=1, WarmupCount=5) [PendingCount=1, Pattern=Terrain]
//   DeferredChunkReads.CompressedMisses: Job-MIBMUQ(IterationCount=9, IterationTime=250ms, LaunchCount=1, WarmupCount=5) [PendingCount=20, Pattern=Uniform]
//   DeferredChunkReads.DeferredMisses: Job-MIBMUQ(IterationCount=9, IterationTime=250ms, LaunchCount=1, WarmupCount=5) [PendingCount=20, Pattern=Uniform]
//   DeferredChunkReads.CompressedMisses: Job-MIBMUQ(IterationCount=9, IterationTime=250ms, LaunchCount=1, WarmupCount=5) [PendingCount=20, Pattern=Terrain]
//   DeferredChunkReads.DeferredMisses: Job-MIBMUQ(IterationCount=9, IterationTime=250ms, LaunchCount=1, WarmupCount=5) [PendingCount=20, Pattern=Terrain]

Setup power plan (GUID: 8c5e7fda-e8bf-4a96-9a85-a6e23a8c635c FriendlyName: High performance)
// **************************
// Benchmark: DeferredChunkReads.HotHits: Job-MIBMUQ(IterationCount=9, IterationTime=250ms, LaunchCount=1, WarmupCount=5) [PendingCount=1, Pattern=Uniform]
// *** Execute ***
// Launch: 1 / 1
// Execute: dotnet Tedd.Voxtree.Benchmark-Job-MIBMUQ-1.dll --ipcPort 58807 --benchmarkName "Tedd.Voxtree.Benchmark.Tests.DeferredChunkReads.HotHits(PendingCount: 1, Pattern: Uniform)" --job "IterationCount=9, IterationTime=250ms, LaunchCount=1, WarmupCount=5" --diagnoserRunMode 3 --benchmarkId 0 in C:\Users\tedd\.codex\worktrees\deferred-chunk-writes\Tedd.Voxtree\src\Tedd.Voxtree.Benchmark\bin\Release\net10.0\Tedd.Voxtree.Benchmark-Job-MIBMUQ-1\bin\Release\net10.0
// BeforeAnythingElse

// Benchmark Process Environment Information:
// BenchmarkDotNet v0.16.0-preview.1
// Runtime=.NET 10.0.12 (10.0.12, 10.0.1226.42308), X64 RyuJIT x86-64-v3
// GC=Concurrent Workstation
// HardwareIntrinsics=AVX2+BMI1+BMI2+F16C+FMA+LZCNT+MOVBE,AVX,SSE3+SSSE3+SSE4.1+SSE4.2+POPCNT,X86Base+SSE+SSE2,AES+PCLMUL VectorSize=256
// Job: Job-MIBMUQ(IterationCount=9, IterationTime=250ms, LaunchCount=1, WarmupCount=5)

WorkloadJitting  1: 256 op, 37400.00 ns, 146.0938 ns/op
WorkloadJitting  2: 7680 op, 286800.00 ns, 37.3438 ns/op
WorkloadJitting  3: 7680 op, 415400.00 ns, 54.0885 ns/op
WorkloadJitting  4: 7680 op, 35400.00 ns, 4.6094 ns/op
WorkloadJitting  5: 256 op, 1800.00 ns, 7.0313 ns/op

WorkloadPilot    1: 256 op, 1500.00 ns, 5.8594 ns/op

WorkloadPilot    1: 4096 op, 19400.00 ns, 4.7363 ns/op
WorkloadPilot    2: 52785152 op, 237815400.00 ns, 4.5053 ns/op
WorkloadPilot    3: 55492608 op, 249719600.00 ns, 4.5001 ns/op
WorkloadPilot    4: 55558144 op, 250748700.00 ns, 4.5133 ns/op
WorkloadPilot    5: 55394304 op, 249581700.00 ns, 4.5055 ns/op
WorkloadPilot    6: 55488512 op, 249845700.00 ns, 4.5027 ns/op
WorkloadPilot    7: 55525376 op, 250359400.00 ns, 4.5089 ns/op
WorkloadPilot    8: 55447552 op, 250251500.00 ns, 4.5133 ns/op

WorkloadWarmup   1: 55447552 op, 259236200.00 ns, 4.6753 ns/op
WorkloadWarmup   2: 55447552 op, 329190200.00 ns, 5.9370 ns/op
WorkloadWarmup   3: 55447552 op, 350922700.00 ns, 6.3289 ns/op
WorkloadWarmup   4: 55447552 op, 308333600.00 ns, 5.5608 ns/op
WorkloadWarmup   5: 55447552 op, 312396700.00 ns, 5.6341 ns/op

// BeforeActualRun
WorkloadActual   1: 55447552 op, 318526500.00 ns, 5.7446 ns/op
WorkloadActual   2: 55447552 op, 270073100.00 ns, 4.8708 ns/op
WorkloadActual   3: 55447552 op, 323411900.00 ns, 5.8328 ns/op
WorkloadActual   4: 55447552 op, 274916200.00 ns, 4.9581 ns/op
WorkloadActual   5: 55447552 op, 395762100.00 ns, 7.1376 ns/op
WorkloadActual   6: 55447552 op, 309294500.00 ns, 5.5781 ns/op
WorkloadActual   7: 55447552 op, 328306200.00 ns, 5.9210 ns/op
WorkloadActual   8: 55447552 op, 288753500.00 ns, 5.2077 ns/op
WorkloadActual   9: 55447552 op, 449907400.00 ns, 8.1141 ns/op

// AfterActualRun
// BeforeExtraIteration
// AfterExtraIteration
WorkloadExtra    1: 55447552 op, 292811100.00 ns, 5.2809 ns/op
WorkloadResult   1: 55447552 op, 318526500.00 ns, 5.7446 ns/op
WorkloadResult   2: 55447552 op, 270073100.00 ns, 4.8708 ns/op
WorkloadResult   3: 55447552 op, 323411900.00 ns, 5.8328 ns/op
WorkloadResult   4: 55447552 op, 274916200.00 ns, 4.9581 ns/op
WorkloadResult   5: 55447552 op, 309294500.00 ns, 5.5781 ns/op
WorkloadResult   6: 55447552 op, 328306200.00 ns, 5.9210 ns/op
WorkloadResult   7: 55447552 op, 288753500.00 ns, 5.2077 ns/op
// GC:  0 0 0 0 55447552

// AfterAll
// Benchmark Process 292304 has exited with code 0.

Mean = 5.445 ns, StdErr = 0.162 ns (2.98%), N = 7, StdDev = 0.430 ns
Min = 4.871 ns, Q1 = 5.083 ns, Median = 5.578 ns, Q3 = 5.789 ns, Max = 5.921 ns
IQR = 0.706 ns, LowerFence = 4.024 ns, UpperFence = 6.847 ns
ConfidenceInterval = [4.477 ns; 6.412 ns] (CI 99.9%), Margin = 0.968 ns (17.77% of Mean)
Skewness = -0.22, Kurtosis = 1.05, MValue = 2

// ** Remained 47 (97.9%) benchmark(s) to run. Estimated finish 2026-09-20 10:32 (0h 6m from now) **
Setup power plan (GUID: 8c5e7fda-e8bf-4a96-9a85-a6e23a8c635c FriendlyName: High performance)
// **************************
// Benchmark: DeferredChunkReads.DeferredHits: Job-MIBMUQ(IterationCount=9, IterationTime=250ms, LaunchCount=1, WarmupCount=5) [PendingCount=1, Pattern=Uniform]
// *** Execute ***
// Launch: 1 / 1
// Execute: dotnet Tedd.Voxtree.Benchmark-Job-MIBMUQ-1.dll --ipcPort 58814 --benchmarkName "Tedd.Voxtree.Benchmark.Tests.DeferredChunkReads.DeferredHits(PendingCount: 1, Pattern: Uniform)" --job "IterationCount=9, IterationTime=250ms, LaunchCount=1, WarmupCount=5" --diagnoserRunMode 3 --benchmarkId 1 in C:\Users\tedd\.codex\worktrees\deferred-chunk-writes\Tedd.Voxtree\src\Tedd.Voxtree.Benchmark\bin\Release\net10.0\Tedd.Voxtree.Benchmark-Job-MIBMUQ-1\bin\Release\net10.0
// BeforeAnythingElse

// Benchmark Process Environment Information:
// BenchmarkDotNet v0.16.0-preview.1
// Runtime=.NET 10.0.12 (10.0.12, 10.0.1226.42308), X64 RyuJIT x86-64-v3
// GC=Concurrent Workstation
// HardwareIntrinsics=AVX2+BMI1+BMI2+F16C+FMA+LZCNT+MOVBE,AVX,SSE3+SSSE3+SSE4.1+SSE4.2+POPCNT,X86Base+SSE+SSE2,AES+PCLMUL VectorSize=256
// Job: Job-MIBMUQ(IterationCount=9, IterationTime=250ms, LaunchCount=1, WarmupCount=5)

WorkloadJitting  1: 256 op, 52600.00 ns, 205.4688 ns/op
WorkloadJitting  2: 7680 op, 643300.00 ns, 83.7630 ns/op
WorkloadJitting  3: 7680 op, 833300.00 ns, 108.5026 ns/op
WorkloadJitting  4: 7680 op, 42700.00 ns, 5.5599 ns/op
WorkloadJitting  5: 256 op, 2100.00 ns, 8.2031 ns/op

WorkloadPilot    1: 256 op, 1600.00 ns, 6.2500 ns/op

WorkloadPilot    1: 4096 op, 24600.00 ns, 6.0059 ns/op
WorkloadPilot    2: 41627648 op, 227570700.00 ns, 5.4668 ns/op
WorkloadPilot    3: 45731840 op, 250170400.00 ns, 5.4704 ns/op
WorkloadPilot    4: 45703168 op, 249814400.00 ns, 5.4660 ns/op
WorkloadPilot    5: 45740032 op, 249959700.00 ns, 5.4648 ns/op
WorkloadPilot    6: 45748224 op, 249664700.00 ns, 5.4574 ns/op
WorkloadPilot    7: 45809664 op, 250585800.00 ns, 5.4702 ns/op
WorkloadPilot    8: 45703168 op, 250770200.00 ns, 5.4869 ns/op

WorkloadWarmup   1: 45703168 op, 255624400.00 ns, 5.5931 ns/op
WorkloadWarmup   2: 45703168 op, 351807500.00 ns, 7.6977 ns/op
WorkloadWarmup   3: 45703168 op, 331958000.00 ns, 7.2633 ns/op
WorkloadWarmup   4: 45703168 op, 368819200.00 ns, 8.0699 ns/op
WorkloadWarmup   5: 45703168 op, 301909900.00 ns, 6.6059 ns/op

// BeforeActualRun
WorkloadActual   1: 45703168 op, 401328400.00 ns, 8.7812 ns/op
WorkloadActual   2: 45703168 op, 314571700.00 ns, 6.8829 ns/op
WorkloadActual   3: 45703168 op, 414346800.00 ns, 9.0660 ns/op
WorkloadActual   4: 45703168 op, 409404400.00 ns, 8.9579 ns/op
WorkloadActual   5: 45703168 op, 382432700.00 ns, 8.3678 ns/op
WorkloadActual   6: 45703168 op, 306632500.00 ns, 6.7092 ns/op
WorkloadActual   7: 45703168 op, 312259100.00 ns, 6.8323 ns/op
WorkloadActual   8: 45703168 op, 344950600.00 ns, 7.5476 ns/op
WorkloadActual   9: 45703168 op, 310704100.00 ns, 6.7983 ns/op

// AfterActualRun
// BeforeExtraIteration
// AfterExtraIteration
WorkloadExtra    1: 45703168 op, 359955200.00 ns, 7.8759 ns/op
WorkloadResult   1: 45703168 op, 401328400.00 ns, 8.7812 ns/op
WorkloadResult   2: 45703168 op, 314571700.00 ns, 6.8829 ns/op
WorkloadResult   3: 45703168 op, 414346800.00 ns, 9.0660 ns/op
WorkloadResult   4: 45703168 op, 409404400.00 ns, 8.9579 ns/op
WorkloadResult   5: 45703168 op, 382432700.00 ns, 8.3678 ns/op
WorkloadResult   6: 45703168 op, 306632500.00 ns, 6.7092 ns/op
WorkloadResult   7: 45703168 op, 312259100.00 ns, 6.8323 ns/op
WorkloadResult   8: 45703168 op, 344950600.00 ns, 7.5476 ns/op
WorkloadResult   9: 45703168 op, 310704100.00 ns, 6.7983 ns/op
// GC:  0 0 0 0 45703168

// AfterAll
// Benchmark Process 226536 has exited with code 0.

Mean = 7.771 ns, StdErr = 0.339 ns (4.36%), N = 9, StdDev = 1.016 ns
Min = 6.709 ns, Q1 = 6.832 ns, Median = 7.548 ns, Q3 = 8.781 ns, Max = 9.066 ns
IQR = 1.949 ns, LowerFence = 3.909 ns, UpperFence = 11.704 ns
ConfidenceInterval = [6.064 ns; 9.479 ns] (CI 99.9%), Margin = 1.707 ns (21.97% of Mean)
Skewness = 0.15, Kurtosis = 0.99, MValue = 2

// ** Remained 46 (95.8%) benchmark(s) to run. Estimated finish 2026-09-20 10:32 (0h 6m from now) **
Setup power plan (GUID: 8c5e7fda-e8bf-4a96-9a85-a6e23a8c635c FriendlyName: High performance)
// **************************
// Benchmark: DeferredChunkReads.HotHits: Job-MIBMUQ(IterationCount=9, IterationTime=250ms, LaunchCount=1, WarmupCount=5) [PendingCount=1, Pattern=Terrain]
// *** Execute ***
// Launch: 1 / 1
// Execute: dotnet Tedd.Voxtree.Benchmark-Job-MIBMUQ-1.dll --ipcPort 63681 --benchmarkName "Tedd.Voxtree.Benchmark.Tests.DeferredChunkReads.HotHits(PendingCount: 1, Pattern: Terrain)" --job "IterationCount=9, IterationTime=250ms, LaunchCount=1, WarmupCount=5" --diagnoserRunMode 3 --benchmarkId 2 in C:\Users\tedd\.codex\worktrees\deferred-chunk-writes\Tedd.Voxtree\src\Tedd.Voxtree.Benchmark\bin\Release\net10.0\Tedd.Voxtree.Benchmark-Job-MIBMUQ-1\bin\Release\net10.0
// BeforeAnythingElse

// Benchmark Process Environment Information:
// BenchmarkDotNet v0.16.0-preview.1
// Runtime=.NET 10.0.12 (10.0.12, 10.0.1226.42308), X64 RyuJIT x86-64-v3
// GC=Concurrent Workstation
// HardwareIntrinsics=AVX2+BMI1+BMI2+F16C+FMA+LZCNT+MOVBE,AVX,SSE3+SSSE3+SSE4.1+SSE4.2+POPCNT,X86Base+SSE+SSE2,AES+PCLMUL VectorSize=256
// Job: Job-MIBMUQ(IterationCount=9, IterationTime=250ms, LaunchCount=1, WarmupCount=5)

WorkloadJitting  1: 256 op, 38800.00 ns, 151.5625 ns/op
WorkloadJitting  2: 7680 op, 292200.00 ns, 38.0469 ns/op
WorkloadJitting  3: 7680 op, 398200.00 ns, 51.8490 ns/op
WorkloadJitting  4: 7680 op, 35300.00 ns, 4.5964 ns/op
WorkloadJitting  5: 256 op, 1800.00 ns, 7.0313 ns/op

WorkloadPilot    1: 256 op, 1500.00 ns, 5.8594 ns/op

WorkloadPilot    1: 4096 op, 19100.00 ns, 4.6631 ns/op
WorkloadPilot    2: 53612544 op, 242354100.00 ns, 4.5205 ns/op
WorkloadPilot    3: 55304192 op, 249405300.00 ns, 4.5097 ns/op
WorkloadPilot    4: 55439360 op, 250020800.00 ns, 4.5098 ns/op
WorkloadPilot    5: 55435264 op, 250068600.00 ns, 4.5110 ns/op
WorkloadPilot    6: 55422976 op, 253788800.00 ns, 4.5791 ns/op

WorkloadWarmup   1: 55422976 op, 250343700.00 ns, 4.5170 ns/op
WorkloadWarmup   2: 55422976 op, 250314600.00 ns, 4.5164 ns/op
WorkloadWarmup   3: 55422976 op, 250088200.00 ns, 4.5124 ns/op
WorkloadWarmup   4: 55422976 op, 250091900.00 ns, 4.5124 ns/op
WorkloadWarmup   5: 55422976 op, 250207900.00 ns, 4.5145 ns/op

// BeforeActualRun
WorkloadActual   1: 55422976 op, 250130300.00 ns, 4.5131 ns/op
WorkloadActual   2: 55422976 op, 250042000.00 ns, 4.5115 ns/op
WorkloadActual   3: 55422976 op, 249806300.00 ns, 4.5073 ns/op
WorkloadActual   4: 55422976 op, 249710800.00 ns, 4.5055 ns/op
WorkloadActual   5: 55422976 op, 249821200.00 ns, 4.5075 ns/op
WorkloadActual   6: 55422976 op, 250209000.00 ns, 4.5145 ns/op
WorkloadActual   7: 55422976 op, 252283300.00 ns, 4.5520 ns/op
WorkloadActual   8: 55422976 op, 250273700.00 ns, 4.5157 ns/op
WorkloadActual   9: 55422976 op, 250173500.00 ns, 4.5139 ns/op

// AfterActualRun
// BeforeExtraIteration
// AfterExtraIteration
WorkloadExtra    1: 55422976 op, 252441600.00 ns, 4.5548 ns/op
WorkloadResult   1: 55422976 op, 250130300.00 ns, 4.5131 ns/op
WorkloadResult   2: 55422976 op, 250042000.00 ns, 4.5115 ns/op
WorkloadResult   3: 55422976 op, 249806300.00 ns, 4.5073 ns/op
WorkloadResult   4: 55422976 op, 249710800.00 ns, 4.5055 ns/op
WorkloadResult   5: 55422976 op, 249821200.00 ns, 4.5075 ns/op
WorkloadResult   6: 55422976 op, 250209000.00 ns, 4.5145 ns/op
WorkloadResult   7: 55422976 op, 250273700.00 ns, 4.5157 ns/op
WorkloadResult   8: 55422976 op, 250173500.00 ns, 4.5139 ns/op
// GC:  0 0 0 0 55422976

// AfterAll
// Benchmark Process 165280 has exited with code 0.

Mean = 4.511 ns, StdErr = 0.001 ns (0.03%), N = 8, StdDev = 0.004 ns
Min = 4.506 ns, Q1 = 4.507 ns, Median = 4.512 ns, Q3 = 4.514 ns, Max = 4.516 ns
IQR = 0.007 ns, LowerFence = 4.498 ns, UpperFence = 4.524 ns
ConfidenceInterval = [4.504 ns; 4.518 ns] (CI 99.9%), Margin = 0.007 ns (0.16% of Mean)
Skewness = -0.26, Kurtosis = 1.16, MValue = 2

// ** Remained 45 (93.8%) benchmark(s) to run. Estimated finish 2026-09-20 10:32 (0h 5m from now) **
Setup power plan (GUID: 8c5e7fda-e8bf-4a96-9a85-a6e23a8c635c FriendlyName: High performance)
// **************************
// Benchmark: DeferredChunkReads.DeferredHits: Job-MIBMUQ(IterationCount=9, IterationTime=250ms, LaunchCount=1, WarmupCount=5) [PendingCount=1, Pattern=Terrain]
// *** Execute ***
// Launch: 1 / 1
// Execute: dotnet Tedd.Voxtree.Benchmark-Job-MIBMUQ-1.dll --ipcPort 63688 --benchmarkName "Tedd.Voxtree.Benchmark.Tests.DeferredChunkReads.DeferredHits(PendingCount: 1, Pattern: Terrain)" --job "IterationCount=9, IterationTime=250ms, LaunchCount=1, WarmupCount=5" --diagnoserRunMode 3 --benchmarkId 3 in C:\Users\tedd\.codex\worktrees\deferred-chunk-writes\Tedd.Voxtree\src\Tedd.Voxtree.Benchmark\bin\Release\net10.0\Tedd.Voxtree.Benchmark-Job-MIBMUQ-1\bin\Release\net10.0
// BeforeAnythingElse

// Benchmark Process Environment Information:
// BenchmarkDotNet v0.16.0-preview.1
// Runtime=.NET 10.0.12 (10.0.12, 10.0.1226.42308), X64 RyuJIT x86-64-v3
// GC=Concurrent Workstation
// HardwareIntrinsics=AVX2+BMI1+BMI2+F16C+FMA+LZCNT+MOVBE,AVX,SSE3+SSSE3+SSE4.1+SSE4.2+POPCNT,X86Base+SSE+SSE2,AES+PCLMUL VectorSize=256
// Job: Job-MIBMUQ(IterationCount=9, IterationTime=250ms, LaunchCount=1, WarmupCount=5)

WorkloadJitting  1: 256 op, 48300.00 ns, 188.6719 ns/op
WorkloadJitting  2: 7680 op, 609800.00 ns, 79.4010 ns/op
WorkloadJitting  3: 7680 op, 817800.00 ns, 106.4844 ns/op
WorkloadJitting  4: 7680 op, 42100.00 ns, 5.4818 ns/op
WorkloadJitting  5: 256 op, 2100.00 ns, 8.2031 ns/op

WorkloadPilot    1: 256 op, 1700.00 ns, 6.6406 ns/op

WorkloadPilot    1: 4096 op, 23000.00 ns, 5.6152 ns/op
WorkloadPilot    2: 44523520 op, 242086500.00 ns, 5.4373 ns/op
WorkloadPilot    3: 45981696 op, 250526100.00 ns, 5.4484 ns/op
WorkloadPilot    4: 45887488 op, 249974700.00 ns, 5.4476 ns/op
WorkloadPilot    5: 45895680 op, 251281900.00 ns, 5.4751 ns/op
WorkloadPilot    6: 45662208 op, 248834600.00 ns, 5.4495 ns/op
WorkloadPilot    7: 45879296 op, 249283300.00 ns, 5.4335 ns/op
WorkloadPilot    8: 46014464 op, 249574200.00 ns, 5.4238 ns/op
WorkloadPilot    9: 46096384 op, 271905900.00 ns, 5.8986 ns/op

WorkloadWarmup   1: 46096384 op, 308767500.00 ns, 6.6983 ns/op
WorkloadWarmup   2: 46096384 op, 289827200.00 ns, 6.2874 ns/op
WorkloadWarmup   3: 46096384 op, 405441400.00 ns, 8.7955 ns/op
WorkloadWarmup   4: 46096384 op, 358261600.00 ns, 7.7720 ns/op
WorkloadWarmup   5: 46096384 op, 352212400.00 ns, 7.6408 ns/op

// BeforeActualRun
WorkloadActual   1: 46096384 op, 291183900.00 ns, 6.3168 ns/op
WorkloadActual   2: 46096384 op, 369968900.00 ns, 8.0260 ns/op
WorkloadActual   3: 46096384 op, 310584300.00 ns, 6.7377 ns/op
WorkloadActual   4: 46096384 op, 304447200.00 ns, 6.6046 ns/op
WorkloadActual   5: 46096384 op, 320699500.00 ns, 6.9572 ns/op
WorkloadActual   6: 46096384 op, 323916800.00 ns, 7.0269 ns/op
WorkloadActual   7: 46096384 op, 353053000.00 ns, 7.6590 ns/op
WorkloadActual   8: 46096384 op, 369188000.00 ns, 8.0090 ns/op
WorkloadActual   9: 46096384 op, 330437800.00 ns, 7.1684 ns/op

// AfterActualRun
// BeforeExtraIteration
// AfterExtraIteration
WorkloadExtra    1: 46096384 op, 306438900.00 ns, 6.6478 ns/op
WorkloadResult   1: 46096384 op, 291183900.00 ns, 6.3168 ns/op
WorkloadResult   2: 46096384 op, 369968900.00 ns, 8.0260 ns/op
WorkloadResult   3: 46096384 op, 310584300.00 ns, 6.7377 ns/op
WorkloadResult   4: 46096384 op, 304447200.00 ns, 6.6046 ns/op
WorkloadResult   5: 46096384 op, 320699500.00 ns, 6.9572 ns/op
WorkloadResult   6: 46096384 op, 323916800.00 ns, 7.0269 ns/op
WorkloadResult   7: 46096384 op, 353053000.00 ns, 7.6590 ns/op
WorkloadResult   8: 46096384 op, 369188000.00 ns, 8.0090 ns/op
WorkloadResult   9: 46096384 op, 330437800.00 ns, 7.1684 ns/op
// GC:  0 0 0 0 46096384

// AfterAll
// Benchmark Process 346844 has exited with code 0.

Mean = 7.167 ns, StdErr = 0.203 ns (2.84%), N = 9, StdDev = 0.610 ns
Min = 6.317 ns, Q1 = 6.738 ns, Median = 7.027 ns, Q3 = 7.659 ns, Max = 8.026 ns
IQR = 0.921 ns, LowerFence = 5.356 ns, UpperFence = 9.041 ns
ConfidenceInterval = [6.142 ns; 8.192 ns] (CI 99.9%), Margin = 1.025 ns (14.30% of Mean)
Skewness = 0.23, Kurtosis = 1.42, MValue = 2

// ** Remained 44 (91.7%) benchmark(s) to run. Estimated finish 2026-09-20 10:32 (0h 5m from now) **
Setup power plan (GUID: 8c5e7fda-e8bf-4a96-9a85-a6e23a8c635c FriendlyName: High performance)
// **************************
// Benchmark: DeferredChunkReads.HotHits: Job-MIBMUQ(IterationCount=9, IterationTime=250ms, LaunchCount=1, WarmupCount=5) [PendingCount=20, Pattern=Uniform]
// *** Execute ***
// Launch: 1 / 1
// Execute: dotnet Tedd.Voxtree.Benchmark-Job-MIBMUQ-1.dll --ipcPort 57371 --benchmarkName "Tedd.Voxtree.Benchmark.Tests.DeferredChunkReads.HotHits(PendingCount: 20, Pattern: Uniform)" --job "IterationCount=9, IterationTime=250ms, LaunchCount=1, WarmupCount=5" --diagnoserRunMode 3 --benchmarkId 4 in C:\Users\tedd\.codex\worktrees\deferred-chunk-writes\Tedd.Voxtree\src\Tedd.Voxtree.Benchmark\bin\Release\net10.0\Tedd.Voxtree.Benchmark-Job-MIBMUQ-1\bin\Release\net10.0
// BeforeAnythingElse

// Benchmark Process Environment Information:
// BenchmarkDotNet v0.16.0-preview.1
// Runtime=.NET 10.0.12 (10.0.12, 10.0.1226.42308), X64 RyuJIT x86-64-v3
// GC=Concurrent Workstation
// HardwareIntrinsics=AVX2+BMI1+BMI2+F16C+FMA+LZCNT+MOVBE,AVX,SSE3+SSSE3+SSE4.1+SSE4.2+POPCNT,X86Base+SSE+SSE2,AES+PCLMUL VectorSize=256
// Job: Job-MIBMUQ(IterationCount=9, IterationTime=250ms, LaunchCount=1, WarmupCount=5)

WorkloadJitting  1: 256 op, 40400.00 ns, 157.8125 ns/op
WorkloadJitting  2: 7680 op, 292900.00 ns, 38.1380 ns/op
WorkloadJitting  3: 7680 op, 449300.00 ns, 58.5026 ns/op
WorkloadJitting  4: 7680 op, 37100.00 ns, 4.8307 ns/op
WorkloadJitting  5: 256 op, 3300.00 ns, 12.8906 ns/op

WorkloadPilot    1: 256 op, 3000.00 ns, 11.7188 ns/op

WorkloadPilot    1: 4096 op, 20300.00 ns, 4.9561 ns/op
WorkloadPilot    2: 50446336 op, 227215200.00 ns, 4.5041 ns/op
WorkloadPilot    3: 55504896 op, 249989400.00 ns, 4.5039 ns/op
WorkloadPilot    4: 55508992 op, 249828200.00 ns, 4.5007 ns/op
WorkloadPilot    5: 55549952 op, 250192700.00 ns, 4.5039 ns/op
WorkloadPilot    6: 55508992 op, 250596700.00 ns, 4.5145 ns/op
WorkloadPilot    7: 55377920 op, 249999400.00 ns, 4.5144 ns/op
WorkloadPilot    8: 55382016 op, 250095300.00 ns, 4.5158 ns/op

WorkloadWarmup   1: 55382016 op, 255368200.00 ns, 4.6110 ns/op
WorkloadWarmup   2: 55382016 op, 308240200.00 ns, 5.5657 ns/op
WorkloadWarmup   3: 55382016 op, 324689100.00 ns, 5.8627 ns/op
WorkloadWarmup   4: 55382016 op, 291369800.00 ns, 5.2611 ns/op
WorkloadWarmup   5: 55382016 op, 333474000.00 ns, 6.0213 ns/op

// BeforeActualRun
WorkloadActual   1: 55382016 op, 285386300.00 ns, 5.1531 ns/op
WorkloadActual   2: 55382016 op, 374058500.00 ns, 6.7542 ns/op
WorkloadActual   3: 55382016 op, 291070400.00 ns, 5.2557 ns/op
WorkloadActual   4: 55382016 op, 291616400.00 ns, 5.2655 ns/op
WorkloadActual   5: 55382016 op, 276001400.00 ns, 4.9836 ns/op
WorkloadActual   6: 55382016 op, 349128700.00 ns, 6.3040 ns/op
WorkloadActual   7: 55382016 op, 373907000.00 ns, 6.7514 ns/op
WorkloadActual   8: 55382016 op, 372794300.00 ns, 6.7313 ns/op
WorkloadActual   9: 55382016 op, 378504700.00 ns, 6.8344 ns/op

// AfterActualRun
// BeforeExtraIteration
// AfterExtraIteration
WorkloadExtra    1: 55382016 op, 323269900.00 ns, 5.8371 ns/op
WorkloadResult   1: 55382016 op, 285386300.00 ns, 5.1531 ns/op
WorkloadResult   2: 55382016 op, 374058500.00 ns, 6.7542 ns/op
WorkloadResult   3: 55382016 op, 291070400.00 ns, 5.2557 ns/op
WorkloadResult   4: 55382016 op, 291616400.00 ns, 5.2655 ns/op
WorkloadResult   5: 55382016 op, 276001400.00 ns, 4.9836 ns/op
WorkloadResult   6: 55382016 op, 349128700.00 ns, 6.3040 ns/op
WorkloadResult   7: 55382016 op, 373907000.00 ns, 6.7514 ns/op
WorkloadResult   8: 55382016 op, 372794300.00 ns, 6.7313 ns/op
WorkloadResult   9: 55382016 op, 378504700.00 ns, 6.8344 ns/op
// GC:  0 0 0 0 55382016

// AfterAll
// Benchmark Process 294288 has exited with code 0.

Mean = 6.004 ns, StdErr = 0.271 ns (4.52%), N = 9, StdDev = 0.814 ns
Min = 4.984 ns, Q1 = 5.256 ns, Median = 6.304 ns, Q3 = 6.751 ns, Max = 6.834 ns
IQR = 1.496 ns, LowerFence = 3.012 ns, UpperFence = 8.995 ns
ConfidenceInterval = [4.636 ns; 7.372 ns] (CI 99.9%), Margin = 1.368 ns (22.78% of Mean)
Skewness = -0.14, Kurtosis = 0.91, MValue = 3.6

// ** Remained 43 (89.6%) benchmark(s) to run. Estimated finish 2026-09-20 10:32 (0h 5m from now) **
Setup power plan (GUID: 8c5e7fda-e8bf-4a96-9a85-a6e23a8c635c FriendlyName: High performance)
// **************************
// Benchmark: DeferredChunkReads.DeferredHits: Job-MIBMUQ(IterationCount=9, IterationTime=250ms, LaunchCount=1, WarmupCount=5) [PendingCount=20, Pattern=Uniform]
// *** Execute ***
// Launch: 1 / 1
// Execute: dotnet Tedd.Voxtree.Benchmark-Job-MIBMUQ-1.dll --ipcPort 52025 --benchmarkName "Tedd.Voxtree.Benchmark.Tests.DeferredChunkReads.DeferredHits(PendingCount: 20, Pattern: Uniform)" --job "IterationCount=9, IterationTime=250ms, LaunchCount=1, WarmupCount=5" --diagnoserRunMode 3 --benchmarkId 5 in C:\Users\tedd\.codex\worktrees\deferred-chunk-writes\Tedd.Voxtree\src\Tedd.Voxtree.Benchmark\bin\Release\net10.0\Tedd.Voxtree.Benchmark-Job-MIBMUQ-1\bin\Release\net10.0
// BeforeAnythingElse

// Benchmark Process Environment Information:
// BenchmarkDotNet v0.16.0-preview.1
// Runtime=.NET 10.0.12 (10.0.12, 10.0.1226.42308), X64 RyuJIT x86-64-v3
// GC=Concurrent Workstation
// HardwareIntrinsics=AVX2+BMI1+BMI2+F16C+FMA+LZCNT+MOVBE,AVX,SSE3+SSSE3+SSE4.1+SSE4.2+POPCNT,X86Base+SSE+SSE2,AES+PCLMUL VectorSize=256
// Job: Job-MIBMUQ(IterationCount=9, IterationTime=250ms, LaunchCount=1, WarmupCount=5)

WorkloadJitting  1: 256 op, 43500.00 ns, 169.9219 ns/op
WorkloadJitting  2: 7680 op, 868000.00 ns, 113.0208 ns/op
WorkloadJitting  3: 7680 op, 806800.00 ns, 105.0521 ns/op
WorkloadJitting  4: 7680 op, 52500.00 ns, 6.8359 ns/op
WorkloadJitting  5: 256 op, 3500.00 ns, 13.6719 ns/op

WorkloadPilot    1: 256 op, 2600.00 ns, 10.1563 ns/op

WorkloadPilot    1: 4096 op, 27500.00 ns, 6.7139 ns/op
WorkloadPilot    2: 37236736 op, 238285500.00 ns, 6.3992 ns/op
WorkloadPilot    3: 39067648 op, 249637500.00 ns, 6.3899 ns/op
WorkloadPilot    4: 39124992 op, 249467000.00 ns, 6.3762 ns/op
WorkloadPilot    5: 39211008 op, 251762300.00 ns, 6.4207 ns/op
WorkloadPilot    6: 38936576 op, 247718700.00 ns, 6.3621 ns/op
WorkloadPilot    7: 39297024 op, 256029200.00 ns, 6.5152 ns/op
WorkloadPilot    8: 38375424 op, 245696900.00 ns, 6.4025 ns/op
WorkloadPilot    9: 39051264 op, 267291000.00 ns, 6.8446 ns/op

WorkloadWarmup   1: 39051264 op, 342072200.00 ns, 8.7596 ns/op
WorkloadWarmup   2: 39051264 op, 294734300.00 ns, 7.5474 ns/op
WorkloadWarmup   3: 39051264 op, 285021400.00 ns, 7.2986 ns/op
WorkloadWarmup   4: 39051264 op, 297421600.00 ns, 7.6162 ns/op
WorkloadWarmup   5: 39051264 op, 315356400.00 ns, 8.0754 ns/op

// BeforeActualRun
WorkloadActual   1: 39051264 op, 297913400.00 ns, 7.6288 ns/op
WorkloadActual   2: 39051264 op, 310033300.00 ns, 7.9391 ns/op
WorkloadActual   3: 39051264 op, 373452000.00 ns, 9.5631 ns/op
WorkloadActual   4: 39051264 op, 348112400.00 ns, 8.9142 ns/op
WorkloadActual   5: 39051264 op, 301924000.00 ns, 7.7315 ns/op
WorkloadActual   6: 39051264 op, 306045900.00 ns, 7.8370 ns/op
WorkloadActual   7: 39051264 op, 290355200.00 ns, 7.4352 ns/op
WorkloadActual   8: 39051264 op, 313094500.00 ns, 8.0175 ns/op
WorkloadActual   9: 39051264 op, 325306700.00 ns, 8.3302 ns/op

// AfterActualRun
// BeforeExtraIteration
// AfterExtraIteration
WorkloadExtra    1: 39051264 op, 328895000.00 ns, 8.4221 ns/op
WorkloadResult   1: 39051264 op, 297913400.00 ns, 7.6288 ns/op
WorkloadResult   2: 39051264 op, 310033300.00 ns, 7.9391 ns/op
WorkloadResult   3: 39051264 op, 348112400.00 ns, 8.9142 ns/op
WorkloadResult   4: 39051264 op, 301924000.00 ns, 7.7315 ns/op
WorkloadResult   5: 39051264 op, 306045900.00 ns, 7.8370 ns/op
WorkloadResult   6: 39051264 op, 290355200.00 ns, 7.4352 ns/op
WorkloadResult   7: 39051264 op, 313094500.00 ns, 8.0175 ns/op
WorkloadResult   8: 39051264 op, 325306700.00 ns, 8.3302 ns/op
// GC:  0 0 0 0 39051264

// AfterAll
// Benchmark Process 261348 has exited with code 0.

Mean = 7.979 ns, StdErr = 0.164 ns (2.05%), N = 8, StdDev = 0.463 ns
Min = 7.435 ns, Q1 = 7.706 ns, Median = 7.888 ns, Q3 = 8.096 ns, Max = 8.914 ns
IQR = 0.390 ns, LowerFence = 7.121 ns, UpperFence = 8.681 ns
ConfidenceInterval = [7.094 ns; 8.865 ns] (CI 99.9%), Margin = 0.885 ns (11.10% of Mean)
Skewness = 0.8, Kurtosis = 2.41, MValue = 2

// ** Remained 42 (87.5%) benchmark(s) to run. Estimated finish 2026-09-20 10:32 (0h 5m from now) **
Setup power plan (GUID: 8c5e7fda-e8bf-4a96-9a85-a6e23a8c635c FriendlyName: High performance)
// **************************
// Benchmark: DeferredChunkReads.HotHits: Job-MIBMUQ(IterationCount=9, IterationTime=250ms, LaunchCount=1, WarmupCount=5) [PendingCount=20, Pattern=Terrain]
// *** Execute ***
// Launch: 1 / 1
// Execute: dotnet Tedd.Voxtree.Benchmark-Job-MIBMUQ-1.dll --ipcPort 52032 --benchmarkName "Tedd.Voxtree.Benchmark.Tests.DeferredChunkReads.HotHits(PendingCount: 20, Pattern: Terrain)" --job "IterationCount=9, IterationTime=250ms, LaunchCount=1, WarmupCount=5" --diagnoserRunMode 3 --benchmarkId 6 in C:\Users\tedd\.codex\worktrees\deferred-chunk-writes\Tedd.Voxtree\src\Tedd.Voxtree.Benchmark\bin\Release\net10.0\Tedd.Voxtree.Benchmark-Job-MIBMUQ-1\bin\Release\net10.0
// BeforeAnythingElse

// Benchmark Process Environment Information:
// BenchmarkDotNet v0.16.0-preview.1
// Runtime=.NET 10.0.12 (10.0.12, 10.0.1226.42308), X64 RyuJIT x86-64-v3
// GC=Concurrent Workstation
// HardwareIntrinsics=AVX2+BMI1+BMI2+F16C+FMA+LZCNT+MOVBE,AVX,SSE3+SSSE3+SSE4.1+SSE4.2+POPCNT,X86Base+SSE+SSE2,AES+PCLMUL VectorSize=256
// Job: Job-MIBMUQ(IterationCount=9, IterationTime=250ms, LaunchCount=1, WarmupCount=5)

WorkloadJitting  1: 256 op, 87900.00 ns, 343.3594 ns/op
WorkloadJitting  2: 7680 op, 289100.00 ns, 37.6432 ns/op
WorkloadJitting  3: 7680 op, 464700.00 ns, 60.5078 ns/op
WorkloadJitting  4: 7680 op, 37000.00 ns, 4.8177 ns/op
WorkloadJitting  5: 256 op, 3200.00 ns, 12.5000 ns/op

WorkloadPilot    1: 256 op, 3000.00 ns, 11.7188 ns/op

WorkloadPilot    1: 4096 op, 20900.00 ns, 5.1025 ns/op
WorkloadPilot    2: 48996352 op, 220681000.00 ns, 4.5040 ns/op
WorkloadPilot    3: 55508992 op, 250556000.00 ns, 4.5138 ns/op
WorkloadPilot    4: 55386112 op, 249236000.00 ns, 4.5000 ns/op
WorkloadPilot    5: 55558144 op, 250031000.00 ns, 4.5003 ns/op
WorkloadPilot    6: 55554048 op, 250263900.00 ns, 4.5049 ns/op

WorkloadWarmup   1: 55554048 op, 249925200.00 ns, 4.4988 ns/op
WorkloadWarmup   2: 55554048 op, 250006400.00 ns, 4.5002 ns/op
WorkloadWarmup   3: 55554048 op, 265715700.00 ns, 4.7830 ns/op
WorkloadWarmup   4: 55554048 op, 344099200.00 ns, 6.1940 ns/op
WorkloadWarmup   5: 55554048 op, 298867200.00 ns, 5.3798 ns/op

// BeforeActualRun
WorkloadActual   1: 55554048 op, 306166900.00 ns, 5.5112 ns/op
WorkloadActual   2: 55554048 op, 306100100.00 ns, 5.5100 ns/op
WorkloadActual   3: 55554048 op, 297781700.00 ns, 5.3602 ns/op
WorkloadActual   4: 55554048 op, 354417400.00 ns, 6.3797 ns/op
WorkloadActual   5: 55554048 op, 315946900.00 ns, 5.6872 ns/op
WorkloadActual   6: 55554048 op, 320179300.00 ns, 5.7634 ns/op
WorkloadActual   7: 55554048 op, 292579600.00 ns, 5.2666 ns/op
WorkloadActual   8: 55554048 op, 308783800.00 ns, 5.5583 ns/op
WorkloadActual   9: 55554048 op, 296116600.00 ns, 5.3302 ns/op

// AfterActualRun
// BeforeExtraIteration
// AfterExtraIteration
WorkloadExtra    1: 55554048 op, 301927100.00 ns, 5.4348 ns/op
WorkloadResult   1: 55554048 op, 306166900.00 ns, 5.5112 ns/op
WorkloadResult   2: 55554048 op, 306100100.00 ns, 5.5100 ns/op
WorkloadResult   3: 55554048 op, 297781700.00 ns, 5.3602 ns/op
WorkloadResult   4: 55554048 op, 315946900.00 ns, 5.6872 ns/op
WorkloadResult   5: 55554048 op, 320179300.00 ns, 5.7634 ns/op
WorkloadResult   6: 55554048 op, 292579600.00 ns, 5.2666 ns/op
WorkloadResult   7: 55554048 op, 308783800.00 ns, 5.5583 ns/op
WorkloadResult   8: 55554048 op, 296116600.00 ns, 5.3302 ns/op
// GC:  0 0 0 0 55554048

// AfterAll
// Benchmark Process 235048 has exited with code 0.

Mean = 5.498 ns, StdErr = 0.061 ns (1.12%), N = 8, StdDev = 0.174 ns
Min = 5.267 ns, Q1 = 5.353 ns, Median = 5.511 ns, Q3 = 5.590 ns, Max = 5.763 ns
IQR = 0.238 ns, LowerFence = 4.996 ns, UpperFence = 5.947 ns
ConfidenceInterval = [5.167 ns; 5.830 ns] (CI 99.9%), Margin = 0.332 ns (6.04% of Mean)
Skewness = 0.14, Kurtosis = 1.41, MValue = 2

// ** Remained 41 (85.4%) benchmark(s) to run. Estimated finish 2026-09-20 10:32 (0h 5m from now) **
Setup power plan (GUID: 8c5e7fda-e8bf-4a96-9a85-a6e23a8c635c FriendlyName: High performance)
// **************************
// Benchmark: DeferredChunkReads.DeferredHits: Job-MIBMUQ(IterationCount=9, IterationTime=250ms, LaunchCount=1, WarmupCount=5) [PendingCount=20, Pattern=Terrain]
// *** Execute ***
// Launch: 1 / 1
// Execute: dotnet Tedd.Voxtree.Benchmark-Job-MIBMUQ-1.dll --ipcPort 52039 --benchmarkName "Tedd.Voxtree.Benchmark.Tests.DeferredChunkReads.DeferredHits(PendingCount: 20, Pattern: Terrain)" --job "IterationCount=9, IterationTime=250ms, LaunchCount=1, WarmupCount=5" --diagnoserRunMode 3 --benchmarkId 7 in C:\Users\tedd\.codex\worktrees\deferred-chunk-writes\Tedd.Voxtree\src\Tedd.Voxtree.Benchmark\bin\Release\net10.0\Tedd.Voxtree.Benchmark-Job-MIBMUQ-1\bin\Release\net10.0
// BeforeAnythingElse

// Benchmark Process Environment Information:
// BenchmarkDotNet v0.16.0-preview.1
// Runtime=.NET 10.0.12 (10.0.12, 10.0.1226.42308), X64 RyuJIT x86-64-v3
// GC=Concurrent Workstation
// HardwareIntrinsics=AVX2+BMI1+BMI2+F16C+FMA+LZCNT+MOVBE,AVX,SSE3+SSSE3+SSE4.1+SSE4.2+POPCNT,X86Base+SSE+SSE2,AES+PCLMUL VectorSize=256
// Job: Job-MIBMUQ(IterationCount=9, IterationTime=250ms, LaunchCount=1, WarmupCount=5)

WorkloadJitting  1: 256 op, 52700.00 ns, 205.8594 ns/op
WorkloadJitting  2: 7680 op, 669100.00 ns, 87.1224 ns/op
WorkloadJitting  3: 7680 op, 917300.00 ns, 119.4401 ns/op
WorkloadJitting  4: 7680 op, 50600.00 ns, 6.5885 ns/op
WorkloadJitting  5: 256 op, 2800.00 ns, 10.9375 ns/op

WorkloadPilot    1: 256 op, 2700.00 ns, 10.5469 ns/op

WorkloadPilot    1: 4096 op, 29100.00 ns, 7.1045 ns/op
WorkloadPilot    2: 35192832 op, 224447300.00 ns, 6.3776 ns/op
WorkloadPilot    3: 39202816 op, 251427000.00 ns, 6.4135 ns/op
WorkloadPilot    4: 38981632 op, 248386100.00 ns, 6.3719 ns/op
WorkloadPilot    5: 39235584 op, 250682200.00 ns, 6.3892 ns/op
WorkloadPilot    6: 39129088 op, 253139900.00 ns, 6.4694 ns/op

WorkloadWarmup   1: 39129088 op, 249552700.00 ns, 6.3777 ns/op
WorkloadWarmup   2: 39129088 op, 251783500.00 ns, 6.4347 ns/op
WorkloadWarmup   3: 39129088 op, 260094500.00 ns, 6.6471 ns/op
WorkloadWarmup   4: 39129088 op, 297765100.00 ns, 7.6098 ns/op
WorkloadWarmup   5: 39129088 op, 347848400.00 ns, 8.8898 ns/op

// BeforeActualRun
WorkloadActual   1: 39129088 op, 326347100.00 ns, 8.3403 ns/op
WorkloadActual   2: 39129088 op, 322628800.00 ns, 8.2452 ns/op
WorkloadActual   3: 39129088 op, 279983100.00 ns, 7.1554 ns/op
WorkloadActual   4: 39129088 op, 339218000.00 ns, 8.6692 ns/op
WorkloadActual   5: 39129088 op, 335391700.00 ns, 8.5714 ns/op
WorkloadActual   6: 39129088 op, 356460400.00 ns, 9.1099 ns/op
WorkloadActual   7: 39129088 op, 346087400.00 ns, 8.8448 ns/op
WorkloadActual   8: 39129088 op, 341776300.00 ns, 8.7346 ns/op
WorkloadActual   9: 39129088 op, 311604800.00 ns, 7.9635 ns/op

// AfterActualRun
// BeforeExtraIteration
// AfterExtraIteration
WorkloadExtra    1: 39129088 op, 306888800.00 ns, 7.8430 ns/op
WorkloadResult   1: 39129088 op, 326347100.00 ns, 8.3403 ns/op
WorkloadResult   2: 39129088 op, 322628800.00 ns, 8.2452 ns/op
WorkloadResult   3: 39129088 op, 279983100.00 ns, 7.1554 ns/op
WorkloadResult   4: 39129088 op, 339218000.00 ns, 8.6692 ns/op
WorkloadResult   5: 39129088 op, 335391700.00 ns, 8.5714 ns/op
WorkloadResult   6: 39129088 op, 356460400.00 ns, 9.1099 ns/op
WorkloadResult   7: 39129088 op, 346087400.00 ns, 8.8448 ns/op
WorkloadResult   8: 39129088 op, 341776300.00 ns, 8.7346 ns/op
WorkloadResult   9: 39129088 op, 311604800.00 ns, 7.9635 ns/op
// GC:  0 0 0 0 39129088

// AfterAll
// Benchmark Process 84308 has exited with code 0.

Mean = 8.404 ns, StdErr = 0.193 ns (2.30%), N = 9, StdDev = 0.579 ns
Min = 7.155 ns, Q1 = 8.245 ns, Median = 8.571 ns, Q3 = 8.735 ns, Max = 9.110 ns
IQR = 0.489 ns, LowerFence = 7.511 ns, UpperFence = 9.469 ns
ConfidenceInterval = [7.431 ns; 9.377 ns] (CI 99.9%), Margin = 0.973 ns (11.58% of Mean)
Skewness = -0.88, Kurtosis = 2.74, MValue = 2

// ** Remained 40 (83.3%) benchmark(s) to run. Estimated finish 2026-09-20 10:32 (0h 5m from now) **
Setup power plan (GUID: 8c5e7fda-e8bf-4a96-9a85-a6e23a8c635c FriendlyName: High performance)
// **************************
// Benchmark: DeferredChunkReads.CompressedMisses: Job-MIBMUQ(IterationCount=9, IterationTime=250ms, LaunchCount=1, WarmupCount=5) [PendingCount=1, Pattern=Uniform]
// *** Execute ***
// Launch: 1 / 1
// Execute: dotnet Tedd.Voxtree.Benchmark-Job-MIBMUQ-1.dll --ipcPort 52046 --benchmarkName "Tedd.Voxtree.Benchmark.Tests.DeferredChunkReads.CompressedMisses(PendingCount: 1, Pattern: Uniform)" --job "IterationCount=9, IterationTime=250ms, LaunchCount=1, WarmupCount=5" --diagnoserRunMode 3 --benchmarkId 8 in C:\Users\tedd\.codex\worktrees\deferred-chunk-writes\Tedd.Voxtree\src\Tedd.Voxtree.Benchmark\bin\Release\net10.0\Tedd.Voxtree.Benchmark-Job-MIBMUQ-1\bin\Release\net10.0
// BeforeAnythingElse

// Benchmark Process Environment Information:
// BenchmarkDotNet v0.16.0-preview.1
// Runtime=.NET 10.0.12 (10.0.12, 10.0.1226.42308), X64 RyuJIT x86-64-v3
// GC=Concurrent Workstation
// HardwareIntrinsics=AVX2+BMI1+BMI2+F16C+FMA+LZCNT+MOVBE,AVX,SSE3+SSSE3+SSE4.1+SSE4.2+POPCNT,X86Base+SSE+SSE2,AES+PCLMUL VectorSize=256
// Job: Job-MIBMUQ(IterationCount=9, IterationTime=250ms, LaunchCount=1, WarmupCount=5)

WorkloadJitting  1: 256 op, 45600.00 ns, 178.1250 ns/op
WorkloadJitting  2: 7680 op, 567900.00 ns, 73.9453 ns/op
WorkloadJitting  3: 7680 op, 858300.00 ns, 111.7578 ns/op
WorkloadJitting  4: 7680 op, 34900.00 ns, 4.5443 ns/op
WorkloadJitting  5: 256 op, 1500.00 ns, 5.8594 ns/op

WorkloadPilot    1: 256 op, 1300.00 ns, 5.0781 ns/op

WorkloadPilot    1: 4096 op, 19000.00 ns, 4.6387 ns/op
WorkloadPilot    2: 53895168 op, 245100400.00 ns, 4.5477 ns/op
WorkloadPilot    3: 54972416 op, 247735500.00 ns, 4.5065 ns/op
WorkloadPilot    4: 55476224 op, 249672200.00 ns, 4.5005 ns/op
WorkloadPilot    5: 55549952 op, 251249300.00 ns, 4.5229 ns/op
WorkloadPilot    6: 55275520 op, 249300300.00 ns, 4.5101 ns/op
WorkloadPilot    7: 55431168 op, 249661100.00 ns, 4.5040 ns/op
WorkloadPilot    8: 55508992 op, 249836800.00 ns, 4.5008 ns/op
WorkloadPilot    9: 55545856 op, 263699700.00 ns, 4.7474 ns/op
WorkloadPilot   10: 52662272 op, 360778400.00 ns, 6.8508 ns/op

WorkloadWarmup   1: 52662272 op, 320084900.00 ns, 6.0781 ns/op
WorkloadWarmup   2: 52662272 op, 280951300.00 ns, 5.3350 ns/op
WorkloadWarmup   3: 52662272 op, 283280300.00 ns, 5.3792 ns/op
WorkloadWarmup   4: 52662272 op, 290479600.00 ns, 5.5159 ns/op
WorkloadWarmup   5: 52662272 op, 268307500.00 ns, 5.0949 ns/op

// BeforeActualRun
WorkloadActual   1: 52662272 op, 299804200.00 ns, 5.6930 ns/op
WorkloadActual   2: 52662272 op, 299040100.00 ns, 5.6785 ns/op
WorkloadActual   3: 52662272 op, 280944900.00 ns, 5.3348 ns/op
WorkloadActual   4: 52662272 op, 271491400.00 ns, 5.1553 ns/op
WorkloadActual   5: 52662272 op, 371660400.00 ns, 7.0574 ns/op
WorkloadActual   6: 52662272 op, 315608800.00 ns, 5.9931 ns/op
WorkloadActual   7: 52662272 op, 295433100.00 ns, 5.6100 ns/op
WorkloadActual   8: 52662272 op, 287293400.00 ns, 5.4554 ns/op
WorkloadActual   9: 52662272 op, 321045200.00 ns, 6.0963 ns/op

// AfterActualRun
// BeforeExtraIteration
// AfterExtraIteration
WorkloadExtra    1: 52662272 op, 274309700.00 ns, 5.2088 ns/op
WorkloadResult   1: 52662272 op, 299804200.00 ns, 5.6930 ns/op
WorkloadResult   2: 52662272 op, 299040100.00 ns, 5.6785 ns/op
WorkloadResult   3: 52662272 op, 280944900.00 ns, 5.3348 ns/op
WorkloadResult   4: 52662272 op, 271491400.00 ns, 5.1553 ns/op
WorkloadResult   5: 52662272 op, 315608800.00 ns, 5.9931 ns/op
WorkloadResult   6: 52662272 op, 295433100.00 ns, 5.6100 ns/op
WorkloadResult   7: 52662272 op, 287293400.00 ns, 5.4554 ns/op
WorkloadResult   8: 52662272 op, 321045200.00 ns, 6.0963 ns/op
// GC:  0 0 0 0 52662272

// AfterAll
// Benchmark Process 325196 has exited with code 0.

Mean = 5.627 ns, StdErr = 0.112 ns (1.99%), N = 8, StdDev = 0.316 ns
Min = 5.155 ns, Q1 = 5.425 ns, Median = 5.644 ns, Q3 = 5.768 ns, Max = 6.096 ns
IQR = 0.343 ns, LowerFence = 4.911 ns, UpperFence = 6.282 ns
ConfidenceInterval = [5.023 ns; 6.231 ns] (CI 99.9%), Margin = 0.604 ns (10.74% of Mean)
Skewness = 0.07, Kurtosis = 1.56, MValue = 2

// ** Remained 39 (81.2%) benchmark(s) to run. Estimated finish 2026-09-20 10:32 (0h 5m from now) **
Setup power plan (GUID: 8c5e7fda-e8bf-4a96-9a85-a6e23a8c635c FriendlyName: High performance)
// **************************
// Benchmark: DeferredChunkReads.DeferredMisses: Job-MIBMUQ(IterationCount=9, IterationTime=250ms, LaunchCount=1, WarmupCount=5) [PendingCount=1, Pattern=Uniform]
// *** Execute ***
// Launch: 1 / 1
// Execute: dotnet Tedd.Voxtree.Benchmark-Job-MIBMUQ-1.dll --ipcPort 52051 --benchmarkName "Tedd.Voxtree.Benchmark.Tests.DeferredChunkReads.DeferredMisses(PendingCount: 1, Pattern: Uniform)" --job "IterationCount=9, IterationTime=250ms, LaunchCount=1, WarmupCount=5" --diagnoserRunMode 3 --benchmarkId 9 in C:\Users\tedd\.codex\worktrees\deferred-chunk-writes\Tedd.Voxtree\src\Tedd.Voxtree.Benchmark\bin\Release\net10.0\Tedd.Voxtree.Benchmark-Job-MIBMUQ-1\bin\Release\net10.0
// BeforeAnythingElse

// Benchmark Process Environment Information:
// BenchmarkDotNet v0.16.0-preview.1
// Runtime=.NET 10.0.12 (10.0.12, 10.0.1226.42308), X64 RyuJIT x86-64-v3
// GC=Concurrent Workstation
// HardwareIntrinsics=AVX2+BMI1+BMI2+F16C+FMA+LZCNT+MOVBE,AVX,SSE3+SSSE3+SSE4.1+SSE4.2+POPCNT,X86Base+SSE+SSE2,AES+PCLMUL VectorSize=256
// Job: Job-MIBMUQ(IterationCount=9, IterationTime=250ms, LaunchCount=1, WarmupCount=5)

WorkloadJitting  1: 256 op, 68100.00 ns, 266.0156 ns/op
WorkloadJitting  2: 7680 op, 1186100.00 ns, 154.4401 ns/op
WorkloadJitting  3: 7680 op, 1594400.00 ns, 207.6042 ns/op
WorkloadJitting  4: 7680 op, 93400.00 ns, 12.1615 ns/op
WorkloadJitting  5: 256 op, 4000.00 ns, 15.6250 ns/op

WorkloadPilot    1: 256 op, 3500.00 ns, 13.6719 ns/op

WorkloadPilot    1: 4096 op, 50200.00 ns, 12.2559 ns/op
WorkloadPilot    2: 20402176 op, 246027100.00 ns, 12.0589 ns/op
WorkloadPilot    3: 20733952 op, 250586500.00 ns, 12.0858 ns/op
WorkloadPilot    4: 20688896 op, 249272000.00 ns, 12.0486 ns/op
WorkloadPilot    5: 20750336 op, 250271100.00 ns, 12.0611 ns/op
WorkloadPilot    6: 20729856 op, 252377600.00 ns, 12.1746 ns/op

WorkloadWarmup   1: 20729856 op, 249894100.00 ns, 12.0548 ns/op
WorkloadWarmup   2: 20729856 op, 250422100.00 ns, 12.0803 ns/op
WorkloadWarmup   3: 20729856 op, 271244200.00 ns, 13.0847 ns/op
WorkloadWarmup   4: 20729856 op, 313660400.00 ns, 15.1309 ns/op
WorkloadWarmup   5: 20729856 op, 327062400.00 ns, 15.7774 ns/op

// BeforeActualRun
WorkloadActual   1: 20729856 op, 382616200.00 ns, 18.4573 ns/op
WorkloadActual   2: 20729856 op, 304746200.00 ns, 14.7008 ns/op
WorkloadActual   3: 20729856 op, 309846600.00 ns, 14.9469 ns/op
WorkloadActual   4: 20729856 op, 284218100.00 ns, 13.7106 ns/op
WorkloadActual   5: 20729856 op, 305507700.00 ns, 14.7376 ns/op
WorkloadActual   6: 20729856 op, 279674300.00 ns, 13.4914 ns/op
WorkloadActual   7: 20729856 op, 304242500.00 ns, 14.6765 ns/op
WorkloadActual   8: 20729856 op, 351217200.00 ns, 16.9426 ns/op
WorkloadActual   9: 20729856 op, 289087900.00 ns, 13.9455 ns/op

// AfterActualRun
// BeforeExtraIteration
// AfterExtraIteration
WorkloadExtra    1: 20729856 op, 297687400.00 ns, 14.3603 ns/op
WorkloadResult   1: 20729856 op, 304746200.00 ns, 14.7008 ns/op
WorkloadResult   2: 20729856 op, 309846600.00 ns, 14.9469 ns/op
WorkloadResult   3: 20729856 op, 284218100.00 ns, 13.7106 ns/op
WorkloadResult   4: 20729856 op, 305507700.00 ns, 14.7376 ns/op
WorkloadResult   5: 20729856 op, 279674300.00 ns, 13.4914 ns/op
WorkloadResult   6: 20729856 op, 304242500.00 ns, 14.6765 ns/op
WorkloadResult   7: 20729856 op, 289087900.00 ns, 13.9455 ns/op
// GC:  0 0 0 0 20729856

// AfterAll
// Benchmark Process 251544 has exited with code 0.

Mean = 14.316 ns, StdErr = 0.220 ns (1.54%), N = 7, StdDev = 0.583 ns
Min = 13.491 ns, Q1 = 13.828 ns, Median = 14.677 ns, Q3 = 14.719 ns, Max = 14.947 ns
IQR = 0.891 ns, LowerFence = 12.491 ns, UpperFence = 16.056 ns
ConfidenceInterval = [13.003 ns; 15.628 ns] (CI 99.9%), Margin = 1.313 ns (9.17% of Mean)
Skewness = -0.29, Kurtosis = 1.05, MValue = 3.5

// ** Remained 38 (79.2%) benchmark(s) to run. Estimated finish 2026-09-20 10:32 (0h 5m from now) **
Setup power plan (GUID: 8c5e7fda-e8bf-4a96-9a85-a6e23a8c635c FriendlyName: High performance)
// **************************
// Benchmark: DeferredChunkReads.CompressedMisses: Job-MIBMUQ(IterationCount=9, IterationTime=250ms, LaunchCount=1, WarmupCount=5) [PendingCount=1, Pattern=Terrain]
// *** Execute ***
// Launch: 1 / 1
// Execute: dotnet Tedd.Voxtree.Benchmark-Job-MIBMUQ-1.dll --ipcPort 52059 --benchmarkName "Tedd.Voxtree.Benchmark.Tests.DeferredChunkReads.CompressedMisses(PendingCount: 1, Pattern: Terrain)" --job "IterationCount=9, IterationTime=250ms, LaunchCount=1, WarmupCount=5" --diagnoserRunMode 3 --benchmarkId 10 in C:\Users\tedd\.codex\worktrees\deferred-chunk-writes\Tedd.Voxtree\src\Tedd.Voxtree.Benchmark\bin\Release\net10.0\Tedd.Voxtree.Benchmark-Job-MIBMUQ-1\bin\Release\net10.0
// BeforeAnythingElse

// Benchmark Process Environment Information:
// BenchmarkDotNet v0.16.0-preview.1
// Runtime=.NET 10.0.12 (10.0.12, 10.0.1226.42308), X64 RyuJIT x86-64-v3
// GC=Concurrent Workstation
// HardwareIntrinsics=AVX2+BMI1+BMI2+F16C+FMA+LZCNT+MOVBE,AVX,SSE3+SSSE3+SSE4.1+SSE4.2+POPCNT,X86Base+SSE+SSE2,AES+PCLMUL VectorSize=256
// Job: Job-MIBMUQ(IterationCount=9, IterationTime=250ms, LaunchCount=1, WarmupCount=5)

WorkloadJitting  1: 256 op, 86800.00 ns, 339.0625 ns/op
WorkloadJitting  2: 7680 op, 2596000.00 ns, 338.0208 ns/op
WorkloadJitting  3: 7680 op, 1672500.00 ns, 217.7734 ns/op
WorkloadJitting  4: 7680 op, 150400.00 ns, 19.5833 ns/op
WorkloadJitting  5: 256 op, 12900.00 ns, 50.3906 ns/op

WorkloadPilot    1: 256 op, 11800.00 ns, 46.0938 ns/op

WorkloadPilot    1: 4096 op, 85600.00 ns, 20.8984 ns/op
WorkloadPilot    2: 11964416 op, 215793100.00 ns, 18.0362 ns/op
WorkloadPilot    3: 13860864 op, 253459200.00 ns, 18.2860 ns/op
WorkloadPilot    4: 13672448 op, 248557200.00 ns, 18.1794 ns/op
WorkloadPilot    5: 13754368 op, 248072000.00 ns, 18.0359 ns/op
WorkloadPilot    6: 13864960 op, 249908900.00 ns, 18.0245 ns/op
WorkloadPilot    7: 13873152 op, 250322300.00 ns, 18.0437 ns/op
WorkloadPilot    8: 13856768 op, 250402000.00 ns, 18.0707 ns/op

WorkloadWarmup   1: 13856768 op, 266347800.00 ns, 19.2215 ns/op
WorkloadWarmup   2: 13856768 op, 388905900.00 ns, 28.0661 ns/op
WorkloadWarmup   3: 13856768 op, 335024200.00 ns, 24.1777 ns/op
WorkloadWarmup   4: 13856768 op, 301795900.00 ns, 21.7797 ns/op
WorkloadWarmup   5: 13856768 op, 338201600.00 ns, 24.4070 ns/op

// BeforeActualRun
WorkloadActual   1: 13856768 op, 296142300.00 ns, 21.3717 ns/op
WorkloadActual   2: 13856768 op, 312024600.00 ns, 22.5178 ns/op
WorkloadActual   3: 13856768 op, 309861300.00 ns, 22.3617 ns/op
WorkloadActual   4: 13856768 op, 300920600.00 ns, 21.7165 ns/op
WorkloadActual   5: 13856768 op, 314441200.00 ns, 22.6922 ns/op
WorkloadActual   6: 13856768 op, 418234900.00 ns, 30.1827 ns/op
WorkloadActual   7: 13856768 op, 345750200.00 ns, 24.9517 ns/op
WorkloadActual   8: 13856768 op, 303383400.00 ns, 21.8942 ns/op
WorkloadActual   9: 13856768 op, 305884600.00 ns, 22.0747 ns/op

// AfterActualRun
// BeforeExtraIteration
// AfterExtraIteration
WorkloadExtra    1: 13856768 op, 369964200.00 ns, 26.6992 ns/op
WorkloadResult   1: 13856768 op, 296142300.00 ns, 21.3717 ns/op
WorkloadResult   2: 13856768 op, 312024600.00 ns, 22.5178 ns/op
WorkloadResult   3: 13856768 op, 309861300.00 ns, 22.3617 ns/op
WorkloadResult   4: 13856768 op, 300920600.00 ns, 21.7165 ns/op
WorkloadResult   5: 13856768 op, 314441200.00 ns, 22.6922 ns/op
WorkloadResult   6: 13856768 op, 303383400.00 ns, 21.8942 ns/op
WorkloadResult   7: 13856768 op, 305884600.00 ns, 22.0747 ns/op
// GC:  0 0 0 0 13856768

// AfterAll
// Benchmark Process 353240 has exited with code 0.

Mean = 22.090 ns, StdErr = 0.177 ns (0.80%), N = 7, StdDev = 0.468 ns
Min = 21.372 ns, Q1 = 21.805 ns, Median = 22.075 ns, Q3 = 22.440 ns, Max = 22.692 ns
IQR = 0.634 ns, LowerFence = 20.854 ns, UpperFence = 23.391 ns
ConfidenceInterval = [21.036 ns; 23.144 ns] (CI 99.9%), Margin = 1.054 ns (4.77% of Mean)
Skewness = -0.16, Kurtosis = 1.36, MValue = 2

// ** Remained 37 (77.1%) benchmark(s) to run. Estimated finish 2026-09-20 10:32 (0h 4m from now) **
Setup power plan (GUID: 8c5e7fda-e8bf-4a96-9a85-a6e23a8c635c FriendlyName: High performance)
// **************************
// Benchmark: DeferredChunkReads.DeferredMisses: Job-MIBMUQ(IterationCount=9, IterationTime=250ms, LaunchCount=1, WarmupCount=5) [PendingCount=1, Pattern=Terrain]
// *** Execute ***
// Launch: 1 / 1
// Execute: dotnet Tedd.Voxtree.Benchmark-Job-MIBMUQ-1.dll --ipcPort 52064 --benchmarkName "Tedd.Voxtree.Benchmark.Tests.DeferredChunkReads.DeferredMisses(PendingCount: 1, Pattern: Terrain)" --job "IterationCount=9, IterationTime=250ms, LaunchCount=1, WarmupCount=5" --diagnoserRunMode 3 --benchmarkId 11 in C:\Users\tedd\.codex\worktrees\deferred-chunk-writes\Tedd.Voxtree\src\Tedd.Voxtree.Benchmark\bin\Release\net10.0\Tedd.Voxtree.Benchmark-Job-MIBMUQ-1\bin\Release\net10.0
// BeforeAnythingElse

// Benchmark Process Environment Information:
// BenchmarkDotNet v0.16.0-preview.1
// Runtime=.NET 10.0.12 (10.0.12, 10.0.1226.42308), X64 RyuJIT x86-64-v3
// GC=Concurrent Workstation
// HardwareIntrinsics=AVX2+BMI1+BMI2+F16C+FMA+LZCNT+MOVBE,AVX,SSE3+SSSE3+SSE4.1+SSE4.2+POPCNT,X86Base+SSE+SSE2,AES+PCLMUL VectorSize=256
// Job: Job-MIBMUQ(IterationCount=9, IterationTime=250ms, LaunchCount=1, WarmupCount=5)

WorkloadJitting  1: 256 op, 129500.00 ns, 505.8594 ns/op
WorkloadJitting  2: 7680 op, 3118800.00 ns, 406.0938 ns/op
WorkloadJitting  3: 7680 op, 2501500.00 ns, 325.7161 ns/op
WorkloadJitting  4: 7680 op, 205300.00 ns, 26.7318 ns/op
WorkloadJitting  5: 256 op, 14500.00 ns, 56.6406 ns/op

WorkloadPilot    1: 256 op, 13800.00 ns, 53.9063 ns/op

WorkloadPilot    1: 4096 op, 113900.00 ns, 27.8076 ns/op
WorkloadPilot    2: 8990720 op, 231323100.00 ns, 25.7291 ns/op
WorkloadPilot    3: 9719808 op, 250161300.00 ns, 25.7373 ns/op
WorkloadPilot    4: 9715712 op, 249754600.00 ns, 25.7063 ns/op
WorkloadPilot    5: 9728000 op, 250137900.00 ns, 25.7132 ns/op
WorkloadPilot    6: 9723904 op, 249536800.00 ns, 25.6622 ns/op
WorkloadPilot    7: 9744384 op, 250416400.00 ns, 25.6985 ns/op

WorkloadWarmup   1: 9744384 op, 250225700.00 ns, 25.6790 ns/op
WorkloadWarmup   2: 9744384 op, 273059400.00 ns, 28.0222 ns/op
WorkloadWarmup   3: 9744384 op, 367699500.00 ns, 37.7345 ns/op
WorkloadWarmup   4: 9744384 op, 286950800.00 ns, 29.4478 ns/op
WorkloadWarmup   5: 9744384 op, 285593600.00 ns, 29.3085 ns/op

// BeforeActualRun
WorkloadActual   1: 9744384 op, 345456700.00 ns, 35.4519 ns/op
WorkloadActual   2: 9744384 op, 327430400.00 ns, 33.6020 ns/op
WorkloadActual   3: 9744384 op, 300280000.00 ns, 30.8157 ns/op
WorkloadActual   4: 9744384 op, 410113300.00 ns, 42.0871 ns/op
WorkloadActual   5: 9744384 op, 382453100.00 ns, 39.2486 ns/op
WorkloadActual   6: 9744384 op, 349419600.00 ns, 35.8586 ns/op
WorkloadActual   7: 9744384 op, 305303800.00 ns, 31.3313 ns/op
WorkloadActual   8: 9744384 op, 307878900.00 ns, 31.5955 ns/op
WorkloadActual   9: 9744384 op, 303198100.00 ns, 31.1152 ns/op

// AfterActualRun
// BeforeExtraIteration
// AfterExtraIteration
WorkloadExtra    1: 9744384 op, 291967000.00 ns, 29.9626 ns/op
WorkloadResult   1: 9744384 op, 345456700.00 ns, 35.4519 ns/op
WorkloadResult   2: 9744384 op, 327430400.00 ns, 33.6020 ns/op
WorkloadResult   3: 9744384 op, 300280000.00 ns, 30.8157 ns/op
WorkloadResult   4: 9744384 op, 410113300.00 ns, 42.0871 ns/op
WorkloadResult   5: 9744384 op, 382453100.00 ns, 39.2486 ns/op
WorkloadResult   6: 9744384 op, 349419600.00 ns, 35.8586 ns/op
WorkloadResult   7: 9744384 op, 305303800.00 ns, 31.3313 ns/op
WorkloadResult   8: 9744384 op, 307878900.00 ns, 31.5955 ns/op
WorkloadResult   9: 9744384 op, 303198100.00 ns, 31.1152 ns/op
// GC:  0 0 0 0 9744384

// AfterAll
// Benchmark Process 349136 has exited with code 0.

Mean = 34.567 ns, StdErr = 1.329 ns (3.84%), N = 9, StdDev = 3.987 ns
Min = 30.816 ns, Q1 = 31.331 ns, Median = 33.602 ns, Q3 = 35.859 ns, Max = 42.087 ns
IQR = 4.527 ns, LowerFence = 24.540 ns, UpperFence = 42.650 ns
ConfidenceInterval = [27.868 ns; 41.266 ns] (CI 99.9%), Margin = 6.699 ns (19.38% of Mean)
Skewness = 0.66, Kurtosis = 1.85, MValue = 2.33

// ** Remained 36 (75.0%) benchmark(s) to run. Estimated finish 2026-09-20 10:32 (0h 4m from now) **
Setup power plan (GUID: 8c5e7fda-e8bf-4a96-9a85-a6e23a8c635c FriendlyName: High performance)
// **************************
// Benchmark: DeferredChunkReads.CompressedMisses: Job-MIBMUQ(IterationCount=9, IterationTime=250ms, LaunchCount=1, WarmupCount=5) [PendingCount=20, Pattern=Uniform]
// *** Execute ***
// Launch: 1 / 1
// Execute: dotnet Tedd.Voxtree.Benchmark-Job-MIBMUQ-1.dll --ipcPort 52075 --benchmarkName "Tedd.Voxtree.Benchmark.Tests.DeferredChunkReads.CompressedMisses(PendingCount: 20, Pattern: Uniform)" --job "IterationCount=9, IterationTime=250ms, LaunchCount=1, WarmupCount=5" --diagnoserRunMode 3 --benchmarkId 12 in C:\Users\tedd\.codex\worktrees\deferred-chunk-writes\Tedd.Voxtree\src\Tedd.Voxtree.Benchmark\bin\Release\net10.0\Tedd.Voxtree.Benchmark-Job-MIBMUQ-1\bin\Release\net10.0
// BeforeAnythingElse

// Benchmark Process Environment Information:
// BenchmarkDotNet v0.16.0-preview.1
// Runtime=.NET 10.0.12 (10.0.12, 10.0.1226.42308), X64 RyuJIT x86-64-v3
// GC=Concurrent Workstation
// HardwareIntrinsics=AVX2+BMI1+BMI2+F16C+FMA+LZCNT+MOVBE,AVX,SSE3+SSSE3+SSE4.1+SSE4.2+POPCNT,X86Base+SSE+SSE2,AES+PCLMUL VectorSize=256
// Job: Job-MIBMUQ(IterationCount=9, IterationTime=250ms, LaunchCount=1, WarmupCount=5)

WorkloadJitting  1: 256 op, 35800.00 ns, 139.8438 ns/op
WorkloadJitting  2: 7680 op, 566900.00 ns, 73.8151 ns/op
WorkloadJitting  3: 7680 op, 804900.00 ns, 104.8047 ns/op
WorkloadJitting  4: 7680 op, 35200.00 ns, 4.5833 ns/op
WorkloadJitting  5: 256 op, 1500.00 ns, 5.8594 ns/op

WorkloadPilot    1: 256 op, 1300.00 ns, 5.0781 ns/op

WorkloadPilot    1: 4096 op, 20600.00 ns, 5.0293 ns/op
WorkloadPilot    2: 49709056 op, 223698100.00 ns, 4.5001 ns/op
WorkloadPilot    3: 55554048 op, 250357100.00 ns, 4.5066 ns/op
WorkloadPilot    4: 55476224 op, 249970600.00 ns, 4.5059 ns/op
WorkloadPilot    5: 55484416 op, 249656400.00 ns, 4.4996 ns/op
WorkloadPilot    6: 55562240 op, 249795900.00 ns, 4.4958 ns/op
WorkloadPilot    7: 55611392 op, 250271800.00 ns, 4.5004 ns/op
WorkloadPilot    8: 55554048 op, 253411000.00 ns, 4.5615 ns/op

WorkloadWarmup   1: 55554048 op, 269931400.00 ns, 4.8589 ns/op
WorkloadWarmup   2: 55554048 op, 325062300.00 ns, 5.8513 ns/op
WorkloadWarmup   3: 55554048 op, 321545700.00 ns, 5.7880 ns/op
WorkloadWarmup   4: 55554048 op, 275738300.00 ns, 4.9634 ns/op
WorkloadWarmup   5: 55554048 op, 334828700.00 ns, 6.0271 ns/op

// BeforeActualRun
WorkloadActual   1: 55554048 op, 276903500.00 ns, 4.9844 ns/op
WorkloadActual   2: 55554048 op, 279551700.00 ns, 5.0321 ns/op
WorkloadActual   3: 55554048 op, 273316800.00 ns, 4.9198 ns/op
WorkloadActual   4: 55554048 op, 314295100.00 ns, 5.6575 ns/op
WorkloadActual   5: 55554048 op, 275442800.00 ns, 4.9581 ns/op
WorkloadActual   6: 55554048 op, 270740000.00 ns, 4.8735 ns/op
WorkloadActual   7: 55554048 op, 348150800.00 ns, 6.2669 ns/op
WorkloadActual   8: 55554048 op, 285126300.00 ns, 5.1324 ns/op
WorkloadActual   9: 55554048 op, 285737700.00 ns, 5.1434 ns/op

// AfterActualRun
// BeforeExtraIteration
// AfterExtraIteration
WorkloadExtra    1: 55554048 op, 287485700.00 ns, 5.1749 ns/op
WorkloadResult   1: 55554048 op, 276903500.00 ns, 4.9844 ns/op
WorkloadResult   2: 55554048 op, 279551700.00 ns, 5.0321 ns/op
WorkloadResult   3: 55554048 op, 273316800.00 ns, 4.9198 ns/op
WorkloadResult   4: 55554048 op, 275442800.00 ns, 4.9581 ns/op
WorkloadResult   5: 55554048 op, 270740000.00 ns, 4.8735 ns/op
WorkloadResult   6: 55554048 op, 285126300.00 ns, 5.1324 ns/op
WorkloadResult   7: 55554048 op, 285737700.00 ns, 5.1434 ns/op
// GC:  0 0 0 0 55554048

// AfterAll
// Benchmark Process 85728 has exited with code 0.

Mean = 5.006 ns, StdErr = 0.039 ns (0.78%), N = 7, StdDev = 0.103 ns
Min = 4.873 ns, Q1 = 4.939 ns, Median = 4.984 ns, Q3 = 5.082 ns, Max = 5.143 ns
IQR = 0.143 ns, LowerFence = 4.724 ns, UpperFence = 5.297 ns
ConfidenceInterval = [4.775 ns; 5.238 ns] (CI 99.9%), Margin = 0.231 ns (4.62% of Mean)
Skewness = 0.2, Kurtosis = 1.26, MValue = 2

// ** Remained 35 (72.9%) benchmark(s) to run. Estimated finish 2026-09-20 10:32 (0h 4m from now) **
Setup power plan (GUID: 8c5e7fda-e8bf-4a96-9a85-a6e23a8c635c FriendlyName: High performance)
// **************************
// Benchmark: DeferredChunkReads.DeferredMisses: Job-MIBMUQ(IterationCount=9, IterationTime=250ms, LaunchCount=1, WarmupCount=5) [PendingCount=20, Pattern=Uniform]
// *** Execute ***
// Launch: 1 / 1
// Execute: dotnet Tedd.Voxtree.Benchmark-Job-MIBMUQ-1.dll --ipcPort 52084 --benchmarkName "Tedd.Voxtree.Benchmark.Tests.DeferredChunkReads.DeferredMisses(PendingCount: 20, Pattern: Uniform)" --job "IterationCount=9, IterationTime=250ms, LaunchCount=1, WarmupCount=5" --diagnoserRunMode 3 --benchmarkId 13 in C:\Users\tedd\.codex\worktrees\deferred-chunk-writes\Tedd.Voxtree\src\Tedd.Voxtree.Benchmark\bin\Release\net10.0\Tedd.Voxtree.Benchmark-Job-MIBMUQ-1\bin\Release\net10.0
// BeforeAnythingElse

// Benchmark Process Environment Information:
// BenchmarkDotNet v0.16.0-preview.1
// Runtime=.NET 10.0.12 (10.0.12, 10.0.1226.42308), X64 RyuJIT x86-64-v3
// GC=Concurrent Workstation
// HardwareIntrinsics=AVX2+BMI1+BMI2+F16C+FMA+LZCNT+MOVBE,AVX,SSE3+SSSE3+SSE4.1+SSE4.2+POPCNT,X86Base+SSE+SSE2,AES+PCLMUL VectorSize=256
// Job: Job-MIBMUQ(IterationCount=9, IterationTime=250ms, LaunchCount=1, WarmupCount=5)

WorkloadJitting  1: 256 op, 52400.00 ns, 204.6875 ns/op
WorkloadJitting  2: 7680 op, 1124900.00 ns, 146.4714 ns/op
WorkloadJitting  3: 7680 op, 1497400.00 ns, 194.9740 ns/op
WorkloadJitting  4: 7680 op, 95400.00 ns, 12.4219 ns/op
WorkloadJitting  5: 256 op, 4200.00 ns, 16.4063 ns/op

WorkloadPilot    1: 256 op, 3600.00 ns, 14.0625 ns/op

WorkloadPilot    1: 4096 op, 51400.00 ns, 12.5488 ns/op
WorkloadPilot    2: 19922944 op, 246641500.00 ns, 12.3798 ns/op
WorkloadPilot    3: 20197376 op, 249993100.00 ns, 12.3775 ns/op
WorkloadPilot    4: 20201472 op, 249497400.00 ns, 12.3505 ns/op
WorkloadPilot    5: 20242432 op, 250125900.00 ns, 12.3565 ns/op
WorkloadPilot    6: 20234240 op, 250201700.00 ns, 12.3653 ns/op
WorkloadPilot    7: 20217856 op, 250775400.00 ns, 12.4037 ns/op

WorkloadWarmup   1: 20217856 op, 249749700.00 ns, 12.3529 ns/op
WorkloadWarmup   2: 20217856 op, 284900900.00 ns, 14.0915 ns/op
WorkloadWarmup   3: 20217856 op, 275790700.00 ns, 13.6409 ns/op
WorkloadWarmup   4: 20217856 op, 286274700.00 ns, 14.1595 ns/op
WorkloadWarmup   5: 20217856 op, 326977500.00 ns, 16.1727 ns/op

// BeforeActualRun
WorkloadActual   1: 20217856 op, 290686100.00 ns, 14.3777 ns/op
WorkloadActual   2: 20217856 op, 293530800.00 ns, 14.5184 ns/op
WorkloadActual   3: 20217856 op, 273869800.00 ns, 13.5459 ns/op
WorkloadActual   4: 20217856 op, 287118800.00 ns, 14.2012 ns/op
WorkloadActual   5: 20217856 op, 294591500.00 ns, 14.5709 ns/op
WorkloadActual   6: 20217856 op, 337927500.00 ns, 16.7143 ns/op
WorkloadActual   7: 20217856 op, 323314200.00 ns, 15.9915 ns/op
WorkloadActual   8: 20217856 op, 342502700.00 ns, 16.9406 ns/op
WorkloadActual   9: 20217856 op, 355320000.00 ns, 17.5746 ns/op

// AfterActualRun
// BeforeExtraIteration
// AfterExtraIteration
WorkloadExtra    1: 20217856 op, 411693900.00 ns, 20.3629 ns/op
WorkloadResult   1: 20217856 op, 290686100.00 ns, 14.3777 ns/op
WorkloadResult   2: 20217856 op, 293530800.00 ns, 14.5184 ns/op
WorkloadResult   3: 20217856 op, 273869800.00 ns, 13.5459 ns/op
WorkloadResult   4: 20217856 op, 287118800.00 ns, 14.2012 ns/op
WorkloadResult   5: 20217856 op, 294591500.00 ns, 14.5709 ns/op
WorkloadResult   6: 20217856 op, 337927500.00 ns, 16.7143 ns/op
WorkloadResult   7: 20217856 op, 323314200.00 ns, 15.9915 ns/op
WorkloadResult   8: 20217856 op, 342502700.00 ns, 16.9406 ns/op
WorkloadResult   9: 20217856 op, 355320000.00 ns, 17.5746 ns/op
// GC:  0 0 0 0 20217856

// AfterAll
// Benchmark Process 99392 has exited with code 0.

Mean = 15.382 ns, StdErr = 0.480 ns (3.12%), N = 9, StdDev = 1.439 ns
Min = 13.546 ns, Q1 = 14.378 ns, Median = 14.571 ns, Q3 = 16.714 ns, Max = 17.575 ns
IQR = 2.337 ns, LowerFence = 10.873 ns, UpperFence = 20.219 ns
ConfidenceInterval = [12.964 ns; 17.799 ns] (CI 99.9%), Margin = 2.418 ns (15.72% of Mean)
Skewness = 0.26, Kurtosis = 1.23, MValue = 3.6

// ** Remained 34 (70.8%) benchmark(s) to run. Estimated finish 2026-09-20 10:32 (0h 4m from now) **
Setup power plan (GUID: 8c5e7fda-e8bf-4a96-9a85-a6e23a8c635c FriendlyName: High performance)
// **************************
// Benchmark: DeferredChunkReads.CompressedMisses: Job-MIBMUQ(IterationCount=9, IterationTime=250ms, LaunchCount=1, WarmupCount=5) [PendingCount=20, Pattern=Terrain]
// *** Execute ***
// Launch: 1 / 1
// Execute: dotnet Tedd.Voxtree.Benchmark-Job-MIBMUQ-1.dll --ipcPort 59941 --benchmarkName "Tedd.Voxtree.Benchmark.Tests.DeferredChunkReads.CompressedMisses(PendingCount: 20, Pattern: Terrain)" --job "IterationCount=9, IterationTime=250ms, LaunchCount=1, WarmupCount=5" --diagnoserRunMode 3 --benchmarkId 14 in C:\Users\tedd\.codex\worktrees\deferred-chunk-writes\Tedd.Voxtree\src\Tedd.Voxtree.Benchmark\bin\Release\net10.0\Tedd.Voxtree.Benchmark-Job-MIBMUQ-1\bin\Release\net10.0
// BeforeAnythingElse

// Benchmark Process Environment Information:
// BenchmarkDotNet v0.16.0-preview.1
// Runtime=.NET 10.0.12 (10.0.12, 10.0.1226.42308), X64 RyuJIT x86-64-v3
// GC=Concurrent Workstation
// HardwareIntrinsics=AVX2+BMI1+BMI2+F16C+FMA+LZCNT+MOVBE,AVX,SSE3+SSSE3+SSE4.1+SSE4.2+POPCNT,X86Base+SSE+SSE2,AES+PCLMUL VectorSize=256
// Job: Job-MIBMUQ(IterationCount=9, IterationTime=250ms, LaunchCount=1, WarmupCount=5)

WorkloadJitting  1: 256 op, 100400.00 ns, 392.1875 ns/op
WorkloadJitting  2: 7680 op, 2579100.00 ns, 335.8203 ns/op
WorkloadJitting  3: 7680 op, 1698500.00 ns, 221.1589 ns/op
WorkloadJitting  4: 7680 op, 153900.00 ns, 20.0391 ns/op
WorkloadJitting  5: 256 op, 12400.00 ns, 48.4375 ns/op

WorkloadPilot    1: 256 op, 13200.00 ns, 51.5625 ns/op

WorkloadPilot    1: 4096 op, 87400.00 ns, 21.3379 ns/op
WorkloadPilot    2: 11718656 op, 215833700.00 ns, 18.4180 ns/op
WorkloadPilot    3: 13574144 op, 249190100.00 ns, 18.3577 ns/op
WorkloadPilot    4: 13619200 op, 251184400.00 ns, 18.4434 ns/op
WorkloadPilot    5: 13557760 op, 249825100.00 ns, 18.4267 ns/op
WorkloadPilot    6: 13570048 op, 249978200.00 ns, 18.4213 ns/op
WorkloadPilot    7: 13574144 op, 249829500.00 ns, 18.4048 ns/op
WorkloadPilot    8: 13586432 op, 248998500.00 ns, 18.3270 ns/op
WorkloadPilot    9: 13643776 op, 259469400.00 ns, 19.0174 ns/op
WorkloadPilot   10: 13148160 op, 342842200.00 ns, 26.0753 ns/op

WorkloadWarmup   1: 13148160 op, 288732700.00 ns, 21.9599 ns/op
WorkloadWarmup   2: 13148160 op, 289882500.00 ns, 22.0474 ns/op
WorkloadWarmup   3: 13148160 op, 358053900.00 ns, 27.2322 ns/op
WorkloadWarmup   4: 13148160 op, 301287900.00 ns, 22.9148 ns/op
WorkloadWarmup   5: 13148160 op, 318363200.00 ns, 24.2135 ns/op

// BeforeActualRun
WorkloadActual   1: 13148160 op, 281773900.00 ns, 21.4307 ns/op
WorkloadActual   2: 13148160 op, 305667000.00 ns, 23.2479 ns/op
WorkloadActual   3: 13148160 op, 286260800.00 ns, 21.7719 ns/op
WorkloadActual   4: 13148160 op, 347274600.00 ns, 26.4124 ns/op
WorkloadActual   5: 13148160 op, 286169600.00 ns, 21.7650 ns/op
WorkloadActual   6: 13148160 op, 276202100.00 ns, 21.0069 ns/op
WorkloadActual   7: 13148160 op, 287008600.00 ns, 21.8288 ns/op
WorkloadActual   8: 13148160 op, 313850800.00 ns, 23.8703 ns/op
WorkloadActual   9: 13148160 op, 327699100.00 ns, 24.9236 ns/op

// AfterActualRun
// BeforeExtraIteration
// AfterExtraIteration
WorkloadExtra    1: 13148160 op, 280545900.00 ns, 21.3373 ns/op
WorkloadResult   1: 13148160 op, 281773900.00 ns, 21.4307 ns/op
WorkloadResult   2: 13148160 op, 305667000.00 ns, 23.2479 ns/op
WorkloadResult   3: 13148160 op, 286260800.00 ns, 21.7719 ns/op
WorkloadResult   4: 13148160 op, 347274600.00 ns, 26.4124 ns/op
WorkloadResult   5: 13148160 op, 286169600.00 ns, 21.7650 ns/op
WorkloadResult   6: 13148160 op, 276202100.00 ns, 21.0069 ns/op
WorkloadResult   7: 13148160 op, 287008600.00 ns, 21.8288 ns/op
WorkloadResult   8: 13148160 op, 313850800.00 ns, 23.8703 ns/op
WorkloadResult   9: 13148160 op, 327699100.00 ns, 24.9236 ns/op
// GC:  0 0 0 0 13148160

// AfterAll
// Benchmark Process 501868 has exited with code 0.

Mean = 22.917 ns, StdErr = 0.612 ns (2.67%), N = 9, StdDev = 1.835 ns
Min = 21.007 ns, Q1 = 21.765 ns, Median = 21.829 ns, Q3 = 23.870 ns, Max = 26.412 ns
IQR = 2.105 ns, LowerFence = 18.607 ns, UpperFence = 27.028 ns
ConfidenceInterval = [19.834 ns; 26.001 ns] (CI 99.9%), Margin = 3.084 ns (13.46% of Mean)
Skewness = 0.67, Kurtosis = 1.85, MValue = 2

// ** Remained 33 (68.8%) benchmark(s) to run. Estimated finish 2026-09-20 10:32 (0h 4m from now) **
Setup power plan (GUID: 8c5e7fda-e8bf-4a96-9a85-a6e23a8c635c FriendlyName: High performance)
// **************************
// Benchmark: DeferredChunkReads.DeferredMisses: Job-MIBMUQ(IterationCount=9, IterationTime=250ms, LaunchCount=1, WarmupCount=5) [PendingCount=20, Pattern=Terrain]
// *** Execute ***
// Launch: 1 / 1
// Execute: dotnet Tedd.Voxtree.Benchmark-Job-MIBMUQ-1.dll --ipcPort 59948 --benchmarkName "Tedd.Voxtree.Benchmark.Tests.DeferredChunkReads.DeferredMisses(PendingCount: 20, Pattern: Terrain)" --job "IterationCount=9, IterationTime=250ms, LaunchCount=1, WarmupCount=5" --diagnoserRunMode 3 --benchmarkId 15 in C:\Users\tedd\.codex\worktrees\deferred-chunk-writes\Tedd.Voxtree\src\Tedd.Voxtree.Benchmark\bin\Release\net10.0\Tedd.Voxtree.Benchmark-Job-MIBMUQ-1\bin\Release\net10.0
// BeforeAnythingElse

// Benchmark Process Environment Information:
// BenchmarkDotNet v0.16.0-preview.1
// Runtime=.NET 10.0.12 (10.0.12, 10.0.1226.42308), X64 RyuJIT x86-64-v3
// GC=Concurrent Workstation
// HardwareIntrinsics=AVX2+BMI1+BMI2+F16C+FMA+LZCNT+MOVBE,AVX,SSE3+SSSE3+SSE4.1+SSE4.2+POPCNT,X86Base+SSE+SSE2,AES+PCLMUL VectorSize=256
// Job: Job-MIBMUQ(IterationCount=9, IterationTime=250ms, LaunchCount=1, WarmupCount=5)

WorkloadJitting  1: 256 op, 131800.00 ns, 514.8438 ns/op
WorkloadJitting  2: 7680 op, 3290700.00 ns, 428.4766 ns/op
WorkloadJitting  3: 7680 op, 2209000.00 ns, 287.6302 ns/op
WorkloadJitting  4: 7680 op, 209100.00 ns, 27.2266 ns/op
WorkloadJitting  5: 256 op, 14300.00 ns, 55.8594 ns/op

WorkloadPilot    1: 256 op, 12800.00 ns, 50.0000 ns/op

WorkloadPilot    1: 4096 op, 114500.00 ns, 27.9541 ns/op
WorkloadPilot    2: 8945664 op, 233941100.00 ns, 26.1513 ns/op
WorkloadPilot    3: 9560064 op, 250382000.00 ns, 26.1904 ns/op
WorkloadPilot    4: 9547776 op, 250316700.00 ns, 26.2173 ns/op
WorkloadPilot    5: 9539584 op, 249461200.00 ns, 26.1501 ns/op
WorkloadPilot    6: 9560064 op, 250081100.00 ns, 26.1589 ns/op

WorkloadWarmup   1: 9560064 op, 250029800.00 ns, 26.1536 ns/op
WorkloadWarmup   2: 9560064 op, 251390600.00 ns, 26.2959 ns/op
WorkloadWarmup   3: 9560064 op, 277539200.00 ns, 29.0311 ns/op
WorkloadWarmup   4: 9560064 op, 322265800.00 ns, 33.7096 ns/op
WorkloadWarmup   5: 9560064 op, 291859000.00 ns, 30.5290 ns/op

// BeforeActualRun
WorkloadActual   1: 9560064 op, 310561500.00 ns, 32.4853 ns/op
WorkloadActual   2: 9560064 op, 300474400.00 ns, 31.4302 ns/op
WorkloadActual   3: 9560064 op, 330885900.00 ns, 34.6113 ns/op
WorkloadActual   4: 9560064 op, 296235300.00 ns, 30.9867 ns/op
WorkloadActual   5: 9560064 op, 291247000.00 ns, 30.4650 ns/op
WorkloadActual   6: 9560064 op, 373941700.00 ns, 39.1150 ns/op
WorkloadActual   7: 9560064 op, 348709100.00 ns, 36.4756 ns/op
WorkloadActual   8: 9560064 op, 285834300.00 ns, 29.8988 ns/op
WorkloadActual   9: 9560064 op, 351575600.00 ns, 36.7754 ns/op

// AfterActualRun
// BeforeExtraIteration
// AfterExtraIteration
WorkloadExtra    1: 9560064 op, 319704700.00 ns, 33.4417 ns/op
WorkloadResult   1: 9560064 op, 310561500.00 ns, 32.4853 ns/op
WorkloadResult   2: 9560064 op, 300474400.00 ns, 31.4302 ns/op
WorkloadResult   3: 9560064 op, 330885900.00 ns, 34.6113 ns/op
WorkloadResult   4: 9560064 op, 296235300.00 ns, 30.9867 ns/op
WorkloadResult   5: 9560064 op, 291247000.00 ns, 30.4650 ns/op
WorkloadResult   6: 9560064 op, 373941700.00 ns, 39.1150 ns/op
WorkloadResult   7: 9560064 op, 348709100.00 ns, 36.4756 ns/op
WorkloadResult   8: 9560064 op, 285834300.00 ns, 29.8988 ns/op
WorkloadResult   9: 9560064 op, 351575600.00 ns, 36.7754 ns/op
// GC:  0 0 0 0 9560064

// AfterAll
// Benchmark Process 202092 has exited with code 0.

Mean = 33.583 ns, StdErr = 1.094 ns (3.26%), N = 9, StdDev = 3.281 ns
Min = 29.899 ns, Q1 = 30.987 ns, Median = 32.485 ns, Q3 = 36.476 ns, Max = 39.115 ns
IQR = 5.489 ns, LowerFence = 22.753 ns, UpperFence = 44.709 ns
ConfidenceInterval = [28.070 ns; 39.095 ns] (CI 99.9%), Margin = 5.513 ns (16.42% of Mean)
Skewness = 0.37, Kurtosis = 1.4, MValue = 2

// ** Remained 32 (66.7%) benchmark(s) to run. Estimated finish 2026-09-20 10:32 (0h 4m from now) **
Successfully reverted power plan (GUID: 8c5e7fda-e8bf-4a96-9a85-a6e23a8c635c FriendlyName: High performance)
// ***** BenchmarkRunner: Finish  *****

// * Export *
  src\Tedd.Voxtree.Benchmark\Results\2026-09-20-deferred-writes\confirm\results\Tedd.Voxtree.Benchmark.Tests.DeferredChunkReads-report.csv
  src\Tedd.Voxtree.Benchmark\Results\2026-09-20-deferred-writes\confirm\results\Tedd.Voxtree.Benchmark.Tests.DeferredChunkReads-report-github.md
  src\Tedd.Voxtree.Benchmark\Results\2026-09-20-deferred-writes\confirm\results\Tedd.Voxtree.Benchmark.Tests.DeferredChunkReads-report.html

// * Detailed results *
DeferredChunkReads.HotHits: Job-MIBMUQ(IterationCount=9, IterationTime=250ms, LaunchCount=1, WarmupCount=5) [PendingCount=1, Pattern=Uniform]
Runtime = .NET 10.0.12 (10.0.12, 10.0.1226.42308), X64 RyuJIT x86-64-v3; GC = Concurrent Workstation
Mean = 5.445 ns, StdErr = 0.162 ns (2.98%), N = 7, StdDev = 0.430 ns
Min = 4.871 ns, Q1 = 5.083 ns, Median = 5.578 ns, Q3 = 5.789 ns, Max = 5.921 ns
IQR = 0.706 ns, LowerFence = 4.024 ns, UpperFence = 6.847 ns
ConfidenceInterval = [4.477 ns; 6.412 ns] (CI 99.9%), Margin = 0.968 ns (17.77% of Mean)
Skewness = -0.22, Kurtosis = 1.05, MValue = 2
-------------------- Histogram --------------------
[4.744 ns ; 5.455 ns) | @@@
[5.455 ns ; 6.044 ns) | @@@@
---------------------------------------------------

DeferredChunkReads.DeferredHits: Job-MIBMUQ(IterationCount=9, IterationTime=250ms, LaunchCount=1, WarmupCount=5) [PendingCount=1, Pattern=Uniform]
Runtime = .NET 10.0.12 (10.0.12, 10.0.1226.42308), X64 RyuJIT x86-64-v3; GC = Concurrent Workstation
Mean = 7.771 ns, StdErr = 0.339 ns (4.36%), N = 9, StdDev = 1.016 ns
Min = 6.709 ns, Q1 = 6.832 ns, Median = 7.548 ns, Q3 = 8.781 ns, Max = 9.066 ns
IQR = 1.949 ns, LowerFence = 3.909 ns, UpperFence = 11.704 ns
ConfidenceInterval = [6.064 ns; 9.479 ns] (CI 99.9%), Margin = 1.707 ns (21.97% of Mean)
Skewness = 0.15, Kurtosis = 0.99, MValue = 2
-------------------- Histogram --------------------
[6.487 ns ; 7.769 ns) | @@@@@
[7.769 ns ; 9.358 ns) | @@@@
---------------------------------------------------

DeferredChunkReads.HotHits: Job-MIBMUQ(IterationCount=9, IterationTime=250ms, LaunchCount=1, WarmupCount=5) [PendingCount=1, Pattern=Terrain]
Runtime = .NET 10.0.12 (10.0.12, 10.0.1226.42308), X64 RyuJIT x86-64-v3; GC = Concurrent Workstation
Mean = 4.511 ns, StdErr = 0.001 ns (0.03%), N = 8, StdDev = 0.004 ns
Min = 4.506 ns, Q1 = 4.507 ns, Median = 4.512 ns, Q3 = 4.514 ns, Max = 4.516 ns
IQR = 0.007 ns, LowerFence = 4.498 ns, UpperFence = 4.524 ns
ConfidenceInterval = [4.504 ns; 4.518 ns] (CI 99.9%), Margin = 0.007 ns (0.16% of Mean)
Skewness = -0.26, Kurtosis = 1.16, MValue = 2
-------------------- Histogram --------------------
[4.503 ns ; 4.518 ns) | @@@@@@@@
---------------------------------------------------

DeferredChunkReads.DeferredHits: Job-MIBMUQ(IterationCount=9, IterationTime=250ms, LaunchCount=1, WarmupCount=5) [PendingCount=1, Pattern=Terrain]
Runtime = .NET 10.0.12 (10.0.12, 10.0.1226.42308), X64 RyuJIT x86-64-v3; GC = Concurrent Workstation
Mean = 7.167 ns, StdErr = 0.203 ns (2.84%), N = 9, StdDev = 0.610 ns
Min = 6.317 ns, Q1 = 6.738 ns, Median = 7.027 ns, Q3 = 7.659 ns, Max = 8.026 ns
IQR = 0.921 ns, LowerFence = 5.356 ns, UpperFence = 9.041 ns
ConfidenceInterval = [6.142 ns; 8.192 ns] (CI 99.9%), Margin = 1.025 ns (14.30% of Mean)
Skewness = 0.23, Kurtosis = 1.42, MValue = 2
-------------------- Histogram --------------------
[5.932 ns ; 6.502 ns) | @
[6.502 ns ; 7.271 ns) | @@@@@
[7.271 ns ; 8.227 ns) | @@@
---------------------------------------------------

DeferredChunkReads.HotHits: Job-MIBMUQ(IterationCount=9, IterationTime=250ms, LaunchCount=1, WarmupCount=5) [PendingCount=20, Pattern=Uniform]
Runtime = .NET 10.0.12 (10.0.12, 10.0.1226.42308), X64 RyuJIT x86-64-v3; GC = Concurrent Workstation
Mean = 6.004 ns, StdErr = 0.271 ns (4.52%), N = 9, StdDev = 0.814 ns
Min = 4.984 ns, Q1 = 5.256 ns, Median = 6.304 ns, Q3 = 6.751 ns, Max = 6.834 ns
IQR = 1.496 ns, LowerFence = 3.012 ns, UpperFence = 8.995 ns
ConfidenceInterval = [4.636 ns; 7.372 ns] (CI 99.9%), Margin = 1.368 ns (22.78% of Mean)
Skewness = -0.14, Kurtosis = 0.91, MValue = 3.6
-------------------- Histogram --------------------
[4.611 ns ; 5.638 ns) | @@@@
[5.638 ns ; 6.056 ns) | 
[6.056 ns ; 7.083 ns) | @@@@@
---------------------------------------------------

DeferredChunkReads.DeferredHits: Job-MIBMUQ(IterationCount=9, IterationTime=250ms, LaunchCount=1, WarmupCount=5) [PendingCount=20, Pattern=Uniform]
Runtime = .NET 10.0.12 (10.0.12, 10.0.1226.42308), X64 RyuJIT x86-64-v3; GC = Concurrent Workstation
Mean = 7.979 ns, StdErr = 0.164 ns (2.05%), N = 8, StdDev = 0.463 ns
Min = 7.435 ns, Q1 = 7.706 ns, Median = 7.888 ns, Q3 = 8.096 ns, Max = 8.914 ns
IQR = 0.390 ns, LowerFence = 7.121 ns, UpperFence = 8.681 ns
ConfidenceInterval = [7.094 ns; 8.865 ns] (CI 99.9%), Margin = 0.885 ns (11.10% of Mean)
Skewness = 0.8, Kurtosis = 2.41, MValue = 2
-------------------- Histogram --------------------
[7.422 ns ; 8.030 ns) | @@@@@@
[8.030 ns ; 8.318 ns) | 
[8.318 ns ; 8.926 ns) | @@
---------------------------------------------------

DeferredChunkReads.HotHits: Job-MIBMUQ(IterationCount=9, IterationTime=250ms, LaunchCount=1, WarmupCount=5) [PendingCount=20, Pattern=Terrain]
Runtime = .NET 10.0.12 (10.0.12, 10.0.1226.42308), X64 RyuJIT x86-64-v3; GC = Concurrent Workstation
Mean = 5.498 ns, StdErr = 0.061 ns (1.12%), N = 8, StdDev = 0.174 ns
Min = 5.267 ns, Q1 = 5.353 ns, Median = 5.511 ns, Q3 = 5.590 ns, Max = 5.763 ns
IQR = 0.238 ns, LowerFence = 4.996 ns, UpperFence = 5.947 ns
ConfidenceInterval = [5.167 ns; 5.830 ns] (CI 99.9%), Margin = 0.332 ns (6.04% of Mean)
Skewness = 0.14, Kurtosis = 1.41, MValue = 2
-------------------- Histogram --------------------
[5.199 ns ; 5.485 ns) | @@@
[5.485 ns ; 5.712 ns) | @@@@
[5.712 ns ; 5.877 ns) | @
---------------------------------------------------

DeferredChunkReads.DeferredHits: Job-MIBMUQ(IterationCount=9, IterationTime=250ms, LaunchCount=1, WarmupCount=5) [PendingCount=20, Pattern=Terrain]
Runtime = .NET 10.0.12 (10.0.12, 10.0.1226.42308), X64 RyuJIT x86-64-v3; GC = Concurrent Workstation
Mean = 8.404 ns, StdErr = 0.193 ns (2.30%), N = 9, StdDev = 0.579 ns
Min = 7.155 ns, Q1 = 8.245 ns, Median = 8.571 ns, Q3 = 8.735 ns, Max = 9.110 ns
IQR = 0.489 ns, LowerFence = 7.511 ns, UpperFence = 9.469 ns
ConfidenceInterval = [7.431 ns; 9.377 ns] (CI 99.9%), Margin = 0.973 ns (11.58% of Mean)
Skewness = -0.88, Kurtosis = 2.74, MValue = 2
-------------------- Histogram --------------------
[6.790 ns ; 7.521 ns) | @
[7.521 ns ; 8.180 ns) | @
[8.180 ns ; 8.910 ns) | @@@@@@
[8.910 ns ; 9.475 ns) | @
---------------------------------------------------

DeferredChunkReads.CompressedMisses: Job-MIBMUQ(IterationCount=9, IterationTime=250ms, LaunchCount=1, WarmupCount=5) [PendingCount=1, Pattern=Uniform]
Runtime = .NET 10.0.12 (10.0.12, 10.0.1226.42308), X64 RyuJIT x86-64-v3; GC = Concurrent Workstation
Mean = 5.627 ns, StdErr = 0.112 ns (1.99%), N = 8, StdDev = 0.316 ns
Min = 5.155 ns, Q1 = 5.425 ns, Median = 5.644 ns, Q3 = 5.768 ns, Max = 6.096 ns
IQR = 0.343 ns, LowerFence = 4.911 ns, UpperFence = 6.282 ns
ConfidenceInterval = [5.023 ns; 6.231 ns] (CI 99.9%), Margin = 0.604 ns (10.74% of Mean)
Skewness = 0.07, Kurtosis = 1.56, MValue = 2
-------------------- Histogram --------------------
[4.948 ns ; 5.307 ns) | @
[5.307 ns ; 5.837 ns) | @@@@@
[5.837 ns ; 6.304 ns) | @@
---------------------------------------------------

DeferredChunkReads.DeferredMisses: Job-MIBMUQ(IterationCount=9, IterationTime=250ms, LaunchCount=1, WarmupCount=5) [PendingCount=1, Pattern=Uniform]
Runtime = .NET 10.0.12 (10.0.12, 10.0.1226.42308), X64 RyuJIT x86-64-v3; GC = Concurrent Workstation
Mean = 14.316 ns, StdErr = 0.220 ns (1.54%), N = 7, StdDev = 0.583 ns
Min = 13.491 ns, Q1 = 13.828 ns, Median = 14.677 ns, Q3 = 14.719 ns, Max = 14.947 ns
IQR = 0.891 ns, LowerFence = 12.491 ns, UpperFence = 16.056 ns
ConfidenceInterval = [13.003 ns; 15.628 ns] (CI 99.9%), Margin = 1.313 ns (9.17% of Mean)
Skewness = -0.29, Kurtosis = 1.05, MValue = 3.5
-------------------- Histogram --------------------
[13.319 ns ; 14.118 ns) | @@@
[14.118 ns ; 14.412 ns) | 
[14.412 ns ; 15.347 ns) | @@@@
---------------------------------------------------

DeferredChunkReads.CompressedMisses: Job-MIBMUQ(IterationCount=9, IterationTime=250ms, LaunchCount=1, WarmupCount=5) [PendingCount=1, Pattern=Terrain]
Runtime = .NET 10.0.12 (10.0.12, 10.0.1226.42308), X64 RyuJIT x86-64-v3; GC = Concurrent Workstation
Mean = 22.090 ns, StdErr = 0.177 ns (0.80%), N = 7, StdDev = 0.468 ns
Min = 21.372 ns, Q1 = 21.805 ns, Median = 22.075 ns, Q3 = 22.440 ns, Max = 22.692 ns
IQR = 0.634 ns, LowerFence = 20.854 ns, UpperFence = 23.391 ns
ConfidenceInterval = [21.036 ns; 23.144 ns] (CI 99.9%), Margin = 1.054 ns (4.77% of Mean)
Skewness = -0.16, Kurtosis = 1.36, MValue = 2
-------------------- Histogram --------------------
[21.312 ns ; 22.062 ns) | @@@
[22.062 ns ; 22.704 ns) | @@@@
---------------------------------------------------

DeferredChunkReads.DeferredMisses: Job-MIBMUQ(IterationCount=9, IterationTime=250ms, LaunchCount=1, WarmupCount=5) [PendingCount=1, Pattern=Terrain]
Runtime = .NET 10.0.12 (10.0.12, 10.0.1226.42308), X64 RyuJIT x86-64-v3; GC = Concurrent Workstation
Mean = 34.567 ns, StdErr = 1.329 ns (3.84%), N = 9, StdDev = 3.987 ns
Min = 30.816 ns, Q1 = 31.331 ns, Median = 33.602 ns, Q3 = 35.859 ns, Max = 42.087 ns
IQR = 4.527 ns, LowerFence = 24.540 ns, UpperFence = 42.650 ns
ConfidenceInterval = [27.868 ns; 41.266 ns] (CI 99.9%), Margin = 6.699 ns (19.38% of Mean)
Skewness = 0.66, Kurtosis = 1.85, MValue = 2.33
-------------------- Histogram --------------------
[30.618 ns ; 35.649 ns) | @@@@@@
[35.649 ns ; 38.152 ns) | @
[38.152 ns ; 43.183 ns) | @@
---------------------------------------------------

DeferredChunkReads.CompressedMisses: Job-MIBMUQ(IterationCount=9, IterationTime=250ms, LaunchCount=1, WarmupCount=5) [PendingCount=20, Pattern=Uniform]
Runtime = .NET 10.0.12 (10.0.12, 10.0.1226.42308), X64 RyuJIT x86-64-v3; GC = Concurrent Workstation
Mean = 5.006 ns, StdErr = 0.039 ns (0.78%), N = 7, StdDev = 0.103 ns
Min = 4.873 ns, Q1 = 4.939 ns, Median = 4.984 ns, Q3 = 5.082 ns, Max = 5.143 ns
IQR = 0.143 ns, LowerFence = 4.724 ns, UpperFence = 5.297 ns
ConfidenceInterval = [4.775 ns; 5.238 ns] (CI 99.9%), Margin = 0.231 ns (4.62% of Mean)
Skewness = 0.2, Kurtosis = 1.26, MValue = 2
-------------------- Histogram --------------------
[4.858 ns ; 4.999 ns) | @@@@
[4.999 ns ; 5.158 ns) | @@@
---------------------------------------------------

DeferredChunkReads.DeferredMisses: Job-MIBMUQ(IterationCount=9, IterationTime=250ms, LaunchCount=1, WarmupCount=5) [PendingCount=20, Pattern=Uniform]
Runtime = .NET 10.0.12 (10.0.12, 10.0.1226.42308), X64 RyuJIT x86-64-v3; GC = Concurrent Workstation
Mean = 15.382 ns, StdErr = 0.480 ns (3.12%), N = 9, StdDev = 1.439 ns
Min = 13.546 ns, Q1 = 14.378 ns, Median = 14.571 ns, Q3 = 16.714 ns, Max = 17.575 ns
IQR = 2.337 ns, LowerFence = 10.873 ns, UpperFence = 20.219 ns
ConfidenceInterval = [12.964 ns; 17.799 ns] (CI 99.9%), Margin = 2.418 ns (15.72% of Mean)
Skewness = 0.26, Kurtosis = 1.23, MValue = 3.6
-------------------- Histogram --------------------
[13.150 ns ; 14.966 ns) | @@@@@
[14.966 ns ; 15.875 ns) | 
[15.875 ns ; 17.691 ns) | @@@@
---------------------------------------------------

DeferredChunkReads.CompressedMisses: Job-MIBMUQ(IterationCount=9, IterationTime=250ms, LaunchCount=1, WarmupCount=5) [PendingCount=20, Pattern=Terrain]
Runtime = .NET 10.0.12 (10.0.12, 10.0.1226.42308), X64 RyuJIT x86-64-v3; GC = Concurrent Workstation
Mean = 22.917 ns, StdErr = 0.612 ns (2.67%), N = 9, StdDev = 1.835 ns
Min = 21.007 ns, Q1 = 21.765 ns, Median = 21.829 ns, Q3 = 23.870 ns, Max = 26.412 ns
IQR = 2.105 ns, LowerFence = 18.607 ns, UpperFence = 27.028 ns
ConfidenceInterval = [19.834 ns; 26.001 ns] (CI 99.9%), Margin = 3.084 ns (13.46% of Mean)
Skewness = 0.67, Kurtosis = 1.85, MValue = 2
-------------------- Histogram --------------------
[20.969 ns ; 23.285 ns) | @@@@@@
[23.285 ns ; 25.555 ns) | @@
[25.555 ns ; 27.571 ns) | @
---------------------------------------------------

DeferredChunkReads.DeferredMisses: Job-MIBMUQ(IterationCount=9, IterationTime=250ms, LaunchCount=1, WarmupCount=5) [PendingCount=20, Pattern=Terrain]
Runtime = .NET 10.0.12 (10.0.12, 10.0.1226.42308), X64 RyuJIT x86-64-v3; GC = Concurrent Workstation
Mean = 33.583 ns, StdErr = 1.094 ns (3.26%), N = 9, StdDev = 3.281 ns
Min = 29.899 ns, Q1 = 30.987 ns, Median = 32.485 ns, Q3 = 36.476 ns, Max = 39.115 ns
IQR = 5.489 ns, LowerFence = 22.753 ns, UpperFence = 44.709 ns
ConfidenceInterval = [28.070 ns; 39.095 ns] (CI 99.9%), Margin = 5.513 ns (16.42% of Mean)
Skewness = 0.37, Kurtosis = 1.4, MValue = 2
-------------------- Histogram --------------------
[29.122 ns ; 33.262 ns) | @@@@@
[33.262 ns ; 37.763 ns) | @@@
[37.763 ns ; 41.185 ns) | @
---------------------------------------------------

// * Summary *

BenchmarkDotNet v0.16.0-preview.1, Windows 11 (10.0.26200.9457/25H2/2025Update/HudsonValley2)
AMD Ryzen 9 5950X 3.40GHz, 1 CPU, 32 logical and 16 physical cores
Memory: 127.91 GB Total, 98.32 GB Available
.NET SDK 11.0.100-preview.7.26381.103
  [Host]     : .NET 10.0.12 (10.0.12, 10.0.1226.42308), X64 RyuJIT x86-64-v3
  Job-MIBMUQ : .NET 10.0.12 (10.0.12, 10.0.1226.42308), X64 RyuJIT x86-64-v3

IterationCount=9  IterationTime=250ms  LaunchCount=1  
WarmupCount=5  

| Method           | Categories | PendingCount | Pattern | Mean      | Error     | StdDev    | Ratio | RatioSD | Allocated | Alloc Ratio |
|----------------- |----------- |------------- |-------- |----------:|----------:|----------:|------:|--------:|----------:|------------:|
| HotHits          | Hit        | 1            | Uniform |  5.445 ns | 0.9676 ns | 0.4296 ns |  1.00 |    0.00 |         - |          NA |
| DeferredHits     | Hit        | 1            | Uniform |  7.771 ns | 1.7071 ns | 1.0159 ns |  1.44 |    0.21 |         - |          NA |
|                  |            |              |         |           |           |           |       |         |           |             |
| HotHits          | Hit        | 1            | Terrain |  4.511 ns | 0.0073 ns | 0.0038 ns |  1.00 |    0.00 |         - |          NA |
| DeferredHits     | Hit        | 1            | Terrain |  7.167 ns | 1.0249 ns | 0.6099 ns |  1.59 |    0.13 |         - |          NA |
|                  |            |              |         |           |           |           |       |         |           |             |
| HotHits          | Hit        | 20           | Uniform |  6.004 ns | 1.3679 ns | 0.8140 ns |  1.00 |    0.00 |         - |          NA |
| DeferredHits     | Hit        | 20           | Uniform |  7.979 ns | 0.8853 ns | 0.4630 ns |  1.35 |    0.19 |         - |          NA |
|                  |            |              |         |           |           |           |       |         |           |             |
| HotHits          | Hit        | 20           | Terrain |  5.498 ns | 0.3318 ns | 0.1736 ns |  1.00 |    0.00 |         - |          NA |
| DeferredHits     | Hit        | 20           | Terrain |  8.404 ns | 0.9731 ns | 0.5791 ns |  1.53 |    0.11 |         - |          NA |
|                  |            |              |         |           |           |           |       |         |           |             |
| CompressedMisses | Miss       | 1            | Uniform |  5.627 ns | 0.6041 ns | 0.3160 ns |  1.00 |    0.00 |         - |          NA |
| DeferredMisses   | Miss       | 1            | Uniform | 14.316 ns | 1.3125 ns | 0.5828 ns |  2.55 |    0.17 |         - |          NA |
|                  |            |              |         |           |           |           |       |         |           |             |
| CompressedMisses | Miss       | 1            | Terrain | 22.090 ns | 1.0538 ns | 0.4679 ns |  1.00 |    0.00 |         - |          NA |
| DeferredMisses   | Miss       | 1            | Terrain | 34.567 ns | 6.6991 ns | 3.9865 ns |  1.57 |    0.17 |         - |          NA |
|                  |            |              |         |           |           |           |       |         |           |             |
| CompressedMisses | Miss       | 20           | Uniform |  5.006 ns | 0.2313 ns | 0.1027 ns |  1.00 |    0.00 |         - |          NA |
| DeferredMisses   | Miss       | 20           | Uniform | 15.382 ns | 2.4178 ns | 1.4388 ns |  3.07 |    0.28 |         - |          NA |
|                  |            |              |         |           |           |           |       |         |           |             |
| CompressedMisses | Miss       | 20           | Terrain | 22.917 ns | 3.0839 ns | 1.8352 ns |  1.00 |    0.00 |         - |          NA |
| DeferredMisses   | Miss       | 20           | Terrain | 33.583 ns | 5.5127 ns | 3.2805 ns |  1.47 |    0.17 |         - |          NA |

// * Hints *
Outliers
  DeferredChunkReads.HotHits: IterationCount=9, IterationTime=250ms, LaunchCount=1, WarmupCount=5          -> 2 outliers were removed (7.14 ns, 8.11 ns)
  DeferredChunkReads.HotHits: IterationCount=9, IterationTime=250ms, LaunchCount=1, WarmupCount=5          -> 1 outlier  was  removed (4.55 ns)
  DeferredChunkReads.DeferredHits: IterationCount=9, IterationTime=250ms, LaunchCount=1, WarmupCount=5     -> 1 outlier  was  removed (9.56 ns)
  DeferredChunkReads.HotHits: IterationCount=9, IterationTime=250ms, LaunchCount=1, WarmupCount=5          -> 1 outlier  was  removed (6.38 ns)
  DeferredChunkReads.DeferredHits: IterationCount=9, IterationTime=250ms, LaunchCount=1, WarmupCount=5     -> 1 outlier  was  detected (7.16 ns)
  DeferredChunkReads.CompressedMisses: IterationCount=9, IterationTime=250ms, LaunchCount=1, WarmupCount=5 -> 1 outlier  was  removed (7.06 ns)
  DeferredChunkReads.DeferredMisses: IterationCount=9, IterationTime=250ms, LaunchCount=1, WarmupCount=5   -> 2 outliers were removed (16.94 ns, 18.46 ns)
  DeferredChunkReads.CompressedMisses: IterationCount=9, IterationTime=250ms, LaunchCount=1, WarmupCount=5 -> 2 outliers were removed (24.95 ns, 30.18 ns)
  DeferredChunkReads.CompressedMisses: IterationCount=9, IterationTime=250ms, LaunchCount=1, WarmupCount=5 -> 2 outliers were removed (5.66 ns, 6.27 ns)

// * Legends *
  Categories   : All categories of the corresponded method, class, and assembly
  PendingCount : Value of the 'PendingCount' parameter
  Pattern      : Value of the 'Pattern' parameter
  Mean         : Arithmetic mean of all measurements
  Error        : Half of 99.9% confidence interval
  StdDev       : Standard deviation of all measurements
  Ratio        : Mean of the ratio distribution ([Current]/[Baseline])
  RatioSD      : Standard deviation of the ratio distribution ([Current]/[Baseline])
  Allocated    : Allocated memory per single operation (managed only, inclusive, 1KB = 1024B)
  Alloc Ratio  : Allocated memory ratio distribution ([Current]/[Baseline])
  1 ns         : 1 Nanosecond (0.000000001 sec)

// * Diagnostic Output - MemoryDiagnoser *


// ***** BenchmarkRunner: End *****
Run time: 00:02:06 (126.99 sec), executed benchmarks: 16

// Found 24 benchmarks:
//   DeferredChunkWrites.MarkHotEdits: Job-MIBMUQ(IterationCount=9, IterationTime=250ms, LaunchCount=1, WarmupCount=5) [WriteCount=1, Pattern=Uniform]
//   DeferredChunkWrites.DeferredEdits: Job-MIBMUQ(IterationCount=9, IterationTime=250ms, LaunchCount=1, WarmupCount=5) [WriteCount=1, Pattern=Uniform]
//   DeferredChunkWrites.MarkHotEdits: Job-MIBMUQ(IterationCount=9, IterationTime=250ms, LaunchCount=1, WarmupCount=5) [WriteCount=1, Pattern=Terrain]
//   DeferredChunkWrites.DeferredEdits: Job-MIBMUQ(IterationCount=9, IterationTime=250ms, LaunchCount=1, WarmupCount=5) [WriteCount=1, Pattern=Terrain]
//   DeferredChunkWrites.MarkHotEdits: Job-MIBMUQ(IterationCount=9, IterationTime=250ms, LaunchCount=1, WarmupCount=5) [WriteCount=5, Pattern=Uniform]
//   DeferredChunkWrites.DeferredEdits: Job-MIBMUQ(IterationCount=9, IterationTime=250ms, LaunchCount=1, WarmupCount=5) [WriteCount=5, Pattern=Uniform]
//   DeferredChunkWrites.MarkHotEdits: Job-MIBMUQ(IterationCount=9, IterationTime=250ms, LaunchCount=1, WarmupCount=5) [WriteCount=5, Pattern=Terrain]
//   DeferredChunkWrites.DeferredEdits: Job-MIBMUQ(IterationCount=9, IterationTime=250ms, LaunchCount=1, WarmupCount=5) [WriteCount=5, Pattern=Terrain]
//   DeferredChunkWrites.MarkHotEdits: Job-MIBMUQ(IterationCount=9, IterationTime=250ms, LaunchCount=1, WarmupCount=5) [WriteCount=20, Pattern=Uniform]
//   DeferredChunkWrites.DeferredEdits: Job-MIBMUQ(IterationCount=9, IterationTime=250ms, LaunchCount=1, WarmupCount=5) [WriteCount=20, Pattern=Uniform]
//   DeferredChunkWrites.MarkHotEdits: Job-MIBMUQ(IterationCount=9, IterationTime=250ms, LaunchCount=1, WarmupCount=5) [WriteCount=20, Pattern=Terrain]
//   DeferredChunkWrites.DeferredEdits: Job-MIBMUQ(IterationCount=9, IterationTime=250ms, LaunchCount=1, WarmupCount=5) [WriteCount=20, Pattern=Terrain]
//   DeferredChunkWrites.MarkHotAndCommit: Job-MIBMUQ(IterationCount=9, IterationTime=250ms, LaunchCount=1, WarmupCount=5) [WriteCount=1, Pattern=Uniform]
//   DeferredChunkWrites.DeferredAndRepackage: Job-MIBMUQ(IterationCount=9, IterationTime=250ms, LaunchCount=1, WarmupCount=5) [WriteCount=1, Pattern=Uniform]
//   DeferredChunkWrites.MarkHotAndCommit: Job-MIBMUQ(IterationCount=9, IterationTime=250ms, LaunchCount=1, WarmupCount=5) [WriteCount=1, Pattern=Terrain]
//   DeferredChunkWrites.DeferredAndRepackage: Job-MIBMUQ(IterationCount=9, IterationTime=250ms, LaunchCount=1, WarmupCount=5) [WriteCount=1, Pattern=Terrain]
//   DeferredChunkWrites.MarkHotAndCommit: Job-MIBMUQ(IterationCount=9, IterationTime=250ms, LaunchCount=1, WarmupCount=5) [WriteCount=5, Pattern=Uniform]
//   DeferredChunkWrites.DeferredAndRepackage: Job-MIBMUQ(IterationCount=9, IterationTime=250ms, LaunchCount=1, WarmupCount=5) [WriteCount=5, Pattern=Uniform]
//   DeferredChunkWrites.MarkHotAndCommit: Job-MIBMUQ(IterationCount=9, IterationTime=250ms, LaunchCount=1, WarmupCount=5) [WriteCount=5, Pattern=Terrain]
//   DeferredChunkWrites.DeferredAndRepackage: Job-MIBMUQ(IterationCount=9, IterationTime=250ms, LaunchCount=1, WarmupCount=5) [WriteCount=5, Pattern=Terrain]
//   DeferredChunkWrites.MarkHotAndCommit: Job-MIBMUQ(IterationCount=9, IterationTime=250ms, LaunchCount=1, WarmupCount=5) [WriteCount=20, Pattern=Uniform]
//   DeferredChunkWrites.DeferredAndRepackage: Job-MIBMUQ(IterationCount=9, IterationTime=250ms, LaunchCount=1, WarmupCount=5) [WriteCount=20, Pattern=Uniform]
//   DeferredChunkWrites.MarkHotAndCommit: Job-MIBMUQ(IterationCount=9, IterationTime=250ms, LaunchCount=1, WarmupCount=5) [WriteCount=20, Pattern=Terrain]
//   DeferredChunkWrites.DeferredAndRepackage: Job-MIBMUQ(IterationCount=9, IterationTime=250ms, LaunchCount=1, WarmupCount=5) [WriteCount=20, Pattern=Terrain]

Setup power plan (GUID: 8c5e7fda-e8bf-4a96-9a85-a6e23a8c635c FriendlyName: High performance)
// **************************
// Benchmark: DeferredChunkWrites.MarkHotEdits: Job-MIBMUQ(IterationCount=9, IterationTime=250ms, LaunchCount=1, WarmupCount=5) [WriteCount=1, Pattern=Uniform]
// *** Execute ***
// Launch: 1 / 1
// Execute: dotnet Tedd.Voxtree.Benchmark-Job-MIBMUQ-1.dll --ipcPort 60382 --benchmarkName "Tedd.Voxtree.Benchmark.Tests.DeferredChunkWrites.MarkHotEdits(WriteCount: 1, Pattern: Uniform)" --job "IterationCount=9, IterationTime=250ms, LaunchCount=1, WarmupCount=5" --diagnoserRunMode 3 --benchmarkId 16 in C:\Users\tedd\.codex\worktrees\deferred-chunk-writes\Tedd.Voxtree\src\Tedd.Voxtree.Benchmark\bin\Release\net10.0\Tedd.Voxtree.Benchmark-Job-MIBMUQ-1\bin\Release\net10.0
// BeforeAnythingElse

// Benchmark Process Environment Information:
// BenchmarkDotNet v0.16.0-preview.1
// Runtime=.NET 10.0.12 (10.0.12, 10.0.1226.42308), X64 RyuJIT x86-64-v3
// GC=Concurrent Workstation
// HardwareIntrinsics=AVX2+BMI1+BMI2+F16C+FMA+LZCNT+MOVBE,AVX,SSE3+SSSE3+SSE4.1+SSE4.2+POPCNT,X86Base+SSE+SSE2,AES+PCLMUL VectorSize=256
// Job: Job-MIBMUQ(IterationCount=9, IterationTime=250ms, LaunchCount=1, WarmupCount=5)

WorkloadJitting  1: 1 op, 98300.00 ns, 98.3000 us/op
WorkloadJitting  2: 30 op, 2874400.00 ns, 95.8133 us/op
WorkloadJitting  3: 30 op, 2307900.00 ns, 76.9300 us/op
WorkloadJitting  4: 30 op, 2281900.00 ns, 76.0633 us/op
WorkloadJitting  5: 1 op, 21600.00 ns, 21.6000 us/op

WorkloadPilot    1: 1 op, 17000.00 ns, 17.0000 us/op

WorkloadPilot    1: 16 op, 1085100.00 ns, 67.8188 us/op
WorkloadPilot    2: 3696 op, 273209600.00 ns, 73.9203 us/op
WorkloadPilot    3: 3392 op, 252316600.00 ns, 74.3858 us/op
WorkloadPilot    4: 3376 op, 250631400.00 ns, 74.2392 us/op

WorkloadWarmup   1: 3376 op, 262584200.00 ns, 77.7797 us/op
WorkloadWarmup   2: 3376 op, 255673100.00 ns, 75.7326 us/op
WorkloadWarmup   3: 3376 op, 256018000.00 ns, 75.8347 us/op
WorkloadWarmup   4: 3376 op, 253508700.00 ns, 75.0914 us/op
WorkloadWarmup   5: 3376 op, 278961000.00 ns, 82.6306 us/op

// BeforeActualRun
WorkloadActual   1: 3376 op, 324652700.00 ns, 96.1649 us/op
WorkloadActual   2: 3376 op, 317710800.00 ns, 94.1086 us/op
WorkloadActual   3: 3376 op, 299682900.00 ns, 88.7686 us/op
WorkloadActual   4: 3376 op, 281021000.00 ns, 83.2408 us/op
WorkloadActual   5: 3376 op, 286245000.00 ns, 84.7882 us/op
WorkloadActual   6: 3376 op, 293053000.00 ns, 86.8048 us/op
WorkloadActual   7: 3376 op, 308547300.00 ns, 91.3943 us/op
WorkloadActual   8: 3376 op, 302871600.00 ns, 89.7132 us/op
WorkloadActual   9: 3376 op, 304234000.00 ns, 90.1167 us/op

// AfterActualRun
// BeforeExtraIteration
// AfterExtraIteration
WorkloadExtra    1: 3376 op, 300426300.00 ns, 88.9888 us/op
WorkloadResult   1: 3376 op, 324652700.00 ns, 96.1649 us/op
WorkloadResult   2: 3376 op, 317710800.00 ns, 94.1086 us/op
WorkloadResult   3: 3376 op, 299682900.00 ns, 88.7686 us/op
WorkloadResult   4: 3376 op, 281021000.00 ns, 83.2408 us/op
WorkloadResult   5: 3376 op, 286245000.00 ns, 84.7882 us/op
WorkloadResult   6: 3376 op, 293053000.00 ns, 86.8048 us/op
WorkloadResult   7: 3376 op, 308547300.00 ns, 91.3943 us/op
WorkloadResult   8: 3376 op, 302871600.00 ns, 89.7132 us/op
WorkloadResult   9: 3376 op, 304234000.00 ns, 90.1167 us/op
// GC:  281 281 281 885726816 3376

// AfterAll
// Benchmark Process 23772 has exited with code 0.

Mean = 89.456 μs, StdErr = 1.389 μs (1.55%), N = 9, StdDev = 4.166 μs
Min = 83.241 μs, Q1 = 86.805 μs, Median = 89.713 μs, Q3 = 91.394 μs, Max = 96.165 μs
IQR = 4.590 μs, LowerFence = 79.920 μs, UpperFence = 98.279 μs
ConfidenceInterval = [82.455 μs; 96.456 μs] (CI 99.9%), Margin = 7.000 μs (7.83% of Mean)
Skewness = 0.08, Kurtosis = 1.67, MValue = 2

// ** Remained 31 (64.6%) benchmark(s) to run. Estimated finish 2026-09-20 10:32 (0h 4m from now) **
Setup power plan (GUID: 8c5e7fda-e8bf-4a96-9a85-a6e23a8c635c FriendlyName: High performance)
// **************************
// Benchmark: DeferredChunkWrites.DeferredEdits: Job-MIBMUQ(IterationCount=9, IterationTime=250ms, LaunchCount=1, WarmupCount=5) [WriteCount=1, Pattern=Uniform]
// *** Execute ***
// Launch: 1 / 1
// Execute: dotnet Tedd.Voxtree.Benchmark-Job-MIBMUQ-1.dll --ipcPort 60387 --benchmarkName "Tedd.Voxtree.Benchmark.Tests.DeferredChunkWrites.DeferredEdits(WriteCount: 1, Pattern: Uniform)" --job "IterationCount=9, IterationTime=250ms, LaunchCount=1, WarmupCount=5" --diagnoserRunMode 3 --benchmarkId 17 in C:\Users\tedd\.codex\worktrees\deferred-chunk-writes\Tedd.Voxtree\src\Tedd.Voxtree.Benchmark\bin\Release\net10.0\Tedd.Voxtree.Benchmark-Job-MIBMUQ-1\bin\Release\net10.0
// BeforeAnythingElse

// Benchmark Process Environment Information:
// BenchmarkDotNet v0.16.0-preview.1
// Runtime=.NET 10.0.12 (10.0.12, 10.0.1226.42308), X64 RyuJIT x86-64-v3
// GC=Concurrent Workstation
// HardwareIntrinsics=AVX2+BMI1+BMI2+F16C+FMA+LZCNT+MOVBE,AVX,SSE3+SSSE3+SSE4.1+SSE4.2+POPCNT,X86Base+SSE+SSE2,AES+PCLMUL VectorSize=256
// Job: Job-MIBMUQ(IterationCount=9, IterationTime=250ms, LaunchCount=1, WarmupCount=5)

WorkloadJitting  1: 1 op, 47100.00 ns, 47.1000 us/op
WorkloadJitting  2: 30 op, 66400.00 ns, 2.2133 us/op
WorkloadJitting  3: 30 op, 77900.00 ns, 2.5967 us/op
WorkloadJitting  4: 30 op, 288700.00 ns, 9.6233 us/op
WorkloadJitting  5: 1 op, 4800.00 ns, 4.8000 us/op

WorkloadPilot    1: 1 op, 2800.00 ns, 2.8000 us/op

WorkloadPilot    1: 16 op, 6300.00 ns, 393.7500 ns/op
WorkloadPilot    2: 634928 op, 89681500.00 ns, 141.2467 ns/op
WorkloadPilot    3: 1769968 op, 235175300.00 ns, 132.8698 ns/op
WorkloadPilot    4: 1881552 op, 244834300.00 ns, 130.1236 ns/op
WorkloadPilot    5: 1921264 op, 250612200.00 ns, 130.4413 ns/op
WorkloadPilot    6: 1916576 op, 251221800.00 ns, 131.0784 ns/op
WorkloadPilot    7: 1907264 op, 250235000.00 ns, 131.2010 ns/op

WorkloadWarmup   1: 1907264 op, 248066600.00 ns, 130.0641 ns/op
WorkloadWarmup   2: 1907264 op, 308561300.00 ns, 161.7822 ns/op
WorkloadWarmup   3: 1907264 op, 330918500.00 ns, 173.5043 ns/op
WorkloadWarmup   4: 1907264 op, 376364700.00 ns, 197.3323 ns/op
WorkloadWarmup   5: 1907264 op, 406182300.00 ns, 212.9660 ns/op

// BeforeActualRun
WorkloadActual   1: 1907264 op, 294400100.00 ns, 154.3573 ns/op
WorkloadActual   2: 1907264 op, 358629300.00 ns, 188.0334 ns/op
WorkloadActual   3: 1907264 op, 354912500.00 ns, 186.0846 ns/op
WorkloadActual   4: 1907264 op, 334147600.00 ns, 175.1974 ns/op
WorkloadActual   5: 1907264 op, 396018100.00 ns, 207.6368 ns/op
WorkloadActual   6: 1907264 op, 402684600.00 ns, 211.1321 ns/op
WorkloadActual   7: 1907264 op, 331489800.00 ns, 173.8038 ns/op
WorkloadActual   8: 1907264 op, 305720100.00 ns, 160.2925 ns/op
WorkloadActual   9: 1907264 op, 294848600.00 ns, 154.5924 ns/op

// AfterActualRun
// BeforeExtraIteration
// AfterExtraIteration
WorkloadExtra    1: 1907264 op, 339712500.00 ns, 178.1151 ns/op
WorkloadResult   1: 1907264 op, 294400100.00 ns, 154.3573 ns/op
WorkloadResult   2: 1907264 op, 358629300.00 ns, 188.0334 ns/op
WorkloadResult   3: 1907264 op, 354912500.00 ns, 186.0846 ns/op
WorkloadResult   4: 1907264 op, 334147600.00 ns, 175.1974 ns/op
WorkloadResult   5: 1907264 op, 396018100.00 ns, 207.6368 ns/op
WorkloadResult   6: 1907264 op, 402684600.00 ns, 211.1321 ns/op
WorkloadResult   7: 1907264 op, 331489800.00 ns, 173.8038 ns/op
WorkloadResult   8: 1907264 op, 305720100.00 ns, 160.2925 ns/op
WorkloadResult   9: 1907264 op, 294848600.00 ns, 154.5924 ns/op
// GC:  17 0 0 289904128 1907264

// AfterAll
// Benchmark Process 63304 has exited with code 0.

Mean = 179.014 ns, StdErr = 7.050 ns (3.94%), N = 9, StdDev = 21.150 ns
Min = 154.357 ns, Q1 = 160.292 ns, Median = 175.197 ns, Q3 = 188.033 ns, Max = 211.132 ns
IQR = 27.741 ns, LowerFence = 118.681 ns, UpperFence = 229.645 ns
ConfidenceInterval = [143.472 ns; 214.557 ns] (CI 99.9%), Margin = 35.542 ns (19.85% of Mean)
Skewness = 0.25, Kurtosis = 1.44, MValue = 2

// ** Remained 30 (62.5%) benchmark(s) to run. Estimated finish 2026-09-20 10:32 (0h 3m from now) **
Setup power plan (GUID: 8c5e7fda-e8bf-4a96-9a85-a6e23a8c635c FriendlyName: High performance)
// **************************
// Benchmark: DeferredChunkWrites.MarkHotEdits: Job-MIBMUQ(IterationCount=9, IterationTime=250ms, LaunchCount=1, WarmupCount=5) [WriteCount=1, Pattern=Terrain]
// *** Execute ***
// Launch: 1 / 1
// Execute: dotnet Tedd.Voxtree.Benchmark-Job-MIBMUQ-1.dll --ipcPort 59563 --benchmarkName "Tedd.Voxtree.Benchmark.Tests.DeferredChunkWrites.MarkHotEdits(WriteCount: 1, Pattern: Terrain)" --job "IterationCount=9, IterationTime=250ms, LaunchCount=1, WarmupCount=5" --diagnoserRunMode 3 --benchmarkId 18 in C:\Users\tedd\.codex\worktrees\deferred-chunk-writes\Tedd.Voxtree\src\Tedd.Voxtree.Benchmark\bin\Release\net10.0\Tedd.Voxtree.Benchmark-Job-MIBMUQ-1\bin\Release\net10.0
// BeforeAnythingElse

// Benchmark Process Environment Information:
// BenchmarkDotNet v0.16.0-preview.1
// Runtime=.NET 10.0.12 (10.0.12, 10.0.1226.42308), X64 RyuJIT x86-64-v3
// GC=Concurrent Workstation
// HardwareIntrinsics=AVX2+BMI1+BMI2+F16C+FMA+LZCNT+MOVBE,AVX,SSE3+SSSE3+SSE4.1+SSE4.2+POPCNT,X86Base+SSE+SSE2,AES+PCLMUL VectorSize=256
// Job: Job-MIBMUQ(IterationCount=9, IterationTime=250ms, LaunchCount=1, WarmupCount=5)

WorkloadJitting  1: 1 op, 387400.00 ns, 387.4000 us/op
WorkloadJitting  2: 30 op, 10766100.00 ns, 358.8700 us/op
WorkloadJitting  3: 30 op, 3853000.00 ns, 128.4333 us/op
WorkloadJitting  4: 30 op, 4481700.00 ns, 149.3900 us/op
WorkloadJitting  5: 1 op, 103600.00 ns, 103.6000 us/op

WorkloadPilot    1: 1 op, 95700.00 ns, 95.7000 us/op

WorkloadPilot    1: 16 op, 2270200.00 ns, 141.8875 us/op
WorkloadPilot    2: 1776 op, 257528400.00 ns, 145.0047 us/op
WorkloadPilot    3: 1728 op, 218786300.00 ns, 126.6124 us/op
WorkloadPilot    4: 1984 op, 245529400.00 ns, 123.7547 us/op
WorkloadPilot    5: 2032 op, 257533800.00 ns, 126.7391 us/op
WorkloadPilot    6: 1984 op, 256823500.00 ns, 129.4473 us/op

WorkloadWarmup   1: 1984 op, 245535100.00 ns, 123.7576 us/op
WorkloadWarmup   2: 1984 op, 248449600.00 ns, 125.2266 us/op
WorkloadWarmup   3: 1984 op, 276480600.00 ns, 139.3551 us/op
WorkloadWarmup   4: 1984 op, 310949800.00 ns, 156.7287 us/op
WorkloadWarmup   5: 1984 op, 359416600.00 ns, 181.1576 us/op

// BeforeActualRun
WorkloadActual   1: 1984 op, 348043300.00 ns, 175.4251 us/op
WorkloadActual   2: 1984 op, 319697200.00 ns, 161.1377 us/op
WorkloadActual   3: 1984 op, 294548300.00 ns, 148.4618 us/op
WorkloadActual   4: 1984 op, 270791000.00 ns, 136.4874 us/op
WorkloadActual   5: 1984 op, 284652600.00 ns, 143.4741 us/op
WorkloadActual   6: 1984 op, 281973200.00 ns, 142.1236 us/op
WorkloadActual   7: 1984 op, 318368200.00 ns, 160.4678 us/op
WorkloadActual   8: 1984 op, 301710400.00 ns, 152.0718 us/op
WorkloadActual   9: 1984 op, 290280100.00 ns, 146.3105 us/op

// AfterActualRun
// BeforeExtraIteration
// AfterExtraIteration
WorkloadExtra    1: 1984 op, 314977200.00 ns, 158.7587 us/op
WorkloadResult   1: 1984 op, 348043300.00 ns, 175.4251 us/op
WorkloadResult   2: 1984 op, 319697200.00 ns, 161.1377 us/op
WorkloadResult   3: 1984 op, 294548300.00 ns, 148.4618 us/op
WorkloadResult   4: 1984 op, 270791000.00 ns, 136.4874 us/op
WorkloadResult   5: 1984 op, 284652600.00 ns, 143.4741 us/op
WorkloadResult   6: 1984 op, 281973200.00 ns, 142.1236 us/op
WorkloadResult   7: 1984 op, 318368200.00 ns, 160.4678 us/op
WorkloadResult   8: 1984 op, 301710400.00 ns, 152.0718 us/op
WorkloadResult   9: 1984 op, 290280100.00 ns, 146.3105 us/op
// GC:  165 165 165 520521696 1984

// AfterAll
// Benchmark Process 335160 has exited with code 0.

Mean = 151.773 μs, StdErr = 4.013 μs (2.64%), N = 9, StdDev = 12.038 μs
Min = 136.487 μs, Q1 = 143.474 μs, Median = 148.462 μs, Q3 = 160.468 μs, Max = 175.425 μs
IQR = 16.994 μs, LowerFence = 117.983 μs, UpperFence = 185.958 μs
ConfidenceInterval = [131.545 μs; 172.002 μs] (CI 99.9%), Margin = 20.229 μs (13.33% of Mean)
Skewness = 0.6, Kurtosis = 2.09, MValue = 3.2

// ** Remained 29 (60.4%) benchmark(s) to run. Estimated finish 2026-09-20 10:32 (0h 3m from now) **
Setup power plan (GUID: 8c5e7fda-e8bf-4a96-9a85-a6e23a8c635c FriendlyName: High performance)
// **************************
// Benchmark: DeferredChunkWrites.DeferredEdits: Job-MIBMUQ(IterationCount=9, IterationTime=250ms, LaunchCount=1, WarmupCount=5) [WriteCount=1, Pattern=Terrain]
// *** Execute ***
// Launch: 1 / 1
// Execute: dotnet Tedd.Voxtree.Benchmark-Job-MIBMUQ-1.dll --ipcPort 64292 --benchmarkName "Tedd.Voxtree.Benchmark.Tests.DeferredChunkWrites.DeferredEdits(WriteCount: 1, Pattern: Terrain)" --job "IterationCount=9, IterationTime=250ms, LaunchCount=1, WarmupCount=5" --diagnoserRunMode 3 --benchmarkId 19 in C:\Users\tedd\.codex\worktrees\deferred-chunk-writes\Tedd.Voxtree\src\Tedd.Voxtree.Benchmark\bin\Release\net10.0\Tedd.Voxtree.Benchmark-Job-MIBMUQ-1\bin\Release\net10.0
// BeforeAnythingElse

// Benchmark Process Environment Information:
// BenchmarkDotNet v0.16.0-preview.1
// Runtime=.NET 10.0.12 (10.0.12, 10.0.1226.42308), X64 RyuJIT x86-64-v3
// GC=Concurrent Workstation
// HardwareIntrinsics=AVX2+BMI1+BMI2+F16C+FMA+LZCNT+MOVBE,AVX,SSE3+SSSE3+SSE4.1+SSE4.2+POPCNT,X86Base+SSE+SSE2,AES+PCLMUL VectorSize=256
// Job: Job-MIBMUQ(IterationCount=9, IterationTime=250ms, LaunchCount=1, WarmupCount=5)

WorkloadJitting  1: 1 op, 42100.00 ns, 42.1000 us/op
WorkloadJitting  2: 30 op, 57700.00 ns, 1.9233 us/op
WorkloadJitting  3: 30 op, 84300.00 ns, 2.8100 us/op
WorkloadJitting  4: 30 op, 297700.00 ns, 9.9233 us/op
WorkloadJitting  5: 1 op, 4700.00 ns, 4.7000 us/op

WorkloadPilot    1: 1 op, 5200.00 ns, 5.2000 us/op

WorkloadPilot    1: 16 op, 9100.00 ns, 568.7500 ns/op
WorkloadPilot    2: 439568 op, 65124100.00 ns, 148.1548 ns/op
WorkloadPilot    3: 1687424 op, 233549000.00 ns, 138.4056 ns/op
WorkloadPilot    4: 1806288 op, 241970000.00 ns, 133.9598 ns/op
WorkloadPilot    5: 1866240 op, 250078000.00 ns, 134.0010 ns/op
WorkloadPilot    6: 1865664 op, 249946100.00 ns, 133.9717 ns/op
WorkloadPilot    7: 1866080 op, 247758700.00 ns, 132.7696 ns/op
WorkloadPilot    8: 1882976 op, 261317600.00 ns, 138.7790 ns/op
WorkloadPilot    9: 1801440 op, 244564700.00 ns, 135.7607 ns/op
WorkloadPilot   10: 1841488 op, 271282000.00 ns, 147.3167 ns/op

WorkloadWarmup   1: 1841488 op, 326041900.00 ns, 177.0535 ns/op
WorkloadWarmup   2: 1841488 op, 276016400.00 ns, 149.8877 ns/op
WorkloadWarmup   3: 1841488 op, 298435500.00 ns, 162.0621 ns/op
WorkloadWarmup   4: 1841488 op, 326901300.00 ns, 177.5202 ns/op
WorkloadWarmup   5: 1841488 op, 297779200.00 ns, 161.7058 ns/op

// BeforeActualRun
WorkloadActual   1: 1841488 op, 274575100.00 ns, 149.1050 ns/op
WorkloadActual   2: 1841488 op, 298347800.00 ns, 162.0145 ns/op
WorkloadActual   3: 1841488 op, 321176600.00 ns, 174.4115 ns/op
WorkloadActual   4: 1841488 op, 301652700.00 ns, 163.8092 ns/op
WorkloadActual   5: 1841488 op, 296889800.00 ns, 161.2228 ns/op
WorkloadActual   6: 1841488 op, 382987600.00 ns, 207.9772 ns/op
WorkloadActual   7: 1841488 op, 384757400.00 ns, 208.9383 ns/op
WorkloadActual   8: 1841488 op, 291312200.00 ns, 158.1939 ns/op
WorkloadActual   9: 1841488 op, 332072100.00 ns, 180.3281 ns/op

// AfterActualRun
// BeforeExtraIteration
// AfterExtraIteration
WorkloadExtra    1: 1841488 op, 335764800.00 ns, 182.3334 ns/op
WorkloadResult   1: 1841488 op, 274575100.00 ns, 149.1050 ns/op
WorkloadResult   2: 1841488 op, 298347800.00 ns, 162.0145 ns/op
WorkloadResult   3: 1841488 op, 321176600.00 ns, 174.4115 ns/op
WorkloadResult   4: 1841488 op, 301652700.00 ns, 163.8092 ns/op
WorkloadResult   5: 1841488 op, 296889800.00 ns, 161.2228 ns/op
WorkloadResult   6: 1841488 op, 382987600.00 ns, 207.9772 ns/op
WorkloadResult   7: 1841488 op, 384757400.00 ns, 208.9383 ns/op
WorkloadResult   8: 1841488 op, 291312200.00 ns, 158.1939 ns/op
WorkloadResult   9: 1841488 op, 332072100.00 ns, 180.3281 ns/op
// GC:  16 0 0 279906176 1841488

// AfterAll
// Benchmark Process 121520 has exited with code 0.

Mean = 174.000 ns, StdErr = 7.164 ns (4.12%), N = 9, StdDev = 21.493 ns
Min = 149.105 ns, Q1 = 161.223 ns, Median = 163.809 ns, Q3 = 180.328 ns, Max = 208.938 ns
IQR = 19.105 ns, LowerFence = 132.565 ns, UpperFence = 208.986 ns
ConfidenceInterval = [137.882 ns; 210.118 ns] (CI 99.9%), Margin = 36.118 ns (20.76% of Mean)
Skewness = 0.65, Kurtosis = 1.73, MValue = 2.67

// ** Remained 28 (58.3%) benchmark(s) to run. Estimated finish 2026-09-20 10:32 (0h 3m from now) **
Setup power plan (GUID: 8c5e7fda-e8bf-4a96-9a85-a6e23a8c635c FriendlyName: High performance)
// **************************
// Benchmark: DeferredChunkWrites.MarkHotEdits: Job-MIBMUQ(IterationCount=9, IterationTime=250ms, LaunchCount=1, WarmupCount=5) [WriteCount=5, Pattern=Uniform]
// *** Execute ***
// Launch: 1 / 1
// Execute: dotnet Tedd.Voxtree.Benchmark-Job-MIBMUQ-1.dll --ipcPort 56275 --benchmarkName "Tedd.Voxtree.Benchmark.Tests.DeferredChunkWrites.MarkHotEdits(WriteCount: 5, Pattern: Uniform)" --job "IterationCount=9, IterationTime=250ms, LaunchCount=1, WarmupCount=5" --diagnoserRunMode 3 --benchmarkId 20 in C:\Users\tedd\.codex\worktrees\deferred-chunk-writes\Tedd.Voxtree\src\Tedd.Voxtree.Benchmark\bin\Release\net10.0\Tedd.Voxtree.Benchmark-Job-MIBMUQ-1\bin\Release\net10.0
// BeforeAnythingElse

// Benchmark Process Environment Information:
// BenchmarkDotNet v0.16.0-preview.1
// Runtime=.NET 10.0.12 (10.0.12, 10.0.1226.42308), X64 RyuJIT x86-64-v3
// GC=Concurrent Workstation
// HardwareIntrinsics=AVX2+BMI1+BMI2+F16C+FMA+LZCNT+MOVBE,AVX,SSE3+SSSE3+SSE4.1+SSE4.2+POPCNT,X86Base+SSE+SSE2,AES+PCLMUL VectorSize=256
// Job: Job-MIBMUQ(IterationCount=9, IterationTime=250ms, LaunchCount=1, WarmupCount=5)

WorkloadJitting  1: 1 op, 93100.00 ns, 93.1000 us/op
WorkloadJitting  2: 30 op, 2727000.00 ns, 90.9000 us/op
WorkloadJitting  3: 30 op, 2308800.00 ns, 76.9600 us/op
WorkloadJitting  4: 30 op, 2206900.00 ns, 73.5633 us/op
WorkloadJitting  5: 1 op, 21300.00 ns, 21.3000 us/op

WorkloadPilot    1: 1 op, 17100.00 ns, 17.1000 us/op

WorkloadPilot    1: 16 op, 1178700.00 ns, 73.6688 us/op
WorkloadPilot    2: 3408 op, 260716100.00 ns, 76.5012 us/op
WorkloadPilot    3: 3280 op, 250353400.00 ns, 76.3273 us/op

WorkloadWarmup   1: 3280 op, 241341000.00 ns, 73.5796 us/op
WorkloadWarmup   2: 3280 op, 244129600.00 ns, 74.4298 us/op
WorkloadWarmup   3: 3280 op, 248293200.00 ns, 75.6991 us/op
WorkloadWarmup   4: 3280 op, 262117000.00 ns, 79.9137 us/op
WorkloadWarmup   5: 3280 op, 248535500.00 ns, 75.7730 us/op

// BeforeActualRun
WorkloadActual   1: 3280 op, 257340800.00 ns, 78.4576 us/op
WorkloadActual   2: 3280 op, 292393700.00 ns, 89.1444 us/op
WorkloadActual   3: 3280 op, 316082500.00 ns, 96.3666 us/op
WorkloadActual   4: 3280 op, 275364100.00 ns, 83.9525 us/op
WorkloadActual   5: 3280 op, 287498900.00 ns, 87.6521 us/op
WorkloadActual   6: 3280 op, 284560100.00 ns, 86.7561 us/op
WorkloadActual   7: 3280 op, 294501500.00 ns, 89.7870 us/op
WorkloadActual   8: 3280 op, 278602300.00 ns, 84.9397 us/op
WorkloadActual   9: 3280 op, 281487300.00 ns, 85.8193 us/op

// AfterActualRun
// BeforeExtraIteration
// AfterExtraIteration
WorkloadExtra    1: 3280 op, 289928800.00 ns, 88.3929 us/op
WorkloadResult   1: 3280 op, 257340800.00 ns, 78.4576 us/op
WorkloadResult   2: 3280 op, 292393700.00 ns, 89.1444 us/op
WorkloadResult   3: 3280 op, 275364100.00 ns, 83.9525 us/op
WorkloadResult   4: 3280 op, 287498900.00 ns, 87.6521 us/op
WorkloadResult   5: 3280 op, 284560100.00 ns, 86.7561 us/op
WorkloadResult   6: 3280 op, 294501500.00 ns, 89.7870 us/op
WorkloadResult   7: 3280 op, 278602300.00 ns, 84.9397 us/op
WorkloadResult   8: 3280 op, 281487300.00 ns, 85.8193 us/op
// GC:  273 273 273 860540256 3280

// AfterAll
// Benchmark Process 369836 has exited with code 0.

Mean = 85.814 μs, StdErr = 1.264 μs (1.47%), N = 8, StdDev = 3.576 μs
Min = 78.458 μs, Q1 = 84.693 μs, Median = 86.288 μs, Q3 = 88.025 μs, Max = 89.787 μs
IQR = 3.332 μs, LowerFence = 79.695 μs, UpperFence = 93.024 μs
ConfidenceInterval = [78.977 μs; 92.650 μs] (CI 99.9%), Margin = 6.836 μs (7.97% of Mean)
Skewness = -0.82, Kurtosis = 2.54, MValue = 2

// ** Remained 27 (56.2%) benchmark(s) to run. Estimated finish 2026-09-20 10:32 (0h 3m from now) **
Setup power plan (GUID: 8c5e7fda-e8bf-4a96-9a85-a6e23a8c635c FriendlyName: High performance)
// **************************
// Benchmark: DeferredChunkWrites.DeferredEdits: Job-MIBMUQ(IterationCount=9, IterationTime=250ms, LaunchCount=1, WarmupCount=5) [WriteCount=5, Pattern=Uniform]
// *** Execute ***
// Launch: 1 / 1
// Execute: dotnet Tedd.Voxtree.Benchmark-Job-MIBMUQ-1.dll --ipcPort 56282 --benchmarkName "Tedd.Voxtree.Benchmark.Tests.DeferredChunkWrites.DeferredEdits(WriteCount: 5, Pattern: Uniform)" --job "IterationCount=9, IterationTime=250ms, LaunchCount=1, WarmupCount=5" --diagnoserRunMode 3 --benchmarkId 21 in C:\Users\tedd\.codex\worktrees\deferred-chunk-writes\Tedd.Voxtree\src\Tedd.Voxtree.Benchmark\bin\Release\net10.0\Tedd.Voxtree.Benchmark-Job-MIBMUQ-1\bin\Release\net10.0
// BeforeAnythingElse

// Benchmark Process Environment Information:
// BenchmarkDotNet v0.16.0-preview.1
// Runtime=.NET 10.0.12 (10.0.12, 10.0.1226.42308), X64 RyuJIT x86-64-v3
// GC=Concurrent Workstation
// HardwareIntrinsics=AVX2+BMI1+BMI2+F16C+FMA+LZCNT+MOVBE,AVX,SSE3+SSSE3+SSE4.1+SSE4.2+POPCNT,X86Base+SSE+SSE2,AES+PCLMUL VectorSize=256
// Job: Job-MIBMUQ(IterationCount=9, IterationTime=250ms, LaunchCount=1, WarmupCount=5)

WorkloadJitting  1: 1 op, 40900.00 ns, 40.9000 us/op
WorkloadJitting  2: 30 op, 74400.00 ns, 2.4800 us/op
WorkloadJitting  3: 30 op, 89600.00 ns, 2.9867 us/op
WorkloadJitting  4: 30 op, 289200.00 ns, 9.6400 us/op
WorkloadJitting  5: 1 op, 4000.00 ns, 4.0000 us/op

WorkloadPilot    1: 1 op, 2800.00 ns, 2.8000 us/op

WorkloadPilot    1: 16 op, 6400.00 ns, 400.0000 ns/op
WorkloadPilot    2: 625008 op, 107537700.00 ns, 172.0581 ns/op
WorkloadPilot    3: 1453008 op, 233805200.00 ns, 160.9112 ns/op
WorkloadPilot    4: 1553664 op, 247602500.00 ns, 159.3668 ns/op
WorkloadPilot    5: 1568720 op, 252521100.00 ns, 160.9727 ns/op
WorkloadPilot    6: 1553072 op, 251906400.00 ns, 162.1988 ns/op
WorkloadPilot    7: 1541328 op, 246211300.00 ns, 159.7397 ns/op
WorkloadPilot    8: 1565056 op, 250461100.00 ns, 160.0333 ns/op

WorkloadWarmup   1: 1565056 op, 251751800.00 ns, 160.8580 ns/op
WorkloadWarmup   2: 1565056 op, 287987700.00 ns, 184.0111 ns/op
WorkloadWarmup   3: 1565056 op, 353209700.00 ns, 225.6850 ns/op
WorkloadWarmup   4: 1565056 op, 317577200.00 ns, 202.9175 ns/op
WorkloadWarmup   5: 1565056 op, 290357200.00 ns, 185.5251 ns/op

// BeforeActualRun
WorkloadActual   1: 1565056 op, 316160400.00 ns, 202.0122 ns/op
WorkloadActual   2: 1565056 op, 340987900.00 ns, 217.8758 ns/op
WorkloadActual   3: 1565056 op, 291633100.00 ns, 186.3404 ns/op
WorkloadActual   4: 1565056 op, 320079700.00 ns, 204.5165 ns/op
WorkloadActual   5: 1565056 op, 342752500.00 ns, 219.0033 ns/op
WorkloadActual   6: 1565056 op, 292492700.00 ns, 186.8896 ns/op
WorkloadActual   7: 1565056 op, 324567200.00 ns, 207.3838 ns/op
WorkloadActual   8: 1565056 op, 318978000.00 ns, 203.8125 ns/op
WorkloadActual   9: 1565056 op, 297326100.00 ns, 189.9779 ns/op

// AfterActualRun
// BeforeExtraIteration
// AfterExtraIteration
WorkloadExtra    1: 1565056 op, 306576500.00 ns, 195.8885 ns/op
WorkloadResult   1: 1565056 op, 316160400.00 ns, 202.0122 ns/op
WorkloadResult   2: 1565056 op, 340987900.00 ns, 217.8758 ns/op
WorkloadResult   3: 1565056 op, 291633100.00 ns, 186.3404 ns/op
WorkloadResult   4: 1565056 op, 320079700.00 ns, 204.5165 ns/op
WorkloadResult   5: 1565056 op, 342752500.00 ns, 219.0033 ns/op
WorkloadResult   6: 1565056 op, 292492700.00 ns, 186.8896 ns/op
WorkloadResult   7: 1565056 op, 324567200.00 ns, 207.3838 ns/op
WorkloadResult   8: 1565056 op, 318978000.00 ns, 203.8125 ns/op
WorkloadResult   9: 1565056 op, 297326100.00 ns, 189.9779 ns/op
// GC:  14 0 0 237888512 1565056

// AfterAll
// Benchmark Process 430104 has exited with code 0.

Mean = 201.979 ns, StdErr = 4.079 ns (2.02%), N = 9, StdDev = 12.236 ns
Min = 186.340 ns, Q1 = 189.978 ns, Median = 203.813 ns, Q3 = 207.384 ns, Max = 219.003 ns
IQR = 17.406 ns, LowerFence = 163.869 ns, UpperFence = 233.493 ns
ConfidenceInterval = [181.417 ns; 222.542 ns] (CI 99.9%), Margin = 20.562 ns (10.18% of Mean)
Skewness = 0.01, Kurtosis = 1.39, MValue = 2.8

// ** Remained 26 (54.2%) benchmark(s) to run. Estimated finish 2026-09-20 10:32 (0h 3m from now) **
Setup power plan (GUID: 8c5e7fda-e8bf-4a96-9a85-a6e23a8c635c FriendlyName: High performance)
// **************************
// Benchmark: DeferredChunkWrites.MarkHotEdits: Job-MIBMUQ(IterationCount=9, IterationTime=250ms, LaunchCount=1, WarmupCount=5) [WriteCount=5, Pattern=Terrain]
// *** Execute ***
// Launch: 1 / 1
// Execute: dotnet Tedd.Voxtree.Benchmark-Job-MIBMUQ-1.dll --ipcPort 56289 --benchmarkName "Tedd.Voxtree.Benchmark.Tests.DeferredChunkWrites.MarkHotEdits(WriteCount: 5, Pattern: Terrain)" --job "IterationCount=9, IterationTime=250ms, LaunchCount=1, WarmupCount=5" --diagnoserRunMode 3 --benchmarkId 22 in C:\Users\tedd\.codex\worktrees\deferred-chunk-writes\Tedd.Voxtree\src\Tedd.Voxtree.Benchmark\bin\Release\net10.0\Tedd.Voxtree.Benchmark-Job-MIBMUQ-1\bin\Release\net10.0
// BeforeAnythingElse

// Benchmark Process Environment Information:
// BenchmarkDotNet v0.16.0-preview.1
// Runtime=.NET 10.0.12 (10.0.12, 10.0.1226.42308), X64 RyuJIT x86-64-v3
// GC=Concurrent Workstation
// HardwareIntrinsics=AVX2+BMI1+BMI2+F16C+FMA+LZCNT+MOVBE,AVX,SSE3+SSSE3+SSE4.1+SSE4.2+POPCNT,X86Base+SSE+SSE2,AES+PCLMUL VectorSize=256
// Job: Job-MIBMUQ(IterationCount=9, IterationTime=250ms, LaunchCount=1, WarmupCount=5)

WorkloadJitting  1: 1 op, 388400.00 ns, 388.4000 us/op
WorkloadJitting  2: 30 op, 9188200.00 ns, 306.2733 us/op
WorkloadJitting  3: 30 op, 3663800.00 ns, 122.1267 us/op
WorkloadJitting  4: 30 op, 3609200.00 ns, 120.3067 us/op
WorkloadJitting  5: 1 op, 89800.00 ns, 89.8000 us/op

WorkloadPilot    1: 1 op, 65100.00 ns, 65.1000 us/op

WorkloadPilot    1: 16 op, 1844300.00 ns, 115.2688 us/op
WorkloadPilot    2: 2176 op, 272126500.00 ns, 125.0581 us/op
WorkloadPilot    3: 2000 op, 244782000.00 ns, 122.3910 us/op
WorkloadPilot    4: 2048 op, 249982000.00 ns, 122.0615 us/op

WorkloadWarmup   1: 2048 op, 252288100.00 ns, 123.1875 us/op
WorkloadWarmup   2: 2048 op, 255974400.00 ns, 124.9875 us/op
WorkloadWarmup   3: 2048 op, 254270100.00 ns, 124.1553 us/op
WorkloadWarmup   4: 2048 op, 252720700.00 ns, 123.3988 us/op
WorkloadWarmup   5: 2048 op, 274511500.00 ns, 134.0388 us/op

// BeforeActualRun
WorkloadActual   1: 2048 op, 315672600.00 ns, 154.1370 us/op
WorkloadActual   2: 2048 op, 316693000.00 ns, 154.6353 us/op
WorkloadActual   3: 2048 op, 291453500.00 ns, 142.3113 us/op
WorkloadActual   4: 2048 op, 331944300.00 ns, 162.0822 us/op
WorkloadActual   5: 2048 op, 293476700.00 ns, 143.2992 us/op
WorkloadActual   6: 2048 op, 332548600.00 ns, 162.3772 us/op
WorkloadActual   7: 2048 op, 340773800.00 ns, 166.3935 us/op
WorkloadActual   8: 2048 op, 334420700.00 ns, 163.2914 us/op
WorkloadActual   9: 2048 op, 298702800.00 ns, 145.8510 us/op

// AfterActualRun
// BeforeExtraIteration
// AfterExtraIteration
WorkloadExtra    1: 2048 op, 303977300.00 ns, 148.4264 us/op
WorkloadResult   1: 2048 op, 315672600.00 ns, 154.1370 us/op
WorkloadResult   2: 2048 op, 316693000.00 ns, 154.6353 us/op
WorkloadResult   3: 2048 op, 291453500.00 ns, 142.3113 us/op
WorkloadResult   4: 2048 op, 331944300.00 ns, 162.0822 us/op
WorkloadResult   5: 2048 op, 293476700.00 ns, 143.2992 us/op
WorkloadResult   6: 2048 op, 332548600.00 ns, 162.3772 us/op
WorkloadResult   7: 2048 op, 340773800.00 ns, 166.3935 us/op
WorkloadResult   8: 2048 op, 334420700.00 ns, 163.2914 us/op
WorkloadResult   9: 2048 op, 298702800.00 ns, 145.8510 us/op
// GC:  170 170 170 537312192 2048

// AfterAll
// Benchmark Process 340128 has exited with code 0.

Mean = 154.931 μs, StdErr = 3.086 μs (1.99%), N = 9, StdDev = 9.257 μs
Min = 142.311 μs, Q1 = 145.851 μs, Median = 154.635 μs, Q3 = 162.377 μs, Max = 166.393 μs
IQR = 16.526 μs, LowerFence = 121.062 μs, UpperFence = 187.167 μs
ConfidenceInterval = [139.374 μs; 170.487 μs] (CI 99.9%), Margin = 15.556 μs (10.04% of Mean)
Skewness = -0.2, Kurtosis = 1.18, MValue = 2

// ** Remained 25 (52.1%) benchmark(s) to run. Estimated finish 2026-09-20 10:32 (0h 3m from now) **
Setup power plan (GUID: 8c5e7fda-e8bf-4a96-9a85-a6e23a8c635c FriendlyName: High performance)
// **************************
// Benchmark: DeferredChunkWrites.DeferredEdits: Job-MIBMUQ(IterationCount=9, IterationTime=250ms, LaunchCount=1, WarmupCount=5) [WriteCount=5, Pattern=Terrain]
// *** Execute ***
// Launch: 1 / 1
// Execute: dotnet Tedd.Voxtree.Benchmark-Job-MIBMUQ-1.dll --ipcPort 56299 --benchmarkName "Tedd.Voxtree.Benchmark.Tests.DeferredChunkWrites.DeferredEdits(WriteCount: 5, Pattern: Terrain)" --job "IterationCount=9, IterationTime=250ms, LaunchCount=1, WarmupCount=5" --diagnoserRunMode 3 --benchmarkId 23 in C:\Users\tedd\.codex\worktrees\deferred-chunk-writes\Tedd.Voxtree\src\Tedd.Voxtree.Benchmark\bin\Release\net10.0\Tedd.Voxtree.Benchmark-Job-MIBMUQ-1\bin\Release\net10.0
// BeforeAnythingElse

// Benchmark Process Environment Information:
// BenchmarkDotNet v0.16.0-preview.1
// Runtime=.NET 10.0.12 (10.0.12, 10.0.1226.42308), X64 RyuJIT x86-64-v3
// GC=Concurrent Workstation
// HardwareIntrinsics=AVX2+BMI1+BMI2+F16C+FMA+LZCNT+MOVBE,AVX,SSE3+SSSE3+SSE4.1+SSE4.2+POPCNT,X86Base+SSE+SSE2,AES+PCLMUL VectorSize=256
// Job: Job-MIBMUQ(IterationCount=9, IterationTime=250ms, LaunchCount=1, WarmupCount=5)

WorkloadJitting  1: 1 op, 44800.00 ns, 44.8000 us/op
WorkloadJitting  2: 30 op, 75900.00 ns, 2.5300 us/op
WorkloadJitting  3: 30 op, 83100.00 ns, 2.7700 us/op
WorkloadJitting  4: 30 op, 282200.00 ns, 9.4067 us/op
WorkloadJitting  5: 1 op, 3900.00 ns, 3.9000 us/op

WorkloadPilot    1: 1 op, 3000.00 ns, 3.0000 us/op

WorkloadPilot    1: 16 op, 7100.00 ns, 443.7500 ns/op
WorkloadPilot    2: 563392 op, 97845100.00 ns, 173.6714 ns/op
WorkloadPilot    3: 1439504 op, 239344700.00 ns, 166.2689 ns/op
WorkloadPilot    4: 1503600 op, 246715000.00 ns, 164.0829 ns/op
WorkloadPilot    5: 1523632 op, 248052300.00 ns, 162.8033 ns/op
WorkloadPilot    6: 1535600 op, 250627100.00 ns, 163.2112 ns/op
WorkloadPilot    7: 1531760 op, 248787500.00 ns, 162.4194 ns/op
WorkloadPilot    8: 1539232 op, 250926600.00 ns, 163.0206 ns/op
WorkloadPilot    9: 1533552 op, 249561400.00 ns, 162.7342 ns/op
WorkloadPilot   10: 1536256 op, 285134400.00 ns, 185.6034 ns/op

WorkloadWarmup   1: 1536256 op, 298047900.00 ns, 194.0093 ns/op
WorkloadWarmup   2: 1536256 op, 303210400.00 ns, 197.3697 ns/op
WorkloadWarmup   3: 1536256 op, 375538300.00 ns, 244.4503 ns/op
WorkloadWarmup   4: 1536256 op, 334365300.00 ns, 217.6495 ns/op
WorkloadWarmup   5: 1536256 op, 326914700.00 ns, 212.7996 ns/op

// BeforeActualRun
WorkloadActual   1: 1536256 op, 326976700.00 ns, 212.8400 ns/op
WorkloadActual   2: 1536256 op, 351521400.00 ns, 228.8169 ns/op
WorkloadActual   3: 1536256 op, 360215000.00 ns, 234.4759 ns/op
WorkloadActual   4: 1536256 op, 294169900.00 ns, 191.4849 ns/op
WorkloadActual   5: 1536256 op, 309878400.00 ns, 201.7101 ns/op
WorkloadActual   6: 1536256 op, 301123500.00 ns, 196.0113 ns/op
WorkloadActual   7: 1536256 op, 358759000.00 ns, 233.5281 ns/op
WorkloadActual   8: 1536256 op, 298745200.00 ns, 194.4632 ns/op
WorkloadActual   9: 1536256 op, 305303400.00 ns, 198.7321 ns/op

// AfterActualRun
// BeforeExtraIteration
// AfterExtraIteration
WorkloadExtra    1: 1536256 op, 408113200.00 ns, 265.6544 ns/op
WorkloadResult   1: 1536256 op, 326976700.00 ns, 212.8400 ns/op
WorkloadResult   2: 1536256 op, 351521400.00 ns, 228.8169 ns/op
WorkloadResult   3: 1536256 op, 360215000.00 ns, 234.4759 ns/op
WorkloadResult   4: 1536256 op, 294169900.00 ns, 191.4849 ns/op
WorkloadResult   5: 1536256 op, 309878400.00 ns, 201.7101 ns/op
WorkloadResult   6: 1536256 op, 301123500.00 ns, 196.0113 ns/op
WorkloadResult   7: 1536256 op, 358759000.00 ns, 233.5281 ns/op
WorkloadResult   8: 1536256 op, 298745200.00 ns, 194.4632 ns/op
WorkloadResult   9: 1536256 op, 305303400.00 ns, 198.7321 ns/op
// GC:  13 0 0 233510912 1536256

// AfterAll
// Benchmark Process 339612 has exited with code 0.

Mean = 210.229 ns, StdErr = 5.881 ns (2.80%), N = 9, StdDev = 17.642 ns
Min = 191.485 ns, Q1 = 196.011 ns, Median = 201.710 ns, Q3 = 228.817 ns, Max = 234.476 ns
IQR = 32.806 ns, LowerFence = 146.803 ns, UpperFence = 278.025 ns
ConfidenceInterval = [180.583 ns; 239.875 ns] (CI 99.9%), Margin = 29.646 ns (14.10% of Mean)
Skewness = 0.36, Kurtosis = 1.16, MValue = 2

// ** Remained 24 (50.0%) benchmark(s) to run. Estimated finish 2026-09-20 10:32 (0h 3m from now) **
Setup power plan (GUID: 8c5e7fda-e8bf-4a96-9a85-a6e23a8c635c FriendlyName: High performance)
// **************************
// Benchmark: DeferredChunkWrites.MarkHotEdits: Job-MIBMUQ(IterationCount=9, IterationTime=250ms, LaunchCount=1, WarmupCount=5) [WriteCount=20, Pattern=Uniform]
// *** Execute ***
// Launch: 1 / 1
// Execute: dotnet Tedd.Voxtree.Benchmark-Job-MIBMUQ-1.dll --ipcPort 65130 --benchmarkName "Tedd.Voxtree.Benchmark.Tests.DeferredChunkWrites.MarkHotEdits(WriteCount: 20, Pattern: Uniform)" --job "IterationCount=9, IterationTime=250ms, LaunchCount=1, WarmupCount=5" --diagnoserRunMode 3 --benchmarkId 24 in C:\Users\tedd\.codex\worktrees\deferred-chunk-writes\Tedd.Voxtree\src\Tedd.Voxtree.Benchmark\bin\Release\net10.0\Tedd.Voxtree.Benchmark-Job-MIBMUQ-1\bin\Release\net10.0
// BeforeAnythingElse

// Benchmark Process Environment Information:
// BenchmarkDotNet v0.16.0-preview.1
// Runtime=.NET 10.0.12 (10.0.12, 10.0.1226.42308), X64 RyuJIT x86-64-v3
// GC=Concurrent Workstation
// HardwareIntrinsics=AVX2+BMI1+BMI2+F16C+FMA+LZCNT+MOVBE,AVX,SSE3+SSSE3+SSE4.1+SSE4.2+POPCNT,X86Base+SSE+SSE2,AES+PCLMUL VectorSize=256
// Job: Job-MIBMUQ(IterationCount=9, IterationTime=250ms, LaunchCount=1, WarmupCount=5)

WorkloadJitting  1: 1 op, 90800.00 ns, 90.8000 us/op
WorkloadJitting  2: 30 op, 2826700.00 ns, 94.2233 us/op
WorkloadJitting  3: 30 op, 2285500.00 ns, 76.1833 us/op
WorkloadJitting  4: 30 op, 2158100.00 ns, 71.9367 us/op
WorkloadJitting  5: 1 op, 54600.00 ns, 54.6000 us/op

WorkloadPilot    1: 1 op, 22400.00 ns, 22.4000 us/op

WorkloadPilot    1: 16 op, 1118300.00 ns, 69.8938 us/op
WorkloadPilot    2: 3584 op, 276305200.00 ns, 77.0941 us/op
WorkloadPilot    3: 3248 op, 243677100.00 ns, 75.0237 us/op
WorkloadPilot    4: 3344 op, 264333100.00 ns, 79.0470 us/op
WorkloadPilot    5: 3168 op, 242193600.00 ns, 76.4500 us/op
WorkloadPilot    6: 3280 op, 248516100.00 ns, 75.7671 us/op
WorkloadPilot    7: 3312 op, 253767300.00 ns, 76.6206 us/op

WorkloadWarmup   1: 3312 op, 262836600.00 ns, 79.3589 us/op
WorkloadWarmup   2: 3312 op, 282212000.00 ns, 85.2089 us/op
WorkloadWarmup   3: 3312 op, 292880200.00 ns, 88.4300 us/op
WorkloadWarmup   4: 3312 op, 302584700.00 ns, 91.3601 us/op
WorkloadWarmup   5: 3312 op, 317274000.00 ns, 95.7953 us/op

// BeforeActualRun
WorkloadActual   1: 3312 op, 304325200.00 ns, 91.8856 us/op
WorkloadActual   2: 3312 op, 296724800.00 ns, 89.5908 us/op
WorkloadActual   3: 3312 op, 321422100.00 ns, 97.0477 us/op
WorkloadActual   4: 3312 op, 300806200.00 ns, 90.8231 us/op
WorkloadActual   5: 3312 op, 309664900.00 ns, 93.4979 us/op
WorkloadActual   6: 3312 op, 304634800.00 ns, 91.9791 us/op
WorkloadActual   7: 3312 op, 311292800.00 ns, 93.9894 us/op
WorkloadActual   8: 3312 op, 342409000.00 ns, 103.3844 us/op
WorkloadActual   9: 3312 op, 325937300.00 ns, 98.4110 us/op

// AfterActualRun
// BeforeExtraIteration
// AfterExtraIteration
WorkloadExtra    1: 3312 op, 350101600.00 ns, 105.7070 us/op
WorkloadResult   1: 3312 op, 304325200.00 ns, 91.8856 us/op
WorkloadResult   2: 3312 op, 296724800.00 ns, 89.5908 us/op
WorkloadResult   3: 3312 op, 321422100.00 ns, 97.0477 us/op
WorkloadResult   4: 3312 op, 300806200.00 ns, 90.8231 us/op
WorkloadResult   5: 3312 op, 309664900.00 ns, 93.4979 us/op
WorkloadResult   6: 3312 op, 304634800.00 ns, 91.9791 us/op
WorkloadResult   7: 3312 op, 311292800.00 ns, 93.9894 us/op
WorkloadResult   8: 3312 op, 342409000.00 ns, 103.3844 us/op
WorkloadResult   9: 3312 op, 325937300.00 ns, 98.4110 us/op
// GC:  275 275 275 868934688 3312

// AfterAll
// Benchmark Process 438636 has exited with code 0.

Mean = 94.512 μs, StdErr = 1.457 μs (1.54%), N = 9, StdDev = 4.370 μs
Min = 89.591 μs, Q1 = 91.886 μs, Median = 93.498 μs, Q3 = 97.048 μs, Max = 103.384 μs
IQR = 5.162 μs, LowerFence = 84.142 μs, UpperFence = 104.791 μs
ConfidenceInterval = [87.168 μs; 101.856 μs] (CI 99.9%), Margin = 7.344 μs (7.77% of Mean)
Skewness = 0.76, Kurtosis = 2.23, MValue = 2

// ** Remained 23 (47.9%) benchmark(s) to run. Estimated finish 2026-09-20 10:32 (0h 3m from now) **
Setup power plan (GUID: 8c5e7fda-e8bf-4a96-9a85-a6e23a8c635c FriendlyName: High performance)
// **************************
// Benchmark: DeferredChunkWrites.DeferredEdits: Job-MIBMUQ(IterationCount=9, IterationTime=250ms, LaunchCount=1, WarmupCount=5) [WriteCount=20, Pattern=Uniform]
// *** Execute ***
// Launch: 1 / 1
// Execute: dotnet Tedd.Voxtree.Benchmark-Job-MIBMUQ-1.dll --ipcPort 65149 --benchmarkName "Tedd.Voxtree.Benchmark.Tests.DeferredChunkWrites.DeferredEdits(WriteCount: 20, Pattern: Uniform)" --job "IterationCount=9, IterationTime=250ms, LaunchCount=1, WarmupCount=5" --diagnoserRunMode 3 --benchmarkId 25 in C:\Users\tedd\.codex\worktrees\deferred-chunk-writes\Tedd.Voxtree\src\Tedd.Voxtree.Benchmark\bin\Release\net10.0\Tedd.Voxtree.Benchmark-Job-MIBMUQ-1\bin\Release\net10.0
// BeforeAnythingElse

// Benchmark Process Environment Information:
// BenchmarkDotNet v0.16.0-preview.1
// Runtime=.NET 10.0.12 (10.0.12, 10.0.1226.42308), X64 RyuJIT x86-64-v3
// GC=Concurrent Workstation
// HardwareIntrinsics=AVX2+BMI1+BMI2+F16C+FMA+LZCNT+MOVBE,AVX,SSE3+SSSE3+SSE4.1+SSE4.2+POPCNT,X86Base+SSE+SSE2,AES+PCLMUL VectorSize=256
// Job: Job-MIBMUQ(IterationCount=9, IterationTime=250ms, LaunchCount=1, WarmupCount=5)

WorkloadJitting  1: 1 op, 47500.00 ns, 47.5000 us/op
WorkloadJitting  2: 30 op, 161100.00 ns, 5.3700 us/op
WorkloadJitting  3: 30 op, 64500.00 ns, 2.1500 us/op
WorkloadJitting  4: 30 op, 292400.00 ns, 9.7467 us/op
WorkloadJitting  5: 1 op, 4100.00 ns, 4.1000 us/op

WorkloadPilot    1: 1 op, 3400.00 ns, 3.4000 us/op

WorkloadPilot    1: 16 op, 9200.00 ns, 575.0000 ns/op
WorkloadPilot    2: 434784 op, 142062300.00 ns, 326.7422 ns/op
WorkloadPilot    3: 765136 op, 241262900.00 ns, 315.3203 ns/op
WorkloadPilot    4: 792848 op, 250675500.00 ns, 316.1709 ns/op
WorkloadPilot    5: 790720 op, 249833800.00 ns, 315.9574 ns/op
WorkloadPilot    6: 791248 op, 248573100.00 ns, 314.1532 ns/op
WorkloadPilot    7: 795792 op, 250667500.00 ns, 314.9912 ns/op
WorkloadPilot    8: 793680 op, 250448800.00 ns, 315.5539 ns/op

WorkloadWarmup   1: 793680 op, 256870500.00 ns, 323.6449 ns/op
WorkloadWarmup   2: 793680 op, 304972300.00 ns, 384.2510 ns/op
WorkloadWarmup   3: 793680 op, 340833100.00 ns, 429.4339 ns/op
WorkloadWarmup   4: 793680 op, 282379400.00 ns, 355.7850 ns/op
WorkloadWarmup   5: 793680 op, 282540500.00 ns, 355.9879 ns/op

// BeforeActualRun
WorkloadActual   1: 793680 op, 301528400.00 ns, 379.9118 ns/op
WorkloadActual   2: 793680 op, 332080300.00 ns, 418.4058 ns/op
WorkloadActual   3: 793680 op, 322602000.00 ns, 406.4636 ns/op
WorkloadActual   4: 793680 op, 291237300.00 ns, 366.9455 ns/op
WorkloadActual   5: 793680 op, 319434700.00 ns, 402.4729 ns/op
WorkloadActual   6: 793680 op, 316248800.00 ns, 398.4588 ns/op
WorkloadActual   7: 793680 op, 306459600.00 ns, 386.1249 ns/op
WorkloadActual   8: 793680 op, 300486300.00 ns, 378.5988 ns/op
WorkloadActual   9: 793680 op, 288409000.00 ns, 363.3820 ns/op

// AfterActualRun
// BeforeExtraIteration
// AfterExtraIteration
WorkloadExtra    1: 793680 op, 325917000.00 ns, 410.6403 ns/op
WorkloadResult   1: 793680 op, 301528400.00 ns, 379.9118 ns/op
WorkloadResult   2: 793680 op, 332080300.00 ns, 418.4058 ns/op
WorkloadResult   3: 793680 op, 322602000.00 ns, 406.4636 ns/op
WorkloadResult   4: 793680 op, 291237300.00 ns, 366.9455 ns/op
WorkloadResult   5: 793680 op, 319434700.00 ns, 402.4729 ns/op
WorkloadResult   6: 793680 op, 316248800.00 ns, 398.4588 ns/op
WorkloadResult   7: 793680 op, 306459600.00 ns, 386.1249 ns/op
WorkloadResult   8: 793680 op, 300486300.00 ns, 378.5988 ns/op
WorkloadResult   9: 793680 op, 288409000.00 ns, 363.3820 ns/op
// GC:  7 0 0 120639360 793680

// AfterAll
// Benchmark Process 503408 has exited with code 0.

Mean = 388.974 ns, StdErr = 6.216 ns (1.60%), N = 9, StdDev = 18.649 ns
Min = 363.382 ns, Q1 = 378.599 ns, Median = 386.125 ns, Q3 = 402.473 ns, Max = 418.406 ns
IQR = 23.874 ns, LowerFence = 342.788 ns, UpperFence = 438.284 ns
ConfidenceInterval = [357.635 ns; 420.313 ns] (CI 99.9%), Margin = 31.339 ns (8.06% of Mean)
Skewness = 0.08, Kurtosis = 1.44, MValue = 3.6

// ** Remained 22 (45.8%) benchmark(s) to run. Estimated finish 2026-09-20 10:32 (0h 2m from now) **
Setup power plan (GUID: 8c5e7fda-e8bf-4a96-9a85-a6e23a8c635c FriendlyName: High performance)
// **************************
// Benchmark: DeferredChunkWrites.MarkHotEdits: Job-MIBMUQ(IterationCount=9, IterationTime=250ms, LaunchCount=1, WarmupCount=5) [WriteCount=20, Pattern=Terrain]
// *** Execute ***
// Launch: 1 / 1
// Execute: dotnet Tedd.Voxtree.Benchmark-Job-MIBMUQ-1.dll --ipcPort 65155 --benchmarkName "Tedd.Voxtree.Benchmark.Tests.DeferredChunkWrites.MarkHotEdits(WriteCount: 20, Pattern: Terrain)" --job "IterationCount=9, IterationTime=250ms, LaunchCount=1, WarmupCount=5" --diagnoserRunMode 3 --benchmarkId 26 in C:\Users\tedd\.codex\worktrees\deferred-chunk-writes\Tedd.Voxtree\src\Tedd.Voxtree.Benchmark\bin\Release\net10.0\Tedd.Voxtree.Benchmark-Job-MIBMUQ-1\bin\Release\net10.0
// BeforeAnythingElse

// Benchmark Process Environment Information:
// BenchmarkDotNet v0.16.0-preview.1
// Runtime=.NET 10.0.12 (10.0.12, 10.0.1226.42308), X64 RyuJIT x86-64-v3
// GC=Concurrent Workstation
// HardwareIntrinsics=AVX2+BMI1+BMI2+F16C+FMA+LZCNT+MOVBE,AVX,SSE3+SSSE3+SSE4.1+SSE4.2+POPCNT,X86Base+SSE+SSE2,AES+PCLMUL VectorSize=256
// Job: Job-MIBMUQ(IterationCount=9, IterationTime=250ms, LaunchCount=1, WarmupCount=5)

WorkloadJitting  1: 1 op, 383000.00 ns, 383.0000 us/op
WorkloadJitting  2: 30 op, 10591600.00 ns, 353.0533 us/op
WorkloadJitting  3: 30 op, 3922500.00 ns, 130.7500 us/op
WorkloadJitting  4: 30 op, 3715300.00 ns, 123.8433 us/op
WorkloadJitting  5: 1 op, 71300.00 ns, 71.3000 us/op

WorkloadPilot    1: 1 op, 66300.00 ns, 66.3000 us/op

WorkloadPilot    1: 16 op, 1896300.00 ns, 118.5188 us/op
WorkloadPilot    2: 2112 op, 259950900.00 ns, 123.0828 us/op
WorkloadPilot    3: 2032 op, 258401700.00 ns, 127.1662 us/op
WorkloadPilot    4: 1968 op, 246076000.00 ns, 125.0386 us/op
WorkloadPilot    5: 2000 op, 247446800.00 ns, 123.7234 us/op
WorkloadPilot    6: 2032 op, 256862500.00 ns, 126.4087 us/op

WorkloadWarmup   1: 2032 op, 251298900.00 ns, 123.6707 us/op
WorkloadWarmup   2: 2032 op, 249590600.00 ns, 122.8300 us/op
WorkloadWarmup   3: 2032 op, 310489700.00 ns, 152.8000 us/op
WorkloadWarmup   4: 2032 op, 364959700.00 ns, 179.6062 us/op
WorkloadWarmup   5: 2032 op, 363899800.00 ns, 179.0845 us/op

// BeforeActualRun
WorkloadActual   1: 2032 op, 359084000.00 ns, 176.7146 us/op
WorkloadActual   2: 2032 op, 324775700.00 ns, 159.8306 us/op
WorkloadActual   3: 2032 op, 337745300.00 ns, 166.2132 us/op
WorkloadActual   4: 2032 op, 315901600.00 ns, 155.4634 us/op
WorkloadActual   5: 2032 op, 302715000.00 ns, 148.9739 us/op
WorkloadActual   6: 2032 op, 335286800.00 ns, 165.0033 us/op
WorkloadActual   7: 2032 op, 313708100.00 ns, 154.3839 us/op
WorkloadActual   8: 2032 op, 288475800.00 ns, 141.9664 us/op
WorkloadActual   9: 2032 op, 309567400.00 ns, 152.3462 us/op

// AfterActualRun
// BeforeExtraIteration
// AfterExtraIteration
WorkloadExtra    1: 2032 op, 293073800.00 ns, 144.2292 us/op
WorkloadResult   1: 2032 op, 359084000.00 ns, 176.7146 us/op
WorkloadResult   2: 2032 op, 324775700.00 ns, 159.8306 us/op
WorkloadResult   3: 2032 op, 337745300.00 ns, 166.2132 us/op
WorkloadResult   4: 2032 op, 315901600.00 ns, 155.4634 us/op
WorkloadResult   5: 2032 op, 302715000.00 ns, 148.9739 us/op
WorkloadResult   6: 2032 op, 335286800.00 ns, 165.0033 us/op
WorkloadResult   7: 2032 op, 313708100.00 ns, 154.3839 us/op
WorkloadResult   8: 2032 op, 288475800.00 ns, 141.9664 us/op
WorkloadResult   9: 2032 op, 309567400.00 ns, 152.3462 us/op
// GC:  169 169 169 533114976 2032

// AfterAll
// Benchmark Process 198412 has exited with code 0.

Mean = 157.877 μs, StdErr = 3.456 μs (2.19%), N = 9, StdDev = 10.368 μs
Min = 141.966 μs, Q1 = 152.346 μs, Median = 155.463 μs, Q3 = 165.003 μs, Max = 176.715 μs
IQR = 12.657 μs, LowerFence = 133.360 μs, UpperFence = 183.989 μs
ConfidenceInterval = [140.454 μs; 175.300 μs] (CI 99.9%), Margin = 17.423 μs (11.04% of Mean)
Skewness = 0.27, Kurtosis = 1.97, MValue = 2

// ** Remained 21 (43.8%) benchmark(s) to run. Estimated finish 2026-09-20 10:32 (0h 2m from now) **
Setup power plan (GUID: 8c5e7fda-e8bf-4a96-9a85-a6e23a8c635c FriendlyName: High performance)
// **************************
// Benchmark: DeferredChunkWrites.DeferredEdits: Job-MIBMUQ(IterationCount=9, IterationTime=250ms, LaunchCount=1, WarmupCount=5) [WriteCount=20, Pattern=Terrain]
// *** Execute ***
// Launch: 1 / 1
// Execute: dotnet Tedd.Voxtree.Benchmark-Job-MIBMUQ-1.dll --ipcPort 65161 --benchmarkName "Tedd.Voxtree.Benchmark.Tests.DeferredChunkWrites.DeferredEdits(WriteCount: 20, Pattern: Terrain)" --job "IterationCount=9, IterationTime=250ms, LaunchCount=1, WarmupCount=5" --diagnoserRunMode 3 --benchmarkId 27 in C:\Users\tedd\.codex\worktrees\deferred-chunk-writes\Tedd.Voxtree\src\Tedd.Voxtree.Benchmark\bin\Release\net10.0\Tedd.Voxtree.Benchmark-Job-MIBMUQ-1\bin\Release\net10.0
// BeforeAnythingElse

// Benchmark Process Environment Information:
// BenchmarkDotNet v0.16.0-preview.1
// Runtime=.NET 10.0.12 (10.0.12, 10.0.1226.42308), X64 RyuJIT x86-64-v3
// GC=Concurrent Workstation
// HardwareIntrinsics=AVX2+BMI1+BMI2+F16C+FMA+LZCNT+MOVBE,AVX,SSE3+SSSE3+SSE4.1+SSE4.2+POPCNT,X86Base+SSE+SSE2,AES+PCLMUL VectorSize=256
// Job: Job-MIBMUQ(IterationCount=9, IterationTime=250ms, LaunchCount=1, WarmupCount=5)

WorkloadJitting  1: 1 op, 44600.00 ns, 44.6000 us/op
WorkloadJitting  2: 30 op, 133500.00 ns, 4.4500 us/op
WorkloadJitting  3: 30 op, 144200.00 ns, 4.8067 us/op
WorkloadJitting  4: 30 op, 283500.00 ns, 9.4500 us/op
WorkloadJitting  5: 1 op, 4100.00 ns, 4.1000 us/op

WorkloadPilot    1: 1 op, 3100.00 ns, 3.1000 us/op

WorkloadPilot    1: 16 op, 14100.00 ns, 881.2500 ns/op
WorkloadPilot    2: 283696 op, 95377900.00 ns, 336.1975 ns/op
WorkloadPilot    3: 743616 op, 236364400.00 ns, 317.8581 ns/op
WorkloadPilot    4: 786528 op, 249303200.00 ns, 316.9667 ns/op
WorkloadPilot    5: 788736 op, 249760400.00 ns, 316.6591 ns/op
WorkloadPilot    6: 789504 op, 249970200.00 ns, 316.6168 ns/op
WorkloadPilot    7: 789600 op, 251114000.00 ns, 318.0268 ns/op
WorkloadPilot    8: 786112 op, 249255200.00 ns, 317.0734 ns/op
WorkloadPilot    9: 788464 op, 253339100.00 ns, 321.3071 ns/op
WorkloadPilot   10: 778080 op, 304956100.00 ns, 391.9341 ns/op

WorkloadWarmup   1: 778080 op, 310815300.00 ns, 399.4645 ns/op
WorkloadWarmup   2: 778080 op, 283323700.00 ns, 364.1318 ns/op
WorkloadWarmup   3: 778080 op, 327045800.00 ns, 420.3241 ns/op
WorkloadWarmup   4: 778080 op, 323694400.00 ns, 416.0169 ns/op
WorkloadWarmup   5: 778080 op, 296610100.00 ns, 381.2077 ns/op

// BeforeActualRun
WorkloadActual   1: 778080 op, 344071600.00 ns, 442.2059 ns/op
WorkloadActual   2: 778080 op, 286327700.00 ns, 367.9926 ns/op
WorkloadActual   3: 778080 op, 337634100.00 ns, 433.9324 ns/op
WorkloadActual   4: 778080 op, 316579900.00 ns, 406.8732 ns/op
WorkloadActual   5: 778080 op, 370479400.00 ns, 476.1456 ns/op
WorkloadActual   6: 778080 op, 274968000.00 ns, 353.3930 ns/op
WorkloadActual   7: 778080 op, 345727200.00 ns, 444.3337 ns/op
WorkloadActual   8: 778080 op, 293329400.00 ns, 376.9913 ns/op
WorkloadActual   9: 778080 op, 344619200.00 ns, 442.9097 ns/op

// AfterActualRun
// BeforeExtraIteration
// AfterExtraIteration
WorkloadExtra    1: 778080 op, 329863300.00 ns, 423.9452 ns/op
WorkloadResult   1: 778080 op, 344071600.00 ns, 442.2059 ns/op
WorkloadResult   2: 778080 op, 286327700.00 ns, 367.9926 ns/op
WorkloadResult   3: 778080 op, 337634100.00 ns, 433.9324 ns/op
WorkloadResult   4: 778080 op, 316579900.00 ns, 406.8732 ns/op
WorkloadResult   5: 778080 op, 370479400.00 ns, 476.1456 ns/op
WorkloadResult   6: 778080 op, 274968000.00 ns, 353.3930 ns/op
WorkloadResult   7: 778080 op, 345727200.00 ns, 444.3337 ns/op
WorkloadResult   8: 778080 op, 293329400.00 ns, 376.9913 ns/op
WorkloadResult   9: 778080 op, 344619200.00 ns, 442.9097 ns/op
// GC:  7 0 0 118268160 778080

// AfterAll
// Benchmark Process 444696 has exited with code 0.

Mean = 416.086 ns, StdErr = 13.935 ns (3.35%), N = 9, StdDev = 41.806 ns
Min = 353.393 ns, Q1 = 376.991 ns, Median = 433.932 ns, Q3 = 442.910 ns, Max = 476.146 ns
IQR = 65.918 ns, LowerFence = 278.114 ns, UpperFence = 541.787 ns
ConfidenceInterval = [345.834 ns; 486.339 ns] (CI 99.9%), Margin = 70.252 ns (16.88% of Mean)
Skewness = -0.21, Kurtosis = 1.38, MValue = 2

// ** Remained 20 (41.7%) benchmark(s) to run. Estimated finish 2026-09-20 10:32 (0h 2m from now) **
Setup power plan (GUID: 8c5e7fda-e8bf-4a96-9a85-a6e23a8c635c FriendlyName: High performance)
// **************************
// Benchmark: DeferredChunkWrites.MarkHotAndCommit: Job-MIBMUQ(IterationCount=9, IterationTime=250ms, LaunchCount=1, WarmupCount=5) [WriteCount=1, Pattern=Uniform]
// *** Execute ***
// Launch: 1 / 1
// Execute: dotnet Tedd.Voxtree.Benchmark-Job-MIBMUQ-1.dll --ipcPort 65170 --benchmarkName "Tedd.Voxtree.Benchmark.Tests.DeferredChunkWrites.MarkHotAndCommit(WriteCount: 1, Pattern: Uniform)" --job "IterationCount=9, IterationTime=250ms, LaunchCount=1, WarmupCount=5" --diagnoserRunMode 3 --benchmarkId 28 in C:\Users\tedd\.codex\worktrees\deferred-chunk-writes\Tedd.Voxtree\src\Tedd.Voxtree.Benchmark\bin\Release\net10.0\Tedd.Voxtree.Benchmark-Job-MIBMUQ-1\bin\Release\net10.0
// BeforeAnythingElse

// Benchmark Process Environment Information:
// BenchmarkDotNet v0.16.0-preview.1
// Runtime=.NET 10.0.12 (10.0.12, 10.0.1226.42308), X64 RyuJIT x86-64-v3
// GC=Concurrent Workstation
// HardwareIntrinsics=AVX2+BMI1+BMI2+F16C+FMA+LZCNT+MOVBE,AVX,SSE3+SSSE3+SSE4.1+SSE4.2+POPCNT,X86Base+SSE+SSE2,AES+PCLMUL VectorSize=256
// Job: Job-MIBMUQ(IterationCount=9, IterationTime=250ms, LaunchCount=1, WarmupCount=5)

WorkloadJitting  1: 1 op, 133400.00 ns, 133.4000 us/op
WorkloadJitting  2: 30 op, 5520200.00 ns, 184.0067 us/op
WorkloadJitting  3: 30 op, 2823600.00 ns, 94.1200 us/op
WorkloadJitting  4: 30 op, 2586500.00 ns, 86.2167 us/op
WorkloadJitting  5: 1 op, 35900.00 ns, 35.9000 us/op

WorkloadPilot    1: 1 op, 29200.00 ns, 29.2000 us/op

WorkloadPilot    1: 16 op, 1322000.00 ns, 82.6250 us/op
WorkloadPilot    2: 3040 op, 266876900.00 ns, 87.7885 us/op
WorkloadPilot    3: 2848 op, 253968400.00 ns, 89.1743 us/op
WorkloadPilot    4: 2816 op, 248663600.00 ns, 88.3038 us/op
WorkloadPilot    5: 2832 op, 266168300.00 ns, 93.9860 us/op

WorkloadWarmup   1: 2832 op, 249433800.00 ns, 88.0769 us/op
WorkloadWarmup   2: 2832 op, 250426400.00 ns, 88.4274 us/op
WorkloadWarmup   3: 2832 op, 258944900.00 ns, 91.4353 us/op
WorkloadWarmup   4: 2832 op, 293736600.00 ns, 103.7206 us/op
WorkloadWarmup   5: 2832 op, 318189900.00 ns, 112.3552 us/op

// BeforeActualRun
WorkloadActual   1: 2832 op, 285197600.00 ns, 100.7054 us/op
WorkloadActual   2: 2832 op, 301078900.00 ns, 106.3132 us/op
WorkloadActual   3: 2832 op, 300063800.00 ns, 105.9547 us/op
WorkloadActual   4: 2832 op, 281595900.00 ns, 99.4336 us/op
WorkloadActual   5: 2832 op, 295192500.00 ns, 104.2346 us/op
WorkloadActual   6: 2832 op, 285443000.00 ns, 100.7920 us/op
WorkloadActual   7: 2832 op, 297803700.00 ns, 105.1567 us/op
WorkloadActual   8: 2832 op, 285200700.00 ns, 100.7065 us/op
WorkloadActual   9: 2832 op, 308900500.00 ns, 109.0750 us/op

// AfterActualRun
// BeforeExtraIteration
// AfterExtraIteration
WorkloadExtra    1: 2832 op, 298159000.00 ns, 105.2821 us/op
WorkloadResult   1: 2832 op, 285197600.00 ns, 100.7054 us/op
WorkloadResult   2: 2832 op, 301078900.00 ns, 106.3132 us/op
WorkloadResult   3: 2832 op, 300063800.00 ns, 105.9547 us/op
WorkloadResult   4: 2832 op, 281595900.00 ns, 99.4336 us/op
WorkloadResult   5: 2832 op, 295192500.00 ns, 104.2346 us/op
WorkloadResult   6: 2832 op, 285443000.00 ns, 100.7920 us/op
WorkloadResult   7: 2832 op, 297803700.00 ns, 105.1567 us/op
WorkloadResult   8: 2832 op, 285200700.00 ns, 100.7065 us/op
WorkloadResult   9: 2832 op, 308900500.00 ns, 109.0750 us/op
// GC:  235 235 235 743681568 2832

// AfterAll
// Benchmark Process 135576 has exited with code 0.

Mean = 103.597 μs, StdErr = 1.104 μs (1.07%), N = 9, StdDev = 3.311 μs
Min = 99.434 μs, Q1 = 100.706 μs, Median = 104.235 μs, Q3 = 105.955 μs, Max = 109.075 μs
IQR = 5.248 μs, LowerFence = 92.834 μs, UpperFence = 113.827 μs
ConfidenceInterval = [98.033 μs; 109.161 μs] (CI 99.9%), Margin = 5.564 μs (5.37% of Mean)
Skewness = 0.18, Kurtosis = 1.38, MValue = 2

// ** Remained 19 (39.6%) benchmark(s) to run. Estimated finish 2026-09-20 10:32 (0h 2m from now) **
Setup power plan (GUID: 8c5e7fda-e8bf-4a96-9a85-a6e23a8c635c FriendlyName: High performance)
// **************************
// Benchmark: DeferredChunkWrites.DeferredAndRepackage: Job-MIBMUQ(IterationCount=9, IterationTime=250ms, LaunchCount=1, WarmupCount=5) [WriteCount=1, Pattern=Uniform]
// *** Execute ***
// Launch: 1 / 1
// Execute: dotnet Tedd.Voxtree.Benchmark-Job-MIBMUQ-1.dll --ipcPort 65183 --benchmarkName "Tedd.Voxtree.Benchmark.Tests.DeferredChunkWrites.DeferredAndRepackage(WriteCount: 1, Pattern: Uniform)" --job "IterationCount=9, IterationTime=250ms, LaunchCount=1, WarmupCount=5" --diagnoserRunMode 3 --benchmarkId 29 in C:\Users\tedd\.codex\worktrees\deferred-chunk-writes\Tedd.Voxtree\src\Tedd.Voxtree.Benchmark\bin\Release\net10.0\Tedd.Voxtree.Benchmark-Job-MIBMUQ-1\bin\Release\net10.0
// BeforeAnythingElse

// Benchmark Process Environment Information:
// BenchmarkDotNet v0.16.0-preview.1
// Runtime=.NET 10.0.12 (10.0.12, 10.0.1226.42308), X64 RyuJIT x86-64-v3
// GC=Concurrent Workstation
// HardwareIntrinsics=AVX2+BMI1+BMI2+F16C+FMA+LZCNT+MOVBE,AVX,SSE3+SSSE3+SSE4.1+SSE4.2+POPCNT,X86Base+SSE+SSE2,AES+PCLMUL VectorSize=256
// Job: Job-MIBMUQ(IterationCount=9, IterationTime=250ms, LaunchCount=1, WarmupCount=5)

WorkloadJitting  1: 1 op, 150000.00 ns, 150.0000 us/op
WorkloadJitting  2: 30 op, 2497100.00 ns, 83.2367 us/op
WorkloadJitting  3: 30 op, 573500.00 ns, 19.1167 us/op
WorkloadJitting  4: 30 op, 378500.00 ns, 12.6167 us/op
WorkloadJitting  5: 1 op, 27100.00 ns, 27.1000 us/op

WorkloadPilot    1: 1 op, 20200.00 ns, 20.2000 us/op

WorkloadPilot    1: 16 op, 198800.00 ns, 12.4250 us/op
WorkloadPilot    2: 20128 op, 241716400.00 ns, 12.0090 us/op
WorkloadPilot    3: 20832 op, 249357800.00 ns, 11.9699 us/op
WorkloadPilot    4: 20896 op, 247207200.00 ns, 11.8304 us/op
WorkloadPilot    5: 21136 op, 250694700.00 ns, 11.8610 us/op
WorkloadPilot    6: 21088 op, 251630900.00 ns, 11.9324 us/op
WorkloadPilot    7: 20960 op, 249187700.00 ns, 11.8887 us/op
WorkloadPilot    8: 21040 op, 249083800.00 ns, 11.8386 us/op
WorkloadPilot    9: 21120 op, 271517800.00 ns, 12.8560 us/op

WorkloadWarmup   1: 21120 op, 311626500.00 ns, 14.7550 us/op
WorkloadWarmup   2: 21120 op, 307647800.00 ns, 14.5667 us/op
WorkloadWarmup   3: 21120 op, 296333300.00 ns, 14.0309 us/op
WorkloadWarmup   4: 21120 op, 311202400.00 ns, 14.7350 us/op
WorkloadWarmup   5: 21120 op, 356299800.00 ns, 16.8703 us/op

// BeforeActualRun
WorkloadActual   1: 21120 op, 294772100.00 ns, 13.9570 us/op
WorkloadActual   2: 21120 op, 295373900.00 ns, 13.9855 us/op
WorkloadActual   3: 21120 op, 367227000.00 ns, 17.3876 us/op
WorkloadActual   4: 21120 op, 305967900.00 ns, 14.4871 us/op
WorkloadActual   5: 21120 op, 355095000.00 ns, 16.8132 us/op
WorkloadActual   6: 21120 op, 315567400.00 ns, 14.9416 us/op
WorkloadActual   7: 21120 op, 281293200.00 ns, 13.3188 us/op
WorkloadActual   8: 21120 op, 379214200.00 ns, 17.9552 us/op
WorkloadActual   9: 21120 op, 286869100.00 ns, 13.5828 us/op

// AfterActualRun
// BeforeExtraIteration
// AfterExtraIteration
WorkloadExtra    1: 21120 op, 338706200.00 ns, 16.0372 us/op
WorkloadResult   1: 21120 op, 294772100.00 ns, 13.9570 us/op
WorkloadResult   2: 21120 op, 295373900.00 ns, 13.9855 us/op
WorkloadResult   3: 21120 op, 367227000.00 ns, 17.3876 us/op
WorkloadResult   4: 21120 op, 305967900.00 ns, 14.4871 us/op
WorkloadResult   5: 21120 op, 355095000.00 ns, 16.8132 us/op
WorkloadResult   6: 21120 op, 315567400.00 ns, 14.9416 us/op
WorkloadResult   7: 21120 op, 281293200.00 ns, 13.3188 us/op
WorkloadResult   8: 21120 op, 379214200.00 ns, 17.9552 us/op
WorkloadResult   9: 21120 op, 286869100.00 ns, 13.5828 us/op
// GC:  0 0 0 10137600 21120

// AfterAll
// Benchmark Process 224704 has exited with code 0.

Mean = 15.159 μs, StdErr = 0.586 μs (3.86%), N = 9, StdDev = 1.758 μs
Min = 13.319 μs, Q1 = 13.957 μs, Median = 14.487 μs, Q3 = 16.813 μs, Max = 17.955 μs
IQR = 2.856 μs, LowerFence = 9.673 μs, UpperFence = 21.098 μs
ConfidenceInterval = [12.205 μs; 18.112 μs] (CI 99.9%), Margin = 2.954 μs (19.48% of Mean)
Skewness = 0.48, Kurtosis = 1.34, MValue = 3

// ** Remained 18 (37.5%) benchmark(s) to run. Estimated finish 2026-09-20 10:32 (0h 2m from now) **
Setup power plan (GUID: 8c5e7fda-e8bf-4a96-9a85-a6e23a8c635c FriendlyName: High performance)
// **************************
// Benchmark: DeferredChunkWrites.MarkHotAndCommit: Job-MIBMUQ(IterationCount=9, IterationTime=250ms, LaunchCount=1, WarmupCount=5) [WriteCount=1, Pattern=Terrain]
// *** Execute ***
// Launch: 1 / 1
// Execute: dotnet Tedd.Voxtree.Benchmark-Job-MIBMUQ-1.dll --ipcPort 65188 --benchmarkName "Tedd.Voxtree.Benchmark.Tests.DeferredChunkWrites.MarkHotAndCommit(WriteCount: 1, Pattern: Terrain)" --job "IterationCount=9, IterationTime=250ms, LaunchCount=1, WarmupCount=5" --diagnoserRunMode 3 --benchmarkId 30 in C:\Users\tedd\.codex\worktrees\deferred-chunk-writes\Tedd.Voxtree\src\Tedd.Voxtree.Benchmark\bin\Release\net10.0\Tedd.Voxtree.Benchmark-Job-MIBMUQ-1\bin\Release\net10.0
// BeforeAnythingElse

// Benchmark Process Environment Information:
// BenchmarkDotNet v0.16.0-preview.1
// Runtime=.NET 10.0.12 (10.0.12, 10.0.1226.42308), X64 RyuJIT x86-64-v3
// GC=Concurrent Workstation
// HardwareIntrinsics=AVX2+BMI1+BMI2+F16C+FMA+LZCNT+MOVBE,AVX,SSE3+SSSE3+SSE4.1+SSE4.2+POPCNT,X86Base+SSE+SSE2,AES+PCLMUL VectorSize=256
// Job: Job-MIBMUQ(IterationCount=9, IterationTime=250ms, LaunchCount=1, WarmupCount=5)

WorkloadJitting  1: 1 op, 775800.00 ns, 775.8000 us/op
WorkloadJitting  2: 30 op, 15304600.00 ns, 510.1533 us/op
WorkloadJitting  3: 30 op, 7217100.00 ns, 240.5700 us/op
WorkloadJitting  4: 30 op, 6955200.00 ns, 231.8400 us/op
WorkloadJitting  5: 1 op, 191900.00 ns, 191.9000 us/op

WorkloadPilot    1: 1 op, 178600.00 ns, 178.6000 us/op

WorkloadPilot    1: 16 op, 3675700.00 ns, 229.7313 us/op
WorkloadPilot    2: 1088 op, 258082300.00 ns, 237.2080 us/op
WorkloadPilot    3: 1056 op, 251583500.00 ns, 238.2420 us/op

WorkloadWarmup   1: 1056 op, 249726800.00 ns, 236.4837 us/op
WorkloadWarmup   2: 1056 op, 251608300.00 ns, 238.2654 us/op
WorkloadWarmup   3: 1056 op, 249236300.00 ns, 236.0192 us/op
WorkloadWarmup   4: 1056 op, 251920900.00 ns, 238.5615 us/op
WorkloadWarmup   5: 1056 op, 248684200.00 ns, 235.4964 us/op

// BeforeActualRun
WorkloadActual   1: 1056 op, 274873900.00 ns, 260.2973 us/op
WorkloadActual   2: 1056 op, 314308700.00 ns, 297.6408 us/op
WorkloadActual   3: 1056 op, 286564800.00 ns, 271.3682 us/op
WorkloadActual   4: 1056 op, 311047500.00 ns, 294.5526 us/op
WorkloadActual   5: 1056 op, 299602800.00 ns, 283.7148 us/op
WorkloadActual   6: 1056 op, 321064400.00 ns, 304.0383 us/op
WorkloadActual   7: 1056 op, 327956300.00 ns, 310.5647 us/op
WorkloadActual   8: 1056 op, 371419200.00 ns, 351.7227 us/op
WorkloadActual   9: 1056 op, 368562900.00 ns, 349.0179 us/op

// AfterActualRun
// BeforeExtraIteration
// AfterExtraIteration
WorkloadExtra    1: 1056 op, 313602300.00 ns, 296.9719 us/op
WorkloadResult   1: 1056 op, 274873900.00 ns, 260.2973 us/op
WorkloadResult   2: 1056 op, 314308700.00 ns, 297.6408 us/op
WorkloadResult   3: 1056 op, 286564800.00 ns, 271.3682 us/op
WorkloadResult   4: 1056 op, 311047500.00 ns, 294.5526 us/op
WorkloadResult   5: 1056 op, 299602800.00 ns, 283.7148 us/op
WorkloadResult   6: 1056 op, 321064400.00 ns, 304.0383 us/op
WorkloadResult   7: 1056 op, 327956300.00 ns, 310.5647 us/op
WorkloadResult   8: 1056 op, 368562900.00 ns, 349.0179 us/op
// GC:  87 87 87 286284192 1056

// AfterAll
// Benchmark Process 216992 has exited with code 0.

Mean = 296.399 μs, StdErr = 9.565 μs (3.23%), N = 8, StdDev = 27.054 μs
Min = 260.297 μs, Q1 = 280.628 μs, Median = 296.097 μs, Q3 = 305.670 μs, Max = 349.018 μs
IQR = 25.042 μs, LowerFence = 243.066 μs, UpperFence = 343.232 μs
ConfidenceInterval = [244.672 μs; 348.126 μs] (CI 99.9%), Margin = 51.727 μs (17.45% of Mean)
Skewness = 0.53, Kurtosis = 2.29, MValue = 2

// ** Remained 17 (35.4%) benchmark(s) to run. Estimated finish 2026-09-20 10:32 (0h 2m from now) **
Setup power plan (GUID: 8c5e7fda-e8bf-4a96-9a85-a6e23a8c635c FriendlyName: High performance)
// **************************
// Benchmark: DeferredChunkWrites.DeferredAndRepackage: Job-MIBMUQ(IterationCount=9, IterationTime=250ms, LaunchCount=1, WarmupCount=5) [WriteCount=1, Pattern=Terrain]
// *** Execute ***
// Launch: 1 / 1
// Execute: dotnet Tedd.Voxtree.Benchmark-Job-MIBMUQ-1.dll --ipcPort 55618 --benchmarkName "Tedd.Voxtree.Benchmark.Tests.DeferredChunkWrites.DeferredAndRepackage(WriteCount: 1, Pattern: Terrain)" --job "IterationCount=9, IterationTime=250ms, LaunchCount=1, WarmupCount=5" --diagnoserRunMode 3 --benchmarkId 31 in C:\Users\tedd\.codex\worktrees\deferred-chunk-writes\Tedd.Voxtree\src\Tedd.Voxtree.Benchmark\bin\Release\net10.0\Tedd.Voxtree.Benchmark-Job-MIBMUQ-1\bin\Release\net10.0
// BeforeAnythingElse

// Benchmark Process Environment Information:
// BenchmarkDotNet v0.16.0-preview.1
// Runtime=.NET 10.0.12 (10.0.12, 10.0.1226.42308), X64 RyuJIT x86-64-v3
// GC=Concurrent Workstation
// HardwareIntrinsics=AVX2+BMI1+BMI2+F16C+FMA+LZCNT+MOVBE,AVX,SSE3+SSSE3+SSE4.1+SSE4.2+POPCNT,X86Base+SSE+SSE2,AES+PCLMUL VectorSize=256
// Job: Job-MIBMUQ(IterationCount=9, IterationTime=250ms, LaunchCount=1, WarmupCount=5)

WorkloadJitting  1: 1 op, 1040800.00 ns, 1.0408 ms/op
WorkloadJitting  2: 30 op, 10613600.00 ns, 353.7867 us/op
WorkloadJitting  3: 30 op, 5044500.00 ns, 168.1500 us/op
WorkloadJitting  4: 30 op, 4968100.00 ns, 165.6033 us/op
WorkloadJitting  5: 1 op, 180300.00 ns, 180.3000 us/op

WorkloadPilot    1: 1 op, 178100.00 ns, 178.1000 us/op

WorkloadPilot    1: 16 op, 2575600.00 ns, 160.9750 us/op
WorkloadPilot    2: 1568 op, 254764600.00 ns, 162.4774 us/op
WorkloadPilot    3: 1552 op, 248181300.00 ns, 159.9106 us/op
WorkloadPilot    4: 1568 op, 248910800.00 ns, 158.7441 us/op
WorkloadPilot    5: 1584 op, 251969400.00 ns, 159.0716 us/op

WorkloadWarmup   1: 1584 op, 252527900.00 ns, 159.4242 us/op
WorkloadWarmup   2: 1584 op, 251124900.00 ns, 158.5384 us/op
WorkloadWarmup   3: 1584 op, 251985000.00 ns, 159.0814 us/op
WorkloadWarmup   4: 1584 op, 279039300.00 ns, 176.1612 us/op
WorkloadWarmup   5: 1584 op, 297257900.00 ns, 187.6628 us/op

// BeforeActualRun
WorkloadActual   1: 1584 op, 297462400.00 ns, 187.7919 us/op
WorkloadActual   2: 1584 op, 300521200.00 ns, 189.7230 us/op
WorkloadActual   3: 1584 op, 315092000.00 ns, 198.9217 us/op
WorkloadActual   4: 1584 op, 304364600.00 ns, 192.1494 us/op
WorkloadActual   5: 1584 op, 301110200.00 ns, 190.0948 us/op
WorkloadActual   6: 1584 op, 333236200.00 ns, 210.3764 us/op
WorkloadActual   7: 1584 op, 395704400.00 ns, 249.8134 us/op
WorkloadActual   8: 1584 op, 310499500.00 ns, 196.0224 us/op
WorkloadActual   9: 1584 op, 290365100.00 ns, 183.3113 us/op

// AfterActualRun
// BeforeExtraIteration
// AfterExtraIteration
WorkloadExtra    1: 1584 op, 447136300.00 ns, 282.2830 us/op
WorkloadResult   1: 1584 op, 297462400.00 ns, 187.7919 us/op
WorkloadResult   2: 1584 op, 300521200.00 ns, 189.7230 us/op
WorkloadResult   3: 1584 op, 315092000.00 ns, 198.9217 us/op
WorkloadResult   4: 1584 op, 304364600.00 ns, 192.1494 us/op
WorkloadResult   5: 1584 op, 301110200.00 ns, 190.0948 us/op
WorkloadResult   6: 1584 op, 333236200.00 ns, 210.3764 us/op
WorkloadResult   7: 1584 op, 310499500.00 ns, 196.0224 us/op
WorkloadResult   8: 1584 op, 290365100.00 ns, 183.3113 us/op
// GC:  0 0 0 14230656 1584

// AfterAll
// Benchmark Process 288816 has exited with code 0.

Mean = 193.549 μs, StdErr = 2.942 μs (1.52%), N = 8, StdDev = 8.321 μs
Min = 183.311 μs, Q1 = 189.240 μs, Median = 191.122 μs, Q3 = 196.747 μs, Max = 210.376 μs
IQR = 7.507 μs, LowerFence = 177.980 μs, UpperFence = 208.008 μs
ConfidenceInterval = [177.640 μs; 209.458 μs] (CI 99.9%), Margin = 15.909 μs (8.22% of Mean)
Skewness = 0.77, Kurtosis = 2.44, MValue = 2

// ** Remained 16 (33.3%) benchmark(s) to run. Estimated finish 2026-09-20 10:32 (0h 2m from now) **
Setup power plan (GUID: 8c5e7fda-e8bf-4a96-9a85-a6e23a8c635c FriendlyName: High performance)
// **************************
// Benchmark: DeferredChunkWrites.MarkHotAndCommit: Job-MIBMUQ(IterationCount=9, IterationTime=250ms, LaunchCount=1, WarmupCount=5) [WriteCount=5, Pattern=Uniform]
// *** Execute ***
// Launch: 1 / 1
// Execute: dotnet Tedd.Voxtree.Benchmark-Job-MIBMUQ-1.dll --ipcPort 55625 --benchmarkName "Tedd.Voxtree.Benchmark.Tests.DeferredChunkWrites.MarkHotAndCommit(WriteCount: 5, Pattern: Uniform)" --job "IterationCount=9, IterationTime=250ms, LaunchCount=1, WarmupCount=5" --diagnoserRunMode 3 --benchmarkId 32 in C:\Users\tedd\.codex\worktrees\deferred-chunk-writes\Tedd.Voxtree\src\Tedd.Voxtree.Benchmark\bin\Release\net10.0\Tedd.Voxtree.Benchmark-Job-MIBMUQ-1\bin\Release\net10.0
// BeforeAnythingElse

// Benchmark Process Environment Information:
// BenchmarkDotNet v0.16.0-preview.1
// Runtime=.NET 10.0.12 (10.0.12, 10.0.1226.42308), X64 RyuJIT x86-64-v3
// GC=Concurrent Workstation
// HardwareIntrinsics=AVX2+BMI1+BMI2+F16C+FMA+LZCNT+MOVBE,AVX,SSE3+SSSE3+SSE4.1+SSE4.2+POPCNT,X86Base+SSE+SSE2,AES+PCLMUL VectorSize=256
// Job: Job-MIBMUQ(IterationCount=9, IterationTime=250ms, LaunchCount=1, WarmupCount=5)

WorkloadJitting  1: 1 op, 139400.00 ns, 139.4000 us/op
WorkloadJitting  2: 30 op, 5549300.00 ns, 184.9767 us/op
WorkloadJitting  3: 30 op, 2742700.00 ns, 91.4233 us/op
WorkloadJitting  4: 30 op, 2572300.00 ns, 85.7433 us/op
WorkloadJitting  5: 1 op, 37500.00 ns, 37.5000 us/op

WorkloadPilot    1: 1 op, 31300.00 ns, 31.3000 us/op

WorkloadPilot    1: 16 op, 1320000.00 ns, 82.5000 us/op
WorkloadPilot    2: 3040 op, 267056000.00 ns, 87.8474 us/op
WorkloadPilot    3: 2848 op, 246382700.00 ns, 86.5108 us/op
WorkloadPilot    4: 2896 op, 257005800.00 ns, 88.7451 us/op
WorkloadPilot    5: 2832 op, 248884600.00 ns, 87.8830 us/op
WorkloadPilot    6: 2848 op, 252527200.00 ns, 88.6683 us/op

WorkloadWarmup   1: 2848 op, 254138100.00 ns, 89.2339 us/op
WorkloadWarmup   2: 2848 op, 277190700.00 ns, 97.3282 us/op
WorkloadWarmup   3: 2848 op, 284089300.00 ns, 99.7505 us/op
WorkloadWarmup   4: 2848 op, 297157600.00 ns, 104.3390 us/op
WorkloadWarmup   5: 2848 op, 329048800.00 ns, 115.5368 us/op

// BeforeActualRun
WorkloadActual   1: 2848 op, 313942200.00 ns, 110.2325 us/op
WorkloadActual   2: 2848 op, 321244600.00 ns, 112.7966 us/op
WorkloadActual   3: 2848 op, 315917300.00 ns, 110.9260 us/op
WorkloadActual   4: 2848 op, 290577200.00 ns, 102.0285 us/op
WorkloadActual   5: 2848 op, 308394100.00 ns, 108.2844 us/op
WorkloadActual   6: 2848 op, 370774300.00 ns, 130.1876 us/op
WorkloadActual   7: 2848 op, 284117800.00 ns, 99.7605 us/op
WorkloadActual   8: 2848 op, 314649800.00 ns, 110.4810 us/op
WorkloadActual   9: 2848 op, 300142400.00 ns, 105.3871 us/op

// AfterActualRun
// BeforeExtraIteration
// AfterExtraIteration
WorkloadExtra    1: 2848 op, 321016300.00 ns, 112.7164 us/op
WorkloadResult   1: 2848 op, 313942200.00 ns, 110.2325 us/op
WorkloadResult   2: 2848 op, 321244600.00 ns, 112.7966 us/op
WorkloadResult   3: 2848 op, 315917300.00 ns, 110.9260 us/op
WorkloadResult   4: 2848 op, 290577200.00 ns, 102.0285 us/op
WorkloadResult   5: 2848 op, 308394100.00 ns, 108.2844 us/op
WorkloadResult   6: 2848 op, 284117800.00 ns, 99.7605 us/op
WorkloadResult   7: 2848 op, 314649800.00 ns, 110.4810 us/op
WorkloadResult   8: 2848 op, 300142400.00 ns, 105.3871 us/op
// GC:  237 237 237 748134880 2848

// AfterAll
// Benchmark Process 242312 has exited with code 0.

Mean = 107.487 μs, StdErr = 1.642 μs (1.53%), N = 8, StdDev = 4.645 μs
Min = 99.760 μs, Q1 = 104.547 μs, Median = 109.258 μs, Q3 = 110.592 μs, Max = 112.797 μs
IQR = 6.045 μs, LowerFence = 95.480 μs, UpperFence = 119.659 μs
ConfidenceInterval = [98.605 μs; 116.369 μs] (CI 99.9%), Margin = 8.882 μs (8.26% of Mean)
Skewness = -0.49, Kurtosis = 1.49, MValue = 2

// ** Remained 15 (31.2%) benchmark(s) to run. Estimated finish 2026-09-20 10:32 (0h 1m from now) **
Setup power plan (GUID: 8c5e7fda-e8bf-4a96-9a85-a6e23a8c635c FriendlyName: High performance)
// **************************
// Benchmark: DeferredChunkWrites.DeferredAndRepackage: Job-MIBMUQ(IterationCount=9, IterationTime=250ms, LaunchCount=1, WarmupCount=5) [WriteCount=5, Pattern=Uniform]
// *** Execute ***
// Launch: 1 / 1
// Execute: dotnet Tedd.Voxtree.Benchmark-Job-MIBMUQ-1.dll --ipcPort 55634 --benchmarkName "Tedd.Voxtree.Benchmark.Tests.DeferredChunkWrites.DeferredAndRepackage(WriteCount: 5, Pattern: Uniform)" --job "IterationCount=9, IterationTime=250ms, LaunchCount=1, WarmupCount=5" --diagnoserRunMode 3 --benchmarkId 33 in C:\Users\tedd\.codex\worktrees\deferred-chunk-writes\Tedd.Voxtree\src\Tedd.Voxtree.Benchmark\bin\Release\net10.0\Tedd.Voxtree.Benchmark-Job-MIBMUQ-1\bin\Release\net10.0
// BeforeAnythingElse

// Benchmark Process Environment Information:
// BenchmarkDotNet v0.16.0-preview.1
// Runtime=.NET 10.0.12 (10.0.12, 10.0.1226.42308), X64 RyuJIT x86-64-v3
// GC=Concurrent Workstation
// HardwareIntrinsics=AVX2+BMI1+BMI2+F16C+FMA+LZCNT+MOVBE,AVX,SSE3+SSSE3+SSE4.1+SSE4.2+POPCNT,X86Base+SSE+SSE2,AES+PCLMUL VectorSize=256
// Job: Job-MIBMUQ(IterationCount=9, IterationTime=250ms, LaunchCount=1, WarmupCount=5)

WorkloadJitting  1: 1 op, 164200.00 ns, 164.2000 us/op
WorkloadJitting  2: 30 op, 2843500.00 ns, 94.7833 us/op
WorkloadJitting  3: 30 op, 641300.00 ns, 21.3767 us/op
WorkloadJitting  4: 30 op, 422800.00 ns, 14.0933 us/op
WorkloadJitting  5: 1 op, 31400.00 ns, 31.4000 us/op

WorkloadPilot    1: 1 op, 25200.00 ns, 25.2000 us/op

WorkloadPilot    1: 16 op, 288400.00 ns, 18.0250 us/op
WorkloadPilot    2: 13872 op, 186512800.00 ns, 13.4453 us/op
WorkloadPilot    3: 18608 op, 248694200.00 ns, 13.3649 us/op
WorkloadPilot    4: 18720 op, 249244500.00 ns, 13.3143 us/op
WorkloadPilot    5: 18784 op, 248209300.00 ns, 13.2139 us/op
WorkloadPilot    6: 18928 op, 258881900.00 ns, 13.6772 us/op
WorkloadPilot    7: 18288 op, 241991200.00 ns, 13.2322 us/op
WorkloadPilot    8: 18896 op, 250038900.00 ns, 13.2324 us/op

WorkloadWarmup   1: 18896 op, 254925100.00 ns, 13.4910 us/op
WorkloadWarmup   2: 18896 op, 288797000.00 ns, 15.2835 us/op
WorkloadWarmup   3: 18896 op, 286558400.00 ns, 15.1650 us/op
WorkloadWarmup   4: 18896 op, 287177400.00 ns, 15.1978 us/op
WorkloadWarmup   5: 18896 op, 283317900.00 ns, 14.9935 us/op

// BeforeActualRun
WorkloadActual   1: 18896 op, 292627500.00 ns, 15.4862 us/op
WorkloadActual   2: 18896 op, 288787400.00 ns, 15.2830 us/op
WorkloadActual   3: 18896 op, 319901400.00 ns, 16.9296 us/op
WorkloadActual   4: 18896 op, 326923800.00 ns, 17.3012 us/op
WorkloadActual   5: 18896 op, 322041100.00 ns, 17.0428 us/op
WorkloadActual   6: 18896 op, 300692300.00 ns, 15.9130 us/op
WorkloadActual   7: 18896 op, 295327500.00 ns, 15.6291 us/op
WorkloadActual   8: 18896 op, 321883300.00 ns, 17.0345 us/op
WorkloadActual   9: 18896 op, 334796400.00 ns, 17.7178 us/op

// AfterActualRun
// BeforeExtraIteration
// AfterExtraIteration
WorkloadExtra    1: 18896 op, 316200700.00 ns, 16.7337 us/op
WorkloadResult   1: 18896 op, 292627500.00 ns, 15.4862 us/op
WorkloadResult   2: 18896 op, 288787400.00 ns, 15.2830 us/op
WorkloadResult   3: 18896 op, 319901400.00 ns, 16.9296 us/op
WorkloadResult   4: 18896 op, 326923800.00 ns, 17.3012 us/op
WorkloadResult   5: 18896 op, 322041100.00 ns, 17.0428 us/op
WorkloadResult   6: 18896 op, 300692300.00 ns, 15.9130 us/op
WorkloadResult   7: 18896 op, 295327500.00 ns, 15.6291 us/op
WorkloadResult   8: 18896 op, 321883300.00 ns, 17.0345 us/op
WorkloadResult   9: 18896 op, 334796400.00 ns, 17.7178 us/op
// GC:  0 0 0 10732928 18896

// AfterAll
// Benchmark Process 275784 has exited with code 0.

Mean = 16.482 μs, StdErr = 0.300 μs (1.82%), N = 9, StdDev = 0.901 μs
Min = 15.283 μs, Q1 = 15.629 μs, Median = 16.930 μs, Q3 = 17.043 μs, Max = 17.718 μs
IQR = 1.414 μs, LowerFence = 13.509 μs, UpperFence = 19.163 μs
ConfidenceInterval = [14.967 μs; 17.997 μs] (CI 99.9%), Margin = 1.515 μs (9.19% of Mean)
Skewness = -0.1, Kurtosis = 1.13, MValue = 3.6

// ** Remained 14 (29.2%) benchmark(s) to run. Estimated finish 2026-09-20 10:32 (0h 1m from now) **
Setup power plan (GUID: 8c5e7fda-e8bf-4a96-9a85-a6e23a8c635c FriendlyName: High performance)
// **************************
// Benchmark: DeferredChunkWrites.MarkHotAndCommit: Job-MIBMUQ(IterationCount=9, IterationTime=250ms, LaunchCount=1, WarmupCount=5) [WriteCount=5, Pattern=Terrain]
// *** Execute ***
// Launch: 1 / 1
// Execute: dotnet Tedd.Voxtree.Benchmark-Job-MIBMUQ-1.dll --ipcPort 61265 --benchmarkName "Tedd.Voxtree.Benchmark.Tests.DeferredChunkWrites.MarkHotAndCommit(WriteCount: 5, Pattern: Terrain)" --job "IterationCount=9, IterationTime=250ms, LaunchCount=1, WarmupCount=5" --diagnoserRunMode 3 --benchmarkId 34 in C:\Users\tedd\.codex\worktrees\deferred-chunk-writes\Tedd.Voxtree\src\Tedd.Voxtree.Benchmark\bin\Release\net10.0\Tedd.Voxtree.Benchmark-Job-MIBMUQ-1\bin\Release\net10.0
// BeforeAnythingElse

// Benchmark Process Environment Information:
// BenchmarkDotNet v0.16.0-preview.1
// Runtime=.NET 10.0.12 (10.0.12, 10.0.1226.42308), X64 RyuJIT x86-64-v3
// GC=Concurrent Workstation
// HardwareIntrinsics=AVX2+BMI1+BMI2+F16C+FMA+LZCNT+MOVBE,AVX,SSE3+SSSE3+SSE4.1+SSE4.2+POPCNT,X86Base+SSE+SSE2,AES+PCLMUL VectorSize=256
// Job: Job-MIBMUQ(IterationCount=9, IterationTime=250ms, LaunchCount=1, WarmupCount=5)

WorkloadJitting  1: 1 op, 790800.00 ns, 790.8000 us/op
WorkloadJitting  2: 30 op, 14227400.00 ns, 474.2467 us/op
WorkloadJitting  3: 30 op, 7383900.00 ns, 246.1300 us/op
WorkloadJitting  4: 30 op, 7392500.00 ns, 246.4167 us/op
WorkloadJitting  5: 1 op, 207400.00 ns, 207.4000 us/op

WorkloadPilot    1: 1 op, 192900.00 ns, 192.9000 us/op

WorkloadPilot    1: 16 op, 3908800.00 ns, 244.3000 us/op
WorkloadPilot    2: 1024 op, 257118100.00 ns, 251.0919 us/op
WorkloadPilot    3: 1008 op, 244593400.00 ns, 242.6522 us/op
WorkloadPilot    4: 1040 op, 253308800.00 ns, 243.5662 us/op

WorkloadWarmup   1: 1040 op, 252443900.00 ns, 242.7345 us/op
WorkloadWarmup   2: 1040 op, 257156300.00 ns, 247.2657 us/op
WorkloadWarmup   3: 1040 op, 250889300.00 ns, 241.2397 us/op
WorkloadWarmup   4: 1040 op, 252764000.00 ns, 243.0423 us/op
WorkloadWarmup   5: 1040 op, 324461400.00 ns, 311.9821 us/op

// BeforeActualRun
WorkloadActual   1: 1040 op, 380808500.00 ns, 366.1620 us/op
WorkloadActual   2: 1040 op, 404246400.00 ns, 388.6985 us/op
WorkloadActual   3: 1040 op, 310644500.00 ns, 298.6966 us/op
WorkloadActual   4: 1040 op, 328197900.00 ns, 315.5749 us/op
WorkloadActual   5: 1040 op, 340414700.00 ns, 327.3218 us/op
WorkloadActual   6: 1040 op, 328898100.00 ns, 316.2482 us/op
WorkloadActual   7: 1040 op, 323836300.00 ns, 311.3811 us/op
WorkloadActual   8: 1040 op, 342022300.00 ns, 328.8676 us/op
WorkloadActual   9: 1040 op, 354158800.00 ns, 340.5373 us/op

// AfterActualRun
// BeforeExtraIteration
// AfterExtraIteration
WorkloadExtra    1: 1040 op, 327657900.00 ns, 315.0557 us/op
WorkloadResult   1: 1040 op, 380808500.00 ns, 366.1620 us/op
WorkloadResult   2: 1040 op, 310644500.00 ns, 298.6966 us/op
WorkloadResult   3: 1040 op, 328197900.00 ns, 315.5749 us/op
WorkloadResult   4: 1040 op, 340414700.00 ns, 327.3218 us/op
WorkloadResult   5: 1040 op, 328898100.00 ns, 316.2482 us/op
WorkloadResult   6: 1040 op, 323836300.00 ns, 311.3811 us/op
WorkloadResult   7: 1040 op, 342022300.00 ns, 328.8676 us/op
WorkloadResult   8: 1040 op, 354158800.00 ns, 340.5373 us/op
// GC:  86 86 86 282030272 1040

// AfterAll
// Benchmark Process 470396 has exited with code 0.

Mean = 325.599 μs, StdErr = 7.314 μs (2.25%), N = 8, StdDev = 20.688 μs
Min = 298.697 μs, Q1 = 314.526 μs, Median = 321.785 μs, Q3 = 331.785 μs, Max = 366.162 μs
IQR = 17.259 μs, LowerFence = 288.639 μs, UpperFence = 357.673 μs
ConfidenceInterval = [286.044 μs; 365.154 μs] (CI 99.9%), Margin = 39.555 μs (12.15% of Mean)
Skewness = 0.65, Kurtosis = 2.28, MValue = 2

// ** Remained 13 (27.1%) benchmark(s) to run. Estimated finish 2026-09-20 10:32 (0h 1m from now) **
Setup power plan (GUID: 8c5e7fda-e8bf-4a96-9a85-a6e23a8c635c FriendlyName: High performance)
// **************************
// Benchmark: DeferredChunkWrites.DeferredAndRepackage: Job-MIBMUQ(IterationCount=9, IterationTime=250ms, LaunchCount=1, WarmupCount=5) [WriteCount=5, Pattern=Terrain]
// *** Execute ***
// Launch: 1 / 1
// Execute: dotnet Tedd.Voxtree.Benchmark-Job-MIBMUQ-1.dll --ipcPort 60680 --benchmarkName "Tedd.Voxtree.Benchmark.Tests.DeferredChunkWrites.DeferredAndRepackage(WriteCount: 5, Pattern: Terrain)" --job "IterationCount=9, IterationTime=250ms, LaunchCount=1, WarmupCount=5" --diagnoserRunMode 3 --benchmarkId 35 in C:\Users\tedd\.codex\worktrees\deferred-chunk-writes\Tedd.Voxtree\src\Tedd.Voxtree.Benchmark\bin\Release\net10.0\Tedd.Voxtree.Benchmark-Job-MIBMUQ-1\bin\Release\net10.0
// BeforeAnythingElse

// Benchmark Process Environment Information:
// BenchmarkDotNet v0.16.0-preview.1
// Runtime=.NET 10.0.12 (10.0.12, 10.0.1226.42308), X64 RyuJIT x86-64-v3
// GC=Concurrent Workstation
// HardwareIntrinsics=AVX2+BMI1+BMI2+F16C+FMA+LZCNT+MOVBE,AVX,SSE3+SSSE3+SSE4.1+SSE4.2+POPCNT,X86Base+SSE+SSE2,AES+PCLMUL VectorSize=256
// Job: Job-MIBMUQ(IterationCount=9, IterationTime=250ms, LaunchCount=1, WarmupCount=5)

WorkloadJitting  1: 1 op, 748700.00 ns, 748.7000 us/op
WorkloadJitting  2: 30 op, 11972800.00 ns, 399.0933 us/op
WorkloadJitting  3: 30 op, 4931200.00 ns, 164.3733 us/op
WorkloadJitting  4: 30 op, 4833000.00 ns, 161.1000 us/op
WorkloadJitting  5: 1 op, 173300.00 ns, 173.3000 us/op

WorkloadPilot    1: 1 op, 171300.00 ns, 171.3000 us/op

WorkloadPilot    1: 16 op, 2499100.00 ns, 156.1938 us/op
WorkloadPilot    2: 1616 op, 256094200.00 ns, 158.4741 us/op
WorkloadPilot    3: 1584 op, 247140400.00 ns, 156.0230 us/op
WorkloadPilot    4: 1616 op, 251616300.00 ns, 155.7032 us/op

WorkloadWarmup   1: 1616 op, 251479300.00 ns, 155.6184 us/op
WorkloadWarmup   2: 1616 op, 265607100.00 ns, 164.3608 us/op
WorkloadWarmup   3: 1616 op, 252472500.00 ns, 156.2330 us/op
WorkloadWarmup   4: 1616 op, 252055200.00 ns, 155.9748 us/op
WorkloadWarmup   5: 1616 op, 281082700.00 ns, 173.9373 us/op

// BeforeActualRun
WorkloadActual   1: 1616 op, 297699300.00 ns, 184.2199 us/op
WorkloadActual   2: 1616 op, 438988100.00 ns, 271.6511 us/op
WorkloadActual   3: 1616 op, 410329400.00 ns, 253.9167 us/op
WorkloadActual   4: 1616 op, 301852100.00 ns, 186.7897 us/op
WorkloadActual   5: 1616 op, 367424000.00 ns, 227.3663 us/op
WorkloadActual   6: 1616 op, 346849000.00 ns, 214.6343 us/op
WorkloadActual   7: 1616 op, 304998100.00 ns, 188.7364 us/op
WorkloadActual   8: 1616 op, 440091500.00 ns, 272.3338 us/op
WorkloadActual   9: 1616 op, 413272200.00 ns, 255.7377 us/op

// AfterActualRun
// BeforeExtraIteration
// AfterExtraIteration
WorkloadExtra    1: 1616 op, 370450400.00 ns, 229.2391 us/op
WorkloadResult   1: 1616 op, 297699300.00 ns, 184.2199 us/op
WorkloadResult   2: 1616 op, 438988100.00 ns, 271.6511 us/op
WorkloadResult   3: 1616 op, 410329400.00 ns, 253.9167 us/op
WorkloadResult   4: 1616 op, 301852100.00 ns, 186.7897 us/op
WorkloadResult   5: 1616 op, 367424000.00 ns, 227.3663 us/op
WorkloadResult   6: 1616 op, 346849000.00 ns, 214.6343 us/op
WorkloadResult   7: 1616 op, 304998100.00 ns, 188.7364 us/op
WorkloadResult   8: 1616 op, 440091500.00 ns, 272.3338 us/op
WorkloadResult   9: 1616 op, 413272200.00 ns, 255.7377 us/op
// GC:  0 0 0 14647424 1616

// AfterAll
// Benchmark Process 168480 has exited with code 0.

Mean = 228.376 μs, StdErr = 12.160 μs (5.32%), N = 9, StdDev = 36.480 μs
Min = 184.220 μs, Q1 = 188.736 μs, Median = 227.366 μs, Q3 = 255.738 μs, Max = 272.334 μs
IQR = 67.001 μs, LowerFence = 88.234 μs, UpperFence = 356.240 μs
ConfidenceInterval = [167.074 μs; 289.679 μs] (CI 99.9%), Margin = 61.302 μs (26.84% of Mean)
Skewness = -0.05, Kurtosis = 1.1, MValue = 2

// ** Remained 12 (25.0%) benchmark(s) to run. Estimated finish 2026-09-20 10:32 (0h 1m from now) **
Setup power plan (GUID: 8c5e7fda-e8bf-4a96-9a85-a6e23a8c635c FriendlyName: High performance)
// **************************
// Benchmark: DeferredChunkWrites.MarkHotAndCommit: Job-MIBMUQ(IterationCount=9, IterationTime=250ms, LaunchCount=1, WarmupCount=5) [WriteCount=20, Pattern=Uniform]
// *** Execute ***
// Launch: 1 / 1
// Execute: dotnet Tedd.Voxtree.Benchmark-Job-MIBMUQ-1.dll --ipcPort 60688 --benchmarkName "Tedd.Voxtree.Benchmark.Tests.DeferredChunkWrites.MarkHotAndCommit(WriteCount: 20, Pattern: Uniform)" --job "IterationCount=9, IterationTime=250ms, LaunchCount=1, WarmupCount=5" --diagnoserRunMode 3 --benchmarkId 36 in C:\Users\tedd\.codex\worktrees\deferred-chunk-writes\Tedd.Voxtree\src\Tedd.Voxtree.Benchmark\bin\Release\net10.0\Tedd.Voxtree.Benchmark-Job-MIBMUQ-1\bin\Release\net10.0
// BeforeAnythingElse

// Benchmark Process Environment Information:
// BenchmarkDotNet v0.16.0-preview.1
// Runtime=.NET 10.0.12 (10.0.12, 10.0.1226.42308), X64 RyuJIT x86-64-v3
// GC=Concurrent Workstation
// HardwareIntrinsics=AVX2+BMI1+BMI2+F16C+FMA+LZCNT+MOVBE,AVX,SSE3+SSSE3+SSE4.1+SSE4.2+POPCNT,X86Base+SSE+SSE2,AES+PCLMUL VectorSize=256
// Job: Job-MIBMUQ(IterationCount=9, IterationTime=250ms, LaunchCount=1, WarmupCount=5)

WorkloadJitting  1: 1 op, 155000.00 ns, 155.0000 us/op
WorkloadJitting  2: 30 op, 6208800.00 ns, 206.9600 us/op
WorkloadJitting  3: 30 op, 2878900.00 ns, 95.9633 us/op
WorkloadJitting  4: 30 op, 2782000.00 ns, 92.7333 us/op
WorkloadJitting  5: 1 op, 48000.00 ns, 48.0000 us/op

WorkloadPilot    1: 1 op, 42000.00 ns, 42.0000 us/op

WorkloadPilot    1: 16 op, 1458600.00 ns, 91.1625 us/op
WorkloadPilot    2: 2752 op, 258910800.00 ns, 94.0810 us/op
WorkloadPilot    3: 2672 op, 249907300.00 ns, 93.5282 us/op
WorkloadPilot    4: 2688 op, 258359800.00 ns, 96.1160 us/op
WorkloadPilot    5: 2608 op, 245450600.00 ns, 94.1145 us/op
WorkloadPilot    6: 2656 op, 252132200.00 ns, 94.9293 us/op

WorkloadWarmup   1: 2656 op, 256295700.00 ns, 96.4969 us/op
WorkloadWarmup   2: 2656 op, 272528200.00 ns, 102.6085 us/op
WorkloadWarmup   3: 2656 op, 273020900.00 ns, 102.7940 us/op
WorkloadWarmup   4: 2656 op, 304824000.00 ns, 114.7681 us/op
WorkloadWarmup   5: 2656 op, 292040000.00 ns, 109.9548 us/op

// BeforeActualRun
WorkloadActual   1: 2656 op, 314884900.00 ns, 118.5561 us/op
WorkloadActual   2: 2656 op, 295270600.00 ns, 111.1712 us/op
WorkloadActual   3: 2656 op, 299372900.00 ns, 112.7157 us/op
WorkloadActual   4: 2656 op, 320473200.00 ns, 120.6601 us/op
WorkloadActual   5: 2656 op, 309427600.00 ns, 116.5014 us/op
WorkloadActual   6: 2656 op, 312033300.00 ns, 117.4824 us/op
WorkloadActual   7: 2656 op, 319053000.00 ns, 120.1254 us/op
WorkloadActual   8: 2656 op, 299958300.00 ns, 112.9361 us/op
WorkloadActual   9: 2656 op, 304160100.00 ns, 114.5181 us/op

// AfterActualRun
// BeforeExtraIteration
// AfterExtraIteration
WorkloadExtra    1: 2656 op, 291684800.00 ns, 109.8211 us/op
WorkloadResult   1: 2656 op, 314884900.00 ns, 118.5561 us/op
WorkloadResult   2: 2656 op, 295270600.00 ns, 111.1712 us/op
WorkloadResult   3: 2656 op, 299372900.00 ns, 112.7157 us/op
WorkloadResult   4: 2656 op, 320473200.00 ns, 120.6601 us/op
WorkloadResult   5: 2656 op, 309427600.00 ns, 116.5014 us/op
WorkloadResult   6: 2656 op, 312033300.00 ns, 117.4824 us/op
WorkloadResult   7: 2656 op, 319053000.00 ns, 120.1254 us/op
WorkloadResult   8: 2656 op, 299958300.00 ns, 112.9361 us/op
WorkloadResult   9: 2656 op, 304160100.00 ns, 114.5181 us/op
// GC:  221 221 221 698846176 2656

// AfterAll
// Benchmark Process 146156 has exited with code 0.

Mean = 116.074 μs, StdErr = 1.139 μs (0.98%), N = 9, StdDev = 3.416 μs
Min = 111.171 μs, Q1 = 112.936 μs, Median = 116.501 μs, Q3 = 118.556 μs, Max = 120.660 μs
IQR = 5.620 μs, LowerFence = 104.506 μs, UpperFence = 126.986 μs
ConfidenceInterval = [110.334 μs; 121.815 μs] (CI 99.9%), Margin = 5.740 μs (4.95% of Mean)
Skewness = -0.03, Kurtosis = 1.27, MValue = 2

// ** Remained 11 (22.9%) benchmark(s) to run. Estimated finish 2026-09-20 10:32 (0h 1m from now) **
Setup power plan (GUID: 8c5e7fda-e8bf-4a96-9a85-a6e23a8c635c FriendlyName: High performance)
// **************************
// Benchmark: DeferredChunkWrites.DeferredAndRepackage: Job-MIBMUQ(IterationCount=9, IterationTime=250ms, LaunchCount=1, WarmupCount=5) [WriteCount=20, Pattern=Uniform]
// *** Execute ***
// Launch: 1 / 1
// Execute: dotnet Tedd.Voxtree.Benchmark-Job-MIBMUQ-1.dll --ipcPort 60693 --benchmarkName "Tedd.Voxtree.Benchmark.Tests.DeferredChunkWrites.DeferredAndRepackage(WriteCount: 20, Pattern: Uniform)" --job "IterationCount=9, IterationTime=250ms, LaunchCount=1, WarmupCount=5" --diagnoserRunMode 3 --benchmarkId 37 in C:\Users\tedd\.codex\worktrees\deferred-chunk-writes\Tedd.Voxtree\src\Tedd.Voxtree.Benchmark\bin\Release\net10.0\Tedd.Voxtree.Benchmark-Job-MIBMUQ-1\bin\Release\net10.0
// BeforeAnythingElse

// Benchmark Process Environment Information:
// BenchmarkDotNet v0.16.0-preview.1
// Runtime=.NET 10.0.12 (10.0.12, 10.0.1226.42308), X64 RyuJIT x86-64-v3
// GC=Concurrent Workstation
// HardwareIntrinsics=AVX2+BMI1+BMI2+F16C+FMA+LZCNT+MOVBE,AVX,SSE3+SSSE3+SSE4.1+SSE4.2+POPCNT,X86Base+SSE+SSE2,AES+PCLMUL VectorSize=256
// Job: Job-MIBMUQ(IterationCount=9, IterationTime=250ms, LaunchCount=1, WarmupCount=5)

WorkloadJitting  1: 1 op, 165900.00 ns, 165.9000 us/op
WorkloadJitting  2: 30 op, 4797400.00 ns, 159.9133 us/op
WorkloadJitting  3: 30 op, 864800.00 ns, 28.8267 us/op
WorkloadJitting  4: 30 op, 709200.00 ns, 23.6400 us/op
WorkloadJitting  5: 1 op, 42700.00 ns, 42.7000 us/op

WorkloadPilot    1: 1 op, 39900.00 ns, 39.9000 us/op

WorkloadPilot    1: 16 op, 381000.00 ns, 23.8125 us/op
WorkloadPilot    2: 10512 op, 225431600.00 ns, 21.4452 us/op
WorkloadPilot    3: 11664 op, 247169400.00 ns, 21.1908 us/op
WorkloadPilot    4: 11808 op, 248491500.00 ns, 21.0443 us/op
WorkloadPilot    5: 11888 op, 250714400.00 ns, 21.0897 us/op
WorkloadPilot    6: 11856 op, 248767300.00 ns, 20.9824 us/op
WorkloadPilot    7: 11920 op, 250621500.00 ns, 21.0253 us/op
WorkloadPilot    8: 11904 op, 249948800.00 ns, 20.9970 us/op
WorkloadPilot    9: 11920 op, 261988900.00 ns, 21.9789 us/op

WorkloadWarmup   1: 11920 op, 326820800.00 ns, 27.4179 us/op
WorkloadWarmup   2: 11920 op, 314085500.00 ns, 26.3495 us/op
WorkloadWarmup   3: 11920 op, 328624300.00 ns, 27.5692 us/op
WorkloadWarmup   4: 11920 op, 302800900.00 ns, 25.4028 us/op
WorkloadWarmup   5: 11920 op, 310186700.00 ns, 26.0224 us/op

// BeforeActualRun
WorkloadActual   1: 11920 op, 309919400.00 ns, 25.9999 us/op
WorkloadActual   2: 11920 op, 335612200.00 ns, 28.1554 us/op
WorkloadActual   3: 11920 op, 287290700.00 ns, 24.1016 us/op
WorkloadActual   4: 11920 op, 363468600.00 ns, 30.4923 us/op
WorkloadActual   5: 11920 op, 325496700.00 ns, 27.3068 us/op
WorkloadActual   6: 11920 op, 307244900.00 ns, 25.7756 us/op
WorkloadActual   7: 11920 op, 349909900.00 ns, 29.3549 us/op
WorkloadActual   8: 11920 op, 304172300.00 ns, 25.5178 us/op
WorkloadActual   9: 11920 op, 302365700.00 ns, 25.3663 us/op

// AfterActualRun
// BeforeExtraIteration
// AfterExtraIteration
WorkloadExtra    1: 11920 op, 280110600.00 ns, 23.4992 us/op
WorkloadResult   1: 11920 op, 309919400.00 ns, 25.9999 us/op
WorkloadResult   2: 11920 op, 335612200.00 ns, 28.1554 us/op
WorkloadResult   3: 11920 op, 287290700.00 ns, 24.1016 us/op
WorkloadResult   4: 11920 op, 363468600.00 ns, 30.4923 us/op
WorkloadResult   5: 11920 op, 325496700.00 ns, 27.3068 us/op
WorkloadResult   6: 11920 op, 307244900.00 ns, 25.7756 us/op
WorkloadResult   7: 11920 op, 349909900.00 ns, 29.3549 us/op
WorkloadResult   8: 11920 op, 304172300.00 ns, 25.5178 us/op
WorkloadResult   9: 11920 op, 302365700.00 ns, 25.3663 us/op
// GC:  0 0 0 11920000 11920

// AfterAll
// Benchmark Process 460264 has exited with code 0.

Mean = 26.897 μs, StdErr = 0.696 μs (2.59%), N = 9, StdDev = 2.087 μs
Min = 24.102 μs, Q1 = 25.518 μs, Median = 26.000 μs, Q3 = 28.155 μs, Max = 30.492 μs
IQR = 2.638 μs, LowerFence = 21.561 μs, UpperFence = 32.112 μs
ConfidenceInterval = [23.390 μs; 30.404 μs] (CI 99.9%), Margin = 3.507 μs (13.04% of Mean)
Skewness = 0.41, Kurtosis = 1.63, MValue = 2

// ** Remained 10 (20.8%) benchmark(s) to run. Estimated finish 2026-09-20 10:32 (0h 1m from now) **
Setup power plan (GUID: 8c5e7fda-e8bf-4a96-9a85-a6e23a8c635c FriendlyName: High performance)
// **************************
// Benchmark: DeferredChunkWrites.MarkHotAndCommit: Job-MIBMUQ(IterationCount=9, IterationTime=250ms, LaunchCount=1, WarmupCount=5) [WriteCount=20, Pattern=Terrain]
// *** Execute ***
// Launch: 1 / 1
// Execute: dotnet Tedd.Voxtree.Benchmark-Job-MIBMUQ-1.dll --ipcPort 60700 --benchmarkName "Tedd.Voxtree.Benchmark.Tests.DeferredChunkWrites.MarkHotAndCommit(WriteCount: 20, Pattern: Terrain)" --job "IterationCount=9, IterationTime=250ms, LaunchCount=1, WarmupCount=5" --diagnoserRunMode 3 --benchmarkId 38 in C:\Users\tedd\.codex\worktrees\deferred-chunk-writes\Tedd.Voxtree\src\Tedd.Voxtree.Benchmark\bin\Release\net10.0\Tedd.Voxtree.Benchmark-Job-MIBMUQ-1\bin\Release\net10.0
// BeforeAnythingElse

// Benchmark Process Environment Information:
// BenchmarkDotNet v0.16.0-preview.1
// Runtime=.NET 10.0.12 (10.0.12, 10.0.1226.42308), X64 RyuJIT x86-64-v3
// GC=Concurrent Workstation
// HardwareIntrinsics=AVX2+BMI1+BMI2+F16C+FMA+LZCNT+MOVBE,AVX,SSE3+SSSE3+SSE4.1+SSE4.2+POPCNT,X86Base+SSE+SSE2,AES+PCLMUL VectorSize=256
// Job: Job-MIBMUQ(IterationCount=9, IterationTime=250ms, LaunchCount=1, WarmupCount=5)

WorkloadJitting  1: 1 op, 1068700.00 ns, 1.0687 ms/op
WorkloadJitting  2: 30 op, 15510600.00 ns, 517.0200 us/op
WorkloadJitting  3: 30 op, 7393700.00 ns, 246.4567 us/op
WorkloadJitting  4: 30 op, 7265100.00 ns, 242.1700 us/op
WorkloadJitting  5: 1 op, 199100.00 ns, 199.1000 us/op

WorkloadPilot    1: 1 op, 188200.00 ns, 188.2000 us/op

WorkloadPilot    1: 16 op, 3747600.00 ns, 234.2250 us/op
WorkloadPilot    2: 1072 op, 257678600.00 ns, 240.3718 us/op
WorkloadPilot    3: 1040 op, 250044200.00 ns, 240.4271 us/op

WorkloadWarmup   1: 1040 op, 252477500.00 ns, 242.7668 us/op
WorkloadWarmup   2: 1040 op, 255927700.00 ns, 246.0843 us/op
WorkloadWarmup   3: 1040 op, 252087100.00 ns, 242.3914 us/op
WorkloadWarmup   4: 1040 op, 252956000.00 ns, 243.2269 us/op
WorkloadWarmup   5: 1040 op, 250441300.00 ns, 240.8089 us/op

// BeforeActualRun
WorkloadActual   1: 1040 op, 270579300.00 ns, 260.1724 us/op
WorkloadActual   2: 1040 op, 305095900.00 ns, 293.3614 us/op
WorkloadActual   3: 1040 op, 366386900.00 ns, 352.2951 us/op
WorkloadActual   4: 1040 op, 363611000.00 ns, 349.6260 us/op
WorkloadActual   5: 1040 op, 374630900.00 ns, 360.2220 us/op
WorkloadActual   6: 1040 op, 389391000.00 ns, 374.4144 us/op
WorkloadActual   7: 1040 op, 391154300.00 ns, 376.1099 us/op
WorkloadActual   8: 1040 op, 317199600.00 ns, 304.9996 us/op
WorkloadActual   9: 1040 op, 302427700.00 ns, 290.7959 us/op

// AfterActualRun
// BeforeExtraIteration
// AfterExtraIteration
WorkloadExtra    1: 1040 op, 325398100.00 ns, 312.8828 us/op
WorkloadResult   1: 1040 op, 270579300.00 ns, 260.1724 us/op
WorkloadResult   2: 1040 op, 305095900.00 ns, 293.3614 us/op
WorkloadResult   3: 1040 op, 366386900.00 ns, 352.2951 us/op
WorkloadResult   4: 1040 op, 363611000.00 ns, 349.6260 us/op
WorkloadResult   5: 1040 op, 374630900.00 ns, 360.2220 us/op
WorkloadResult   6: 1040 op, 389391000.00 ns, 374.4144 us/op
WorkloadResult   7: 1040 op, 391154300.00 ns, 376.1099 us/op
WorkloadResult   8: 1040 op, 317199600.00 ns, 304.9996 us/op
WorkloadResult   9: 1040 op, 302427700.00 ns, 290.7959 us/op
// GC:  86 86 86 282388032 1040

// AfterAll
// Benchmark Process 250760 has exited with code 0.

Mean = 329.111 μs, StdErr = 14.077 μs (4.28%), N = 9, StdDev = 42.231 μs
Min = 260.172 μs, Q1 = 293.361 μs, Median = 349.626 μs, Q3 = 360.222 μs, Max = 376.110 μs
IQR = 66.861 μs, LowerFence = 193.071 μs, UpperFence = 460.513 μs
ConfidenceInterval = [258.145 μs; 400.077 μs] (CI 99.9%), Margin = 70.966 μs (21.56% of Mean)
Skewness = -0.29, Kurtosis = 1.3, MValue = 3.6

// ** Remained 9 (18.8%) benchmark(s) to run. Estimated finish 2026-09-20 10:32 (0h 1m from now) **
Setup power plan (GUID: 8c5e7fda-e8bf-4a96-9a85-a6e23a8c635c FriendlyName: High performance)
// **************************
// Benchmark: DeferredChunkWrites.DeferredAndRepackage: Job-MIBMUQ(IterationCount=9, IterationTime=250ms, LaunchCount=1, WarmupCount=5) [WriteCount=20, Pattern=Terrain]
// *** Execute ***
// Launch: 1 / 1
// Execute: dotnet Tedd.Voxtree.Benchmark-Job-MIBMUQ-1.dll --ipcPort 60706 --benchmarkName "Tedd.Voxtree.Benchmark.Tests.DeferredChunkWrites.DeferredAndRepackage(WriteCount: 20, Pattern: Terrain)" --job "IterationCount=9, IterationTime=250ms, LaunchCount=1, WarmupCount=5" --diagnoserRunMode 3 --benchmarkId 39 in C:\Users\tedd\.codex\worktrees\deferred-chunk-writes\Tedd.Voxtree\src\Tedd.Voxtree.Benchmark\bin\Release\net10.0\Tedd.Voxtree.Benchmark-Job-MIBMUQ-1\bin\Release\net10.0
// BeforeAnythingElse

// Benchmark Process Environment Information:
// BenchmarkDotNet v0.16.0-preview.1
// Runtime=.NET 10.0.12 (10.0.12, 10.0.1226.42308), X64 RyuJIT x86-64-v3
// GC=Concurrent Workstation
// HardwareIntrinsics=AVX2+BMI1+BMI2+F16C+FMA+LZCNT+MOVBE,AVX,SSE3+SSSE3+SSE4.1+SSE4.2+POPCNT,X86Base+SSE+SSE2,AES+PCLMUL VectorSize=256
// Job: Job-MIBMUQ(IterationCount=9, IterationTime=250ms, LaunchCount=1, WarmupCount=5)

WorkloadJitting  1: 1 op, 1031200.00 ns, 1.0312 ms/op
WorkloadJitting  2: 30 op, 12179300.00 ns, 405.9767 us/op
WorkloadJitting  3: 30 op, 5078000.00 ns, 169.2667 us/op
WorkloadJitting  4: 30 op, 5114500.00 ns, 170.4833 us/op
WorkloadJitting  5: 1 op, 185000.00 ns, 185.0000 us/op

WorkloadPilot    1: 1 op, 178800.00 ns, 178.8000 us/op

WorkloadPilot    1: 16 op, 2612900.00 ns, 163.3063 us/op
WorkloadPilot    2: 1536 op, 251558600.00 ns, 163.7751 us/op

WorkloadWarmup   1: 1536 op, 247287100.00 ns, 160.9942 us/op
WorkloadWarmup   2: 1536 op, 246993700.00 ns, 160.8032 us/op
WorkloadWarmup   3: 1536 op, 246454500.00 ns, 160.4521 us/op
WorkloadWarmup   4: 1536 op, 246089500.00 ns, 160.2145 us/op
WorkloadWarmup   5: 1536 op, 246108100.00 ns, 160.2266 us/op

// BeforeActualRun
WorkloadActual   1: 1536 op, 245591100.00 ns, 159.8900 us/op
WorkloadActual   2: 1536 op, 262549000.00 ns, 170.9303 us/op
WorkloadActual   3: 1536 op, 368552200.00 ns, 239.9428 us/op
WorkloadActual   4: 1536 op, 310721600.00 ns, 202.2927 us/op
WorkloadActual   5: 1536 op, 282809800.00 ns, 184.1210 us/op
WorkloadActual   6: 1536 op, 296676000.00 ns, 193.1484 us/op
WorkloadActual   7: 1536 op, 285788800.00 ns, 186.0604 us/op
WorkloadActual   8: 1536 op, 344323300.00 ns, 224.1688 us/op
WorkloadActual   9: 1536 op, 311523200.00 ns, 202.8146 us/op

// AfterActualRun
// BeforeExtraIteration
// AfterExtraIteration
WorkloadExtra    1: 1536 op, 343147100.00 ns, 223.4031 us/op
WorkloadResult   1: 1536 op, 245591100.00 ns, 159.8900 us/op
WorkloadResult   2: 1536 op, 262549000.00 ns, 170.9303 us/op
WorkloadResult   3: 1536 op, 310721600.00 ns, 202.2927 us/op
WorkloadResult   4: 1536 op, 282809800.00 ns, 184.1210 us/op
WorkloadResult   5: 1536 op, 296676000.00 ns, 193.1484 us/op
WorkloadResult   6: 1536 op, 285788800.00 ns, 186.0604 us/op
WorkloadResult   7: 1536 op, 344323300.00 ns, 224.1688 us/op
WorkloadResult   8: 1536 op, 311523200.00 ns, 202.8146 us/op
// GC:  0 0 0 14450688 1536

// AfterAll
// Benchmark Process 302472 has exited with code 0.

Mean = 190.428 μs, StdErr = 7.086 μs (3.72%), N = 8, StdDev = 20.041 μs
Min = 159.890 μs, Q1 = 180.823 μs, Median = 189.604 μs, Q3 = 202.423 μs, Max = 224.169 μs
IQR = 21.600 μs, LowerFence = 148.424 μs, UpperFence = 234.823 μs
ConfidenceInterval = [152.110 μs; 228.747 μs] (CI 99.9%), Margin = 38.319 μs (20.12% of Mean)
Skewness = 0.09, Kurtosis = 1.83, MValue = 2

// ** Remained 8 (16.7%) benchmark(s) to run. Estimated finish 2026-09-20 10:32 (0h 1m from now) **
Successfully reverted power plan (GUID: 8c5e7fda-e8bf-4a96-9a85-a6e23a8c635c FriendlyName: High performance)
// ***** BenchmarkRunner: Finish  *****

// * Export *
  src\Tedd.Voxtree.Benchmark\Results\2026-09-20-deferred-writes\confirm\results\Tedd.Voxtree.Benchmark.Tests.DeferredChunkWrites-report.csv
  src\Tedd.Voxtree.Benchmark\Results\2026-09-20-deferred-writes\confirm\results\Tedd.Voxtree.Benchmark.Tests.DeferredChunkWrites-report-github.md
  src\Tedd.Voxtree.Benchmark\Results\2026-09-20-deferred-writes\confirm\results\Tedd.Voxtree.Benchmark.Tests.DeferredChunkWrites-report.html

// * Detailed results *
DeferredChunkWrites.MarkHotEdits: Job-MIBMUQ(IterationCount=9, IterationTime=250ms, LaunchCount=1, WarmupCount=5) [WriteCount=1, Pattern=Uniform]
Runtime = .NET 10.0.12 (10.0.12, 10.0.1226.42308), X64 RyuJIT x86-64-v3; GC = Concurrent Workstation
Mean = 89.456 μs, StdErr = 1.389 μs (1.55%), N = 9, StdDev = 4.166 μs
Min = 83.241 μs, Q1 = 86.805 μs, Median = 89.713 μs, Q3 = 91.394 μs, Max = 96.165 μs
IQR = 4.590 μs, LowerFence = 79.920 μs, UpperFence = 98.279 μs
ConfidenceInterval = [82.455 μs; 96.456 μs] (CI 99.9%), Margin = 7.000 μs (7.83% of Mean)
Skewness = 0.08, Kurtosis = 1.67, MValue = 2
-------------------- Histogram --------------------
[80.612 μs ; 86.471 μs) | @@
[86.471 μs ; 92.508 μs) | @@@@@
[92.508 μs ; 98.793 μs) | @@
---------------------------------------------------

DeferredChunkWrites.DeferredEdits: Job-MIBMUQ(IterationCount=9, IterationTime=250ms, LaunchCount=1, WarmupCount=5) [WriteCount=1, Pattern=Uniform]
Runtime = .NET 10.0.12 (10.0.12, 10.0.1226.42308), X64 RyuJIT x86-64-v3; GC = Concurrent Workstation
Mean = 179.014 ns, StdErr = 7.050 ns (3.94%), N = 9, StdDev = 21.150 ns
Min = 154.357 ns, Q1 = 160.292 ns, Median = 175.197 ns, Q3 = 188.033 ns, Max = 211.132 ns
IQR = 27.741 ns, LowerFence = 118.681 ns, UpperFence = 229.645 ns
ConfidenceInterval = [143.472 ns; 214.557 ns] (CI 99.9%), Margin = 35.542 ns (19.85% of Mean)
Skewness = 0.25, Kurtosis = 1.44, MValue = 2
-------------------- Histogram --------------------
[151.432 ns ; 178.123 ns) | @@@@@
[178.123 ns ; 211.954 ns) | @@@@
---------------------------------------------------

DeferredChunkWrites.MarkHotEdits: Job-MIBMUQ(IterationCount=9, IterationTime=250ms, LaunchCount=1, WarmupCount=5) [WriteCount=1, Pattern=Terrain]
Runtime = .NET 10.0.12 (10.0.12, 10.0.1226.42308), X64 RyuJIT x86-64-v3; GC = Concurrent Workstation
Mean = 151.773 μs, StdErr = 4.013 μs (2.64%), N = 9, StdDev = 12.038 μs
Min = 136.487 μs, Q1 = 143.474 μs, Median = 148.462 μs, Q3 = 160.468 μs, Max = 175.425 μs
IQR = 16.994 μs, LowerFence = 117.983 μs, UpperFence = 185.958 μs
ConfidenceInterval = [131.545 μs; 172.002 μs] (CI 99.9%), Margin = 20.229 μs (13.33% of Mean)
Skewness = 0.6, Kurtosis = 2.09, MValue = 3.2
-------------------- Histogram --------------------
[128.892 μs ; 139.502 μs) | @
[139.502 μs ; 154.693 μs) | @@@@@
[154.693 μs ; 160.351 μs) | 
[160.351 μs ; 175.542 μs) | @@@
---------------------------------------------------

DeferredChunkWrites.DeferredEdits: Job-MIBMUQ(IterationCount=9, IterationTime=250ms, LaunchCount=1, WarmupCount=5) [WriteCount=1, Pattern=Terrain]
Runtime = .NET 10.0.12 (10.0.12, 10.0.1226.42308), X64 RyuJIT x86-64-v3; GC = Concurrent Workstation
Mean = 174.000 ns, StdErr = 7.164 ns (4.12%), N = 9, StdDev = 21.493 ns
Min = 149.105 ns, Q1 = 161.223 ns, Median = 163.809 ns, Q3 = 180.328 ns, Max = 208.938 ns
IQR = 19.105 ns, LowerFence = 132.565 ns, UpperFence = 208.986 ns
ConfidenceInterval = [137.882 ns; 210.118 ns] (CI 99.9%), Margin = 36.118 ns (20.76% of Mean)
Skewness = 0.65, Kurtosis = 1.73, MValue = 2.67
-------------------- Histogram --------------------
[135.543 ns ; 155.699 ns) | @
[155.699 ns ; 182.823 ns) | @@@@@@
[182.823 ns ; 194.896 ns) | 
[194.896 ns ; 222.500 ns) | @@
---------------------------------------------------

DeferredChunkWrites.MarkHotEdits: Job-MIBMUQ(IterationCount=9, IterationTime=250ms, LaunchCount=1, WarmupCount=5) [WriteCount=5, Pattern=Uniform]
Runtime = .NET 10.0.12 (10.0.12, 10.0.1226.42308), X64 RyuJIT x86-64-v3; GC = Concurrent Workstation
Mean = 85.814 μs, StdErr = 1.264 μs (1.47%), N = 8, StdDev = 3.576 μs
Min = 78.458 μs, Q1 = 84.693 μs, Median = 86.288 μs, Q3 = 88.025 μs, Max = 89.787 μs
IQR = 3.332 μs, LowerFence = 79.695 μs, UpperFence = 93.024 μs
ConfidenceInterval = [78.977 μs; 92.650 μs] (CI 99.9%), Margin = 6.836 μs (7.97% of Mean)
Skewness = -0.82, Kurtosis = 2.54, MValue = 2
-------------------- Histogram --------------------
[76.111 μs ; 80.804 μs) | @
[80.804 μs ; 83.456 μs) | 
[83.456 μs ; 88.149 μs) | @@@@@
[88.149 μs ; 92.133 μs) | @@
---------------------------------------------------

DeferredChunkWrites.DeferredEdits: Job-MIBMUQ(IterationCount=9, IterationTime=250ms, LaunchCount=1, WarmupCount=5) [WriteCount=5, Pattern=Uniform]
Runtime = .NET 10.0.12 (10.0.12, 10.0.1226.42308), X64 RyuJIT x86-64-v3; GC = Concurrent Workstation
Mean = 201.979 ns, StdErr = 4.079 ns (2.02%), N = 9, StdDev = 12.236 ns
Min = 186.340 ns, Q1 = 189.978 ns, Median = 203.813 ns, Q3 = 207.384 ns, Max = 219.003 ns
IQR = 17.406 ns, LowerFence = 163.869 ns, UpperFence = 233.493 ns
ConfidenceInterval = [181.417 ns; 222.542 ns] (CI 99.9%), Margin = 20.562 ns (10.18% of Mean)
Skewness = 0.01, Kurtosis = 1.39, MValue = 2.8
-------------------- Histogram --------------------
[180.438 ns ; 195.880 ns) | @@@
[195.880 ns ; 203.687 ns) | @
[203.687 ns ; 219.129 ns) | @@@@@
---------------------------------------------------

DeferredChunkWrites.MarkHotEdits: Job-MIBMUQ(IterationCount=9, IterationTime=250ms, LaunchCount=1, WarmupCount=5) [WriteCount=5, Pattern=Terrain]
Runtime = .NET 10.0.12 (10.0.12, 10.0.1226.42308), X64 RyuJIT x86-64-v3; GC = Concurrent Workstation
Mean = 154.931 μs, StdErr = 3.086 μs (1.99%), N = 9, StdDev = 9.257 μs
Min = 142.311 μs, Q1 = 145.851 μs, Median = 154.635 μs, Q3 = 162.377 μs, Max = 166.393 μs
IQR = 16.526 μs, LowerFence = 121.062 μs, UpperFence = 187.167 μs
ConfidenceInterval = [139.374 μs; 170.487 μs] (CI 99.9%), Margin = 15.556 μs (10.04% of Mean)
Skewness = -0.2, Kurtosis = 1.18, MValue = 2
-------------------- Histogram --------------------
[138.240 μs ; 149.922 μs) | @@@
[149.922 μs ; 164.555 μs) | @@@@@
[164.555 μs ; 172.235 μs) | @
---------------------------------------------------

DeferredChunkWrites.DeferredEdits: Job-MIBMUQ(IterationCount=9, IterationTime=250ms, LaunchCount=1, WarmupCount=5) [WriteCount=5, Pattern=Terrain]
Runtime = .NET 10.0.12 (10.0.12, 10.0.1226.42308), X64 RyuJIT x86-64-v3; GC = Concurrent Workstation
Mean = 210.229 ns, StdErr = 5.881 ns (2.80%), N = 9, StdDev = 17.642 ns
Min = 191.485 ns, Q1 = 196.011 ns, Median = 201.710 ns, Q3 = 228.817 ns, Max = 234.476 ns
IQR = 32.806 ns, LowerFence = 146.803 ns, UpperFence = 278.025 ns
ConfidenceInterval = [180.583 ns; 239.875 ns] (CI 99.9%), Margin = 29.646 ns (14.10% of Mean)
Skewness = 0.36, Kurtosis = 1.16, MValue = 2
-------------------- Histogram --------------------
[191.031 ns ; 220.515 ns) | @@@@@@
[220.515 ns ; 245.608 ns) | @@@
---------------------------------------------------

DeferredChunkWrites.MarkHotEdits: Job-MIBMUQ(IterationCount=9, IterationTime=250ms, LaunchCount=1, WarmupCount=5) [WriteCount=20, Pattern=Uniform]
Runtime = .NET 10.0.12 (10.0.12, 10.0.1226.42308), X64 RyuJIT x86-64-v3; GC = Concurrent Workstation
Mean = 94.512 μs, StdErr = 1.457 μs (1.54%), N = 9, StdDev = 4.370 μs
Min = 89.591 μs, Q1 = 91.886 μs, Median = 93.498 μs, Q3 = 97.048 μs, Max = 103.384 μs
IQR = 5.162 μs, LowerFence = 84.142 μs, UpperFence = 104.791 μs
ConfidenceInterval = [87.168 μs; 101.856 μs] (CI 99.9%), Margin = 7.344 μs (7.77% of Mean)
Skewness = 0.76, Kurtosis = 2.23, MValue = 2
-------------------- Histogram --------------------
[ 89.033 μs ;  94.548 μs) | @@@@@@
[ 94.548 μs ; 100.487 μs) | @@
[100.487 μs ; 106.142 μs) | @
---------------------------------------------------

DeferredChunkWrites.DeferredEdits: Job-MIBMUQ(IterationCount=9, IterationTime=250ms, LaunchCount=1, WarmupCount=5) [WriteCount=20, Pattern=Uniform]
Runtime = .NET 10.0.12 (10.0.12, 10.0.1226.42308), X64 RyuJIT x86-64-v3; GC = Concurrent Workstation
Mean = 388.974 ns, StdErr = 6.216 ns (1.60%), N = 9, StdDev = 18.649 ns
Min = 363.382 ns, Q1 = 378.599 ns, Median = 386.125 ns, Q3 = 402.473 ns, Max = 418.406 ns
IQR = 23.874 ns, LowerFence = 342.788 ns, UpperFence = 438.284 ns
ConfidenceInterval = [357.635 ns; 420.313 ns] (CI 99.9%), Margin = 31.339 ns (8.06% of Mean)
Skewness = 0.08, Kurtosis = 1.44, MValue = 3.6
-------------------- Histogram --------------------
[362.986 ns ; 386.521 ns) | @@@@@
[386.521 ns ; 396.665 ns) | 
[396.665 ns ; 420.200 ns) | @@@@
---------------------------------------------------

DeferredChunkWrites.MarkHotEdits: Job-MIBMUQ(IterationCount=9, IterationTime=250ms, LaunchCount=1, WarmupCount=5) [WriteCount=20, Pattern=Terrain]
Runtime = .NET 10.0.12 (10.0.12, 10.0.1226.42308), X64 RyuJIT x86-64-v3; GC = Concurrent Workstation
Mean = 157.877 μs, StdErr = 3.456 μs (2.19%), N = 9, StdDev = 10.368 μs
Min = 141.966 μs, Q1 = 152.346 μs, Median = 155.463 μs, Q3 = 165.003 μs, Max = 176.715 μs
IQR = 12.657 μs, LowerFence = 133.360 μs, UpperFence = 183.989 μs
ConfidenceInterval = [140.454 μs; 175.300 μs] (CI 99.9%), Margin = 17.423 μs (11.04% of Mean)
Skewness = 0.27, Kurtosis = 1.97, MValue = 2
-------------------- Histogram --------------------
[135.424 μs ; 147.860 μs) | @
[147.860 μs ; 160.944 μs) | @@@@@
[160.944 μs ; 177.401 μs) | @@@
---------------------------------------------------

DeferredChunkWrites.DeferredEdits: Job-MIBMUQ(IterationCount=9, IterationTime=250ms, LaunchCount=1, WarmupCount=5) [WriteCount=20, Pattern=Terrain]
Runtime = .NET 10.0.12 (10.0.12, 10.0.1226.42308), X64 RyuJIT x86-64-v3; GC = Concurrent Workstation
Mean = 416.086 ns, StdErr = 13.935 ns (3.35%), N = 9, StdDev = 41.806 ns
Min = 353.393 ns, Q1 = 376.991 ns, Median = 433.932 ns, Q3 = 442.910 ns, Max = 476.146 ns
IQR = 65.918 ns, LowerFence = 278.114 ns, UpperFence = 541.787 ns
ConfidenceInterval = [345.834 ns; 486.339 ns] (CI 99.9%), Margin = 70.252 ns (16.88% of Mean)
Skewness = -0.21, Kurtosis = 1.38, MValue = 2
-------------------- Histogram --------------------
[338.813 ns ; 399.224 ns) | @@@
[399.224 ns ; 451.982 ns) | @@@@@
[451.982 ns ; 502.525 ns) | @
---------------------------------------------------

DeferredChunkWrites.MarkHotAndCommit: Job-MIBMUQ(IterationCount=9, IterationTime=250ms, LaunchCount=1, WarmupCount=5) [WriteCount=1, Pattern=Uniform]
Runtime = .NET 10.0.12 (10.0.12, 10.0.1226.42308), X64 RyuJIT x86-64-v3; GC = Concurrent Workstation
Mean = 103.597 μs, StdErr = 1.104 μs (1.07%), N = 9, StdDev = 3.311 μs
Min = 99.434 μs, Q1 = 100.706 μs, Median = 104.235 μs, Q3 = 105.955 μs, Max = 109.075 μs
IQR = 5.248 μs, LowerFence = 92.834 μs, UpperFence = 113.827 μs
ConfidenceInterval = [98.033 μs; 109.161 μs] (CI 99.9%), Margin = 5.564 μs (5.37% of Mean)
Skewness = 0.18, Kurtosis = 1.38, MValue = 2
-------------------- Histogram --------------------
[ 98.024 μs ; 102.202 μs) | @@@@
[102.202 μs ; 107.363 μs) | @@@@
[107.363 μs ; 111.164 μs) | @
---------------------------------------------------

DeferredChunkWrites.DeferredAndRepackage: Job-MIBMUQ(IterationCount=9, IterationTime=250ms, LaunchCount=1, WarmupCount=5) [WriteCount=1, Pattern=Uniform]
Runtime = .NET 10.0.12 (10.0.12, 10.0.1226.42308), X64 RyuJIT x86-64-v3; GC = Concurrent Workstation
Mean = 15.159 μs, StdErr = 0.586 μs (3.86%), N = 9, StdDev = 1.758 μs
Min = 13.319 μs, Q1 = 13.957 μs, Median = 14.487 μs, Q3 = 16.813 μs, Max = 17.955 μs
IQR = 2.856 μs, LowerFence = 9.673 μs, UpperFence = 21.098 μs
ConfidenceInterval = [12.205 μs; 18.112 μs] (CI 99.9%), Margin = 2.954 μs (19.48% of Mean)
Skewness = 0.48, Kurtosis = 1.34, MValue = 3
-------------------- Histogram --------------------
[13.021 μs ; 15.239 μs) | @@@@@@
[15.239 μs ; 16.275 μs) | 
[16.275 μs ; 18.493 μs) | @@@
---------------------------------------------------

DeferredChunkWrites.MarkHotAndCommit: Job-MIBMUQ(IterationCount=9, IterationTime=250ms, LaunchCount=1, WarmupCount=5) [WriteCount=1, Pattern=Terrain]
Runtime = .NET 10.0.12 (10.0.12, 10.0.1226.42308), X64 RyuJIT x86-64-v3; GC = Concurrent Workstation
Mean = 296.399 μs, StdErr = 9.565 μs (3.23%), N = 8, StdDev = 27.054 μs
Min = 260.297 μs, Q1 = 280.628 μs, Median = 296.097 μs, Q3 = 305.670 μs, Max = 349.018 μs
IQR = 25.042 μs, LowerFence = 243.066 μs, UpperFence = 343.232 μs
ConfidenceInterval = [244.672 μs; 348.126 μs] (CI 99.9%), Margin = 51.727 μs (17.45% of Mean)
Skewness = 0.53, Kurtosis = 2.29, MValue = 2
-------------------- Histogram --------------------
[242.543 μs ; 279.385 μs) | @@
[279.385 μs ; 314.894 μs) | @@@@@
[314.894 μs ; 331.264 μs) | 
[331.264 μs ; 366.772 μs) | @
---------------------------------------------------

DeferredChunkWrites.DeferredAndRepackage: Job-MIBMUQ(IterationCount=9, IterationTime=250ms, LaunchCount=1, WarmupCount=5) [WriteCount=1, Pattern=Terrain]
Runtime = .NET 10.0.12 (10.0.12, 10.0.1226.42308), X64 RyuJIT x86-64-v3; GC = Concurrent Workstation
Mean = 193.549 μs, StdErr = 2.942 μs (1.52%), N = 8, StdDev = 8.321 μs
Min = 183.311 μs, Q1 = 189.240 μs, Median = 191.122 μs, Q3 = 196.747 μs, Max = 210.376 μs
IQR = 7.507 μs, LowerFence = 177.980 μs, UpperFence = 208.008 μs
ConfidenceInterval = [177.640 μs; 209.458 μs] (CI 99.9%), Margin = 15.909 μs (8.22% of Mean)
Skewness = 0.77, Kurtosis = 2.44, MValue = 2
-------------------- Histogram --------------------
[177.851 μs ; 186.447 μs) | @
[186.447 μs ; 197.368 μs) | @@@@@
[197.368 μs ; 204.382 μs) | @
[204.382 μs ; 215.837 μs) | @
---------------------------------------------------

DeferredChunkWrites.MarkHotAndCommit: Job-MIBMUQ(IterationCount=9, IterationTime=250ms, LaunchCount=1, WarmupCount=5) [WriteCount=5, Pattern=Uniform]
Runtime = .NET 10.0.12 (10.0.12, 10.0.1226.42308), X64 RyuJIT x86-64-v3; GC = Concurrent Workstation
Mean = 107.487 μs, StdErr = 1.642 μs (1.53%), N = 8, StdDev = 4.645 μs
Min = 99.760 μs, Q1 = 104.547 μs, Median = 109.258 μs, Q3 = 110.592 μs, Max = 112.797 μs
IQR = 6.045 μs, LowerFence = 95.480 μs, UpperFence = 119.659 μs
ConfidenceInterval = [98.605 μs; 116.369 μs] (CI 99.9%), Margin = 8.882 μs (8.26% of Mean)
Skewness = -0.49, Kurtosis = 1.49, MValue = 2
-------------------- Histogram --------------------
[ 99.525 μs ; 105.622 μs) | @@@
[105.622 μs ; 113.589 μs) | @@@@@
---------------------------------------------------

DeferredChunkWrites.DeferredAndRepackage: Job-MIBMUQ(IterationCount=9, IterationTime=250ms, LaunchCount=1, WarmupCount=5) [WriteCount=5, Pattern=Uniform]
Runtime = .NET 10.0.12 (10.0.12, 10.0.1226.42308), X64 RyuJIT x86-64-v3; GC = Concurrent Workstation
Mean = 16.482 μs, StdErr = 0.300 μs (1.82%), N = 9, StdDev = 0.901 μs
Min = 15.283 μs, Q1 = 15.629 μs, Median = 16.930 μs, Q3 = 17.043 μs, Max = 17.718 μs
IQR = 1.414 μs, LowerFence = 13.509 μs, UpperFence = 19.163 μs
ConfidenceInterval = [14.967 μs; 17.997 μs] (CI 99.9%), Margin = 1.515 μs (9.19% of Mean)
Skewness = -0.1, Kurtosis = 1.13, MValue = 3.6
-------------------- Histogram --------------------
[15.029 μs ; 16.167 μs) | @@@@
[16.167 μs ; 16.755 μs) | 
[16.755 μs ; 17.892 μs) | @@@@@
---------------------------------------------------

DeferredChunkWrites.MarkHotAndCommit: Job-MIBMUQ(IterationCount=9, IterationTime=250ms, LaunchCount=1, WarmupCount=5) [WriteCount=5, Pattern=Terrain]
Runtime = .NET 10.0.12 (10.0.12, 10.0.1226.42308), X64 RyuJIT x86-64-v3; GC = Concurrent Workstation
Mean = 325.599 μs, StdErr = 7.314 μs (2.25%), N = 8, StdDev = 20.688 μs
Min = 298.697 μs, Q1 = 314.526 μs, Median = 321.785 μs, Q3 = 331.785 μs, Max = 366.162 μs
IQR = 17.259 μs, LowerFence = 288.639 μs, UpperFence = 357.673 μs
ConfidenceInterval = [286.044 μs; 365.154 μs] (CI 99.9%), Margin = 39.555 μs (12.15% of Mean)
Skewness = 0.65, Kurtosis = 2.28, MValue = 2
-------------------- Histogram --------------------
[285.120 μs ; 306.548 μs) | @
[306.548 μs ; 333.701 μs) | @@@@@
[333.701 μs ; 366.926 μs) | @@
---------------------------------------------------

DeferredChunkWrites.DeferredAndRepackage: Job-MIBMUQ(IterationCount=9, IterationTime=250ms, LaunchCount=1, WarmupCount=5) [WriteCount=5, Pattern=Terrain]
Runtime = .NET 10.0.12 (10.0.12, 10.0.1226.42308), X64 RyuJIT x86-64-v3; GC = Concurrent Workstation
Mean = 228.376 μs, StdErr = 12.160 μs (5.32%), N = 9, StdDev = 36.480 μs
Min = 184.220 μs, Q1 = 188.736 μs, Median = 227.366 μs, Q3 = 255.738 μs, Max = 272.334 μs
IQR = 67.001 μs, LowerFence = 88.234 μs, UpperFence = 356.240 μs
ConfidenceInterval = [167.074 μs; 289.679 μs] (CI 99.9%), Margin = 61.302 μs (26.84% of Mean)
Skewness = -0.05, Kurtosis = 1.1, MValue = 2
-------------------- Histogram --------------------
[182.775 μs ; 228.811 μs) | @@@@@
[228.811 μs ; 286.144 μs) | @@@@
---------------------------------------------------

DeferredChunkWrites.MarkHotAndCommit: Job-MIBMUQ(IterationCount=9, IterationTime=250ms, LaunchCount=1, WarmupCount=5) [WriteCount=20, Pattern=Uniform]
Runtime = .NET 10.0.12 (10.0.12, 10.0.1226.42308), X64 RyuJIT x86-64-v3; GC = Concurrent Workstation
Mean = 116.074 μs, StdErr = 1.139 μs (0.98%), N = 9, StdDev = 3.416 μs
Min = 111.171 μs, Q1 = 112.936 μs, Median = 116.501 μs, Q3 = 118.556 μs, Max = 120.660 μs
IQR = 5.620 μs, LowerFence = 104.506 μs, UpperFence = 126.986 μs
ConfidenceInterval = [110.334 μs; 121.815 μs] (CI 99.9%), Margin = 5.740 μs (4.95% of Mean)
Skewness = -0.03, Kurtosis = 1.27, MValue = 2
-------------------- Histogram --------------------
[110.689 μs ; 115.000 μs) | @@@@
[115.000 μs ; 120.736 μs) | @@@@@
---------------------------------------------------

DeferredChunkWrites.DeferredAndRepackage: Job-MIBMUQ(IterationCount=9, IterationTime=250ms, LaunchCount=1, WarmupCount=5) [WriteCount=20, Pattern=Uniform]
Runtime = .NET 10.0.12 (10.0.12, 10.0.1226.42308), X64 RyuJIT x86-64-v3; GC = Concurrent Workstation
Mean = 26.897 μs, StdErr = 0.696 μs (2.59%), N = 9, StdDev = 2.087 μs
Min = 24.102 μs, Q1 = 25.518 μs, Median = 26.000 μs, Q3 = 28.155 μs, Max = 30.492 μs
IQR = 2.638 μs, LowerFence = 21.561 μs, UpperFence = 32.112 μs
ConfidenceInterval = [23.390 μs; 30.404 μs] (CI 99.9%), Margin = 3.507 μs (13.04% of Mean)
Skewness = 0.41, Kurtosis = 1.63, MValue = 2
-------------------- Histogram --------------------
[23.734 μs ; 26.368 μs) | @@@@@
[26.368 μs ; 29.648 μs) | @@@
[29.648 μs ; 31.809 μs) | @
---------------------------------------------------

DeferredChunkWrites.MarkHotAndCommit: Job-MIBMUQ(IterationCount=9, IterationTime=250ms, LaunchCount=1, WarmupCount=5) [WriteCount=20, Pattern=Terrain]
Runtime = .NET 10.0.12 (10.0.12, 10.0.1226.42308), X64 RyuJIT x86-64-v3; GC = Concurrent Workstation
Mean = 329.111 μs, StdErr = 14.077 μs (4.28%), N = 9, StdDev = 42.231 μs
Min = 260.172 μs, Q1 = 293.361 μs, Median = 349.626 μs, Q3 = 360.222 μs, Max = 376.110 μs
IQR = 66.861 μs, LowerFence = 193.071 μs, UpperFence = 460.513 μs
ConfidenceInterval = [258.145 μs; 400.077 μs] (CI 99.9%), Margin = 70.966 μs (21.56% of Mean)
Skewness = -0.29, Kurtosis = 1.3, MValue = 3.6
-------------------- Histogram --------------------
[255.939 μs ; 309.233 μs) | @@@@
[309.233 μs ; 336.221 μs) | 
[336.221 μs ; 389.515 μs) | @@@@@
---------------------------------------------------

DeferredChunkWrites.DeferredAndRepackage: Job-MIBMUQ(IterationCount=9, IterationTime=250ms, LaunchCount=1, WarmupCount=5) [WriteCount=20, Pattern=Terrain]
Runtime = .NET 10.0.12 (10.0.12, 10.0.1226.42308), X64 RyuJIT x86-64-v3; GC = Concurrent Workstation
Mean = 190.428 μs, StdErr = 7.086 μs (3.72%), N = 8, StdDev = 20.041 μs
Min = 159.890 μs, Q1 = 180.823 μs, Median = 189.604 μs, Q3 = 202.423 μs, Max = 224.169 μs
IQR = 21.600 μs, LowerFence = 148.424 μs, UpperFence = 234.823 μs
ConfidenceInterval = [152.110 μs; 228.747 μs] (CI 99.9%), Margin = 38.319 μs (20.12% of Mean)
Skewness = 0.09, Kurtosis = 1.83, MValue = 2
-------------------- Histogram --------------------
[152.258 μs ; 180.316 μs) | @@
[180.316 μs ; 206.620 μs) | @@@@@
[206.620 μs ; 237.321 μs) | @
---------------------------------------------------

// * Summary *

BenchmarkDotNet v0.16.0-preview.1, Windows 11 (10.0.26200.9457/25H2/2025Update/HudsonValley2)
AMD Ryzen 9 5950X 3.40GHz, 1 CPU, 32 logical and 16 physical cores
Memory: 127.91 GB Total, 98.32 GB Available
.NET SDK 11.0.100-preview.7.26381.103
  [Host]     : .NET 10.0.12 (10.0.12, 10.0.1226.42308), X64 RyuJIT x86-64-v3
  Job-MIBMUQ : .NET 10.0.12 (10.0.12, 10.0.1226.42308), X64 RyuJIT x86-64-v3

IterationCount=9  IterationTime=250ms  LaunchCount=1  
WarmupCount=5  

| Method               | Categories | WriteCount | Pattern | Mean         | Error        | StdDev       | Ratio | RatioSD | Gen0    | Gen1    | Gen2    | Allocated | Alloc Ratio |
|--------------------- |----------- |----------- |-------- |-------------:|-------------:|-------------:|------:|--------:|--------:|--------:|--------:|----------:|------------:|
| MarkHotEdits         | Edits      | 1          | Uniform |  89,455.6 ns |  7,000.44 ns |  4,165.85 ns | 1.000 |    0.00 | 83.2346 | 83.2346 | 83.2346 |  262360 B |       1.000 |
| DeferredEdits        | Edits      | 1          | Uniform |     179.0 ns |     35.54 ns |     21.15 ns | 0.002 |    0.00 |  0.0089 |       - |       - |     152 B |       0.001 |
|                      |            |            |         |              |              |              |       |         |         |         |         |           |             |
| MarkHotEdits         | Edits      | 1          | Terrain | 151,773.3 ns | 20,228.50 ns | 12,037.66 ns | 1.000 |    0.00 | 83.1653 | 83.1653 | 83.1653 |  262360 B |       1.000 |
| DeferredEdits        | Edits      | 1          | Terrain |     174.0 ns |     36.12 ns |     21.49 ns | 0.001 |    0.00 |  0.0087 |       - |       - |     152 B |       0.001 |
|                      |            |            |         |              |              |              |       |         |         |         |         |           |             |
| MarkHotEdits         | Edits      | 5          | Uniform |  85,813.6 ns |  6,836.29 ns |  3,575.51 ns | 1.000 |    0.00 | 83.2317 | 83.2317 | 83.2317 |  262360 B |       1.000 |
| DeferredEdits        | Edits      | 5          | Uniform |     202.0 ns |     20.56 ns |     12.24 ns | 0.002 |    0.00 |  0.0089 |       - |       - |     152 B |       0.001 |
|                      |            |            |         |              |              |              |       |         |         |         |         |           |             |
| MarkHotEdits         | Edits      | 5          | Terrain | 154,930.9 ns | 15,556.41 ns |  9,257.37 ns | 1.000 |    0.00 | 83.0078 | 83.0078 | 83.0078 |  262359 B |       1.000 |
| DeferredEdits        | Edits      | 5          | Terrain |     210.2 ns |     29.65 ns |     17.64 ns | 0.001 |    0.00 |  0.0085 |       - |       - |     152 B |       0.001 |
|                      |            |            |         |              |              |              |       |         |         |         |         |           |             |
| MarkHotEdits         | Edits      | 20         | Uniform |  94,512.1 ns |  7,343.90 ns |  4,370.24 ns | 1.000 |    0.00 | 83.0314 | 83.0314 | 83.0314 |  262360 B |       1.000 |
| DeferredEdits        | Edits      | 20         | Uniform |     389.0 ns |     31.34 ns |     18.65 ns | 0.004 |    0.00 |  0.0088 |       - |       - |     152 B |       0.001 |
|                      |            |            |         |              |              |              |       |         |         |         |         |           |             |
| MarkHotEdits         | Edits      | 20         | Terrain | 157,877.3 ns | 17,422.88 ns | 10,368.08 ns | 1.000 |    0.00 | 83.1693 | 83.1693 | 83.1693 |  262360 B |       1.000 |
| DeferredEdits        | Edits      | 20         | Terrain |     416.1 ns |     70.25 ns |     41.81 ns | 0.003 |    0.00 |  0.0090 |       - |       - |     152 B |       0.001 |
|                      |            |            |         |              |              |              |       |         |         |         |         |           |             |
| MarkHotAndCommit     | Repackage  | 1          | Uniform | 103,596.9 ns |  5,563.97 ns |  3,311.03 ns |  1.00 |    0.00 | 82.9802 | 82.9802 | 82.9802 |  262599 B |       1.000 |
| DeferredAndRepackage | Repackage  | 1          | Uniform |  15,158.8 ns |  2,953.53 ns |  1,757.60 ns |  0.15 |    0.02 |       - |       - |       - |     480 B |       0.002 |
|                      |            |            |         |              |              |              |       |         |         |         |         |           |             |
| MarkHotAndCommit     | Repackage  | 1          | Terrain | 296,399.3 ns | 51,726.88 ns | 27,054.16 ns |  1.00 |    0.00 | 82.3864 | 82.3864 | 82.3864 |  271102 B |        1.00 |
| DeferredAndRepackage | Repackage  | 1          | Terrain | 193,548.9 ns | 15,908.80 ns |  8,320.61 ns |  0.66 |    0.06 |       - |       - |       - |    8984 B |        0.03 |
|                      |            |            |         |              |              |              |       |         |         |         |         |           |             |
| MarkHotAndCommit     | Repackage  | 5          | Uniform | 107,487.1 ns |  8,881.94 ns |  4,645.43 ns |  1.00 |    0.00 | 83.2163 | 83.2163 | 83.2163 |  262688 B |       1.000 |
| DeferredAndRepackage | Repackage  | 5          | Uniform |  16,481.9 ns |  1,514.59 ns |    901.31 ns |  0.15 |    0.01 |       - |       - |       - |     568 B |       0.002 |
|                      |            |            |         |              |              |              |       |         |         |         |         |           |             |
| MarkHotAndCommit     | Repackage  | 5          | Terrain | 325,598.7 ns | 39,555.06 ns | 20,688.06 ns |  1.00 |    0.00 | 82.6923 | 82.6923 | 82.6923 |  271183 B |        1.00 |
| DeferredAndRepackage | Repackage  | 5          | Terrain | 228,376.2 ns | 61,302.36 ns | 36,480.05 ns |  0.70 |    0.11 |       - |       - |       - |    9064 B |        0.03 |
|                      |            |            |         |              |              |              |       |         |         |         |         |           |             |
| MarkHotAndCommit     | Repackage  | 20         | Uniform | 116,074.0 ns |  5,740.47 ns |  3,416.06 ns |  1.00 |    0.00 | 83.2078 | 83.2078 | 83.2078 |  263120 B |       1.000 |
| DeferredAndRepackage | Repackage  | 20         | Uniform |  26,896.7 ns |  3,506.89 ns |  2,086.89 ns |  0.23 |    0.02 |       - |       - |       - |    1000 B |       0.004 |
|                      |            |            |         |              |              |              |       |         |         |         |         |           |             |
| MarkHotAndCommit     | Repackage  | 20         | Terrain | 329,110.7 ns | 70,966.13 ns | 42,230.81 ns |  1.00 |    0.00 | 82.6923 | 82.6923 | 82.6923 |  271527 B |        1.00 |
| DeferredAndRepackage | Repackage  | 20         | Terrain | 190,428.3 ns | 38,318.79 ns | 20,041.47 ns |  0.59 |    0.10 |       - |       - |       - |    9408 B |        0.03 |

// * Hints *
Outliers
  DeferredChunkWrites.MarkHotEdits: IterationCount=9, IterationTime=250ms, LaunchCount=1, WarmupCount=5         -> 1 outlier  was  removed, 2 outliers were detected (78.46 μs, 96.37 μs)
  DeferredChunkWrites.MarkHotAndCommit: IterationCount=9, IterationTime=250ms, LaunchCount=1, WarmupCount=5     -> 1 outlier  was  removed (351.72 μs)
  DeferredChunkWrites.DeferredAndRepackage: IterationCount=9, IterationTime=250ms, LaunchCount=1, WarmupCount=5 -> 1 outlier  was  removed (249.81 μs)
  DeferredChunkWrites.MarkHotAndCommit: IterationCount=9, IterationTime=250ms, LaunchCount=1, WarmupCount=5     -> 1 outlier  was  removed (130.19 μs)
  DeferredChunkWrites.MarkHotAndCommit: IterationCount=9, IterationTime=250ms, LaunchCount=1, WarmupCount=5     -> 1 outlier  was  removed (388.70 μs)
  DeferredChunkWrites.DeferredAndRepackage: IterationCount=9, IterationTime=250ms, LaunchCount=1, WarmupCount=5 -> 1 outlier  was  removed (239.94 μs)

// * Legends *
  Categories  : All categories of the corresponded method, class, and assembly
  WriteCount  : Value of the 'WriteCount' parameter
  Pattern     : Value of the 'Pattern' parameter
  Mean        : Arithmetic mean of all measurements
  Error       : Half of 99.9% confidence interval
  StdDev      : Standard deviation of all measurements
  Ratio       : Mean of the ratio distribution ([Current]/[Baseline])
  RatioSD     : Standard deviation of the ratio distribution ([Current]/[Baseline])
  Gen0        : GC Generation 0 collects per 1000 operations
  Gen1        : GC Generation 1 collects per 1000 operations
  Gen2        : GC Generation 2 collects per 1000 operations
  Allocated   : Allocated memory per single operation (managed only, inclusive, 1KB = 1024B)
  Alloc Ratio : Allocated memory ratio distribution ([Current]/[Baseline])
  1 ns        : 1 Nanosecond (0.000000001 sec)

// * Diagnostic Output - MemoryDiagnoser *


// ***** BenchmarkRunner: End *****
Run time: 00:03:00 (180.07 sec), executed benchmarks: 24

// Found 8 benchmarks:
//   DeferredStoreBenchmarks.ImmediateHotCompleteCycle: Job-MIBMUQ(IterationCount=9, IterationTime=250ms, LaunchCount=1, WarmupCount=5) [WriteCount=1]
//   DeferredStoreBenchmarks.DeferredCompleteCycle: Job-MIBMUQ(IterationCount=9, IterationTime=250ms, LaunchCount=1, WarmupCount=5) [WriteCount=1]
//   DeferredStoreBenchmarks.ImmediateHotCompleteCycle: Job-MIBMUQ(IterationCount=9, IterationTime=250ms, LaunchCount=1, WarmupCount=5) [WriteCount=20]
//   DeferredStoreBenchmarks.DeferredCompleteCycle: Job-MIBMUQ(IterationCount=9, IterationTime=250ms, LaunchCount=1, WarmupCount=5) [WriteCount=20]
//   DeferredStoreBenchmarks.ImmediateHotEdits: Job-MIBMUQ(IterationCount=9, IterationTime=250ms, LaunchCount=1, WarmupCount=5) [WriteCount=1]
//   DeferredStoreBenchmarks.DeferredEdits: Job-MIBMUQ(IterationCount=9, IterationTime=250ms, LaunchCount=1, WarmupCount=5) [WriteCount=1]
//   DeferredStoreBenchmarks.ImmediateHotEdits: Job-MIBMUQ(IterationCount=9, IterationTime=250ms, LaunchCount=1, WarmupCount=5) [WriteCount=20]
//   DeferredStoreBenchmarks.DeferredEdits: Job-MIBMUQ(IterationCount=9, IterationTime=250ms, LaunchCount=1, WarmupCount=5) [WriteCount=20]

Setup power plan (GUID: 8c5e7fda-e8bf-4a96-9a85-a6e23a8c635c FriendlyName: High performance)
// **************************
// Benchmark: DeferredStoreBenchmarks.ImmediateHotCompleteCycle: Job-MIBMUQ(IterationCount=9, IterationTime=250ms, LaunchCount=1, WarmupCount=5) [WriteCount=1]
// *** Execute ***
// Launch: 1 / 1
// Execute: dotnet Tedd.Voxtree.Benchmark-Job-MIBMUQ-1.dll --ipcPort 60710 --benchmarkName "Tedd.Voxtree.Benchmark.Tests.DeferredStoreBenchmarks.ImmediateHotCompleteCycle(WriteCount: 1)" --job "IterationCount=9, IterationTime=250ms, LaunchCount=1, WarmupCount=5" --diagnoserRunMode 3 --benchmarkId 40 in C:\Users\tedd\.codex\worktrees\deferred-chunk-writes\Tedd.Voxtree\src\Tedd.Voxtree.Benchmark\bin\Release\net10.0\Tedd.Voxtree.Benchmark-Job-MIBMUQ-1\bin\Release\net10.0
// BeforeAnythingElse

// Benchmark Process Environment Information:
// BenchmarkDotNet v0.16.0-preview.1
// Runtime=.NET 10.0.12 (10.0.12, 10.0.1226.42308), X64 RyuJIT x86-64-v3
// GC=Concurrent Workstation
// HardwareIntrinsics=AVX2+BMI1+BMI2+F16C+FMA+LZCNT+MOVBE,AVX,SSE3+SSSE3+SSE4.1+SSE4.2+POPCNT,X86Base+SSE+SSE2,AES+PCLMUL VectorSize=256
// Job: Job-MIBMUQ(IterationCount=9, IterationTime=250ms, LaunchCount=1, WarmupCount=5)

WorkloadJitting  1: 1 op, 1259900.00 ns, 1.2599 ms/op
WorkloadJitting  2: 30 op, 9500000.00 ns, 316.6667 us/op
WorkloadJitting  3: 30 op, 7524000.00 ns, 250.8000 us/op
WorkloadJitting  4: 30 op, 7021900.00 ns, 234.0633 us/op
WorkloadJitting  5: 1 op, 189500.00 ns, 189.5000 us/op

WorkloadPilot    1: 1 op, 181800.00 ns, 181.8000 us/op

WorkloadPilot    1: 16 op, 3668200.00 ns, 229.2625 us/op
WorkloadPilot    2: 1104 op, 264086100.00 ns, 239.2084 us/op
WorkloadPilot    3: 1056 op, 251647400.00 ns, 238.3025 us/op

WorkloadWarmup   1: 1056 op, 254251700.00 ns, 240.7687 us/op
WorkloadWarmup   2: 1056 op, 251457200.00 ns, 238.1223 us/op
WorkloadWarmup   3: 1056 op, 251715800.00 ns, 238.3672 us/op
WorkloadWarmup   4: 1056 op, 252259300.00 ns, 238.8819 us/op
WorkloadWarmup   5: 1056 op, 256128500.00 ns, 242.5459 us/op

// BeforeActualRun
WorkloadActual   1: 1056 op, 279964700.00 ns, 265.1181 us/op
WorkloadActual   2: 1056 op, 318862300.00 ns, 301.9529 us/op
WorkloadActual   3: 1056 op, 285376400.00 ns, 270.2428 us/op
WorkloadActual   4: 1056 op, 331763800.00 ns, 314.1703 us/op
WorkloadActual   5: 1056 op, 307454800.00 ns, 291.1504 us/op
WorkloadActual   6: 1056 op, 283879700.00 ns, 268.8255 us/op
WorkloadActual   7: 1056 op, 334025600.00 ns, 316.3121 us/op
WorkloadActual   8: 1056 op, 310403100.00 ns, 293.9423 us/op
WorkloadActual   9: 1056 op, 294146700.00 ns, 278.5480 us/op

// AfterActualRun
// BeforeExtraIteration
// AfterExtraIteration
WorkloadExtra    1: 1056 op, 343519100.00 ns, 325.3022 us/op
WorkloadResult   1: 1056 op, 279964700.00 ns, 265.1181 us/op
WorkloadResult   2: 1056 op, 318862300.00 ns, 301.9529 us/op
WorkloadResult   3: 1056 op, 285376400.00 ns, 270.2428 us/op
WorkloadResult   4: 1056 op, 331763800.00 ns, 314.1703 us/op
WorkloadResult   5: 1056 op, 307454800.00 ns, 291.1504 us/op
WorkloadResult   6: 1056 op, 283879700.00 ns, 268.8255 us/op
WorkloadResult   7: 1056 op, 334025600.00 ns, 316.3121 us/op
WorkloadResult   8: 1056 op, 310403100.00 ns, 293.9423 us/op
WorkloadResult   9: 1056 op, 294146700.00 ns, 278.5480 us/op
// GC:  87 87 87 286394016 1056

// AfterAll
// Benchmark Process 109764 has exited with code 0.

Mean = 288.918 μs, StdErr = 6.471 μs (2.24%), N = 9, StdDev = 19.412 μs
Min = 265.118 μs, Q1 = 270.243 μs, Median = 291.150 μs, Q3 = 301.953 μs, Max = 316.312 μs
IQR = 31.710 μs, LowerFence = 222.678 μs, UpperFence = 349.518 μs
ConfidenceInterval = [256.297 μs; 321.539 μs] (CI 99.9%), Margin = 32.621 μs (11.29% of Mean)
Skewness = 0.15, Kurtosis = 1.26, MValue = 3.5

// ** Remained 7 (14.6%) benchmark(s) to run. Estimated finish 2026-09-20 10:32 (0h 0m from now) **
Setup power plan (GUID: 8c5e7fda-e8bf-4a96-9a85-a6e23a8c635c FriendlyName: High performance)
// **************************
// Benchmark: DeferredStoreBenchmarks.DeferredCompleteCycle: Job-MIBMUQ(IterationCount=9, IterationTime=250ms, LaunchCount=1, WarmupCount=5) [WriteCount=1]
// *** Execute ***
// Launch: 1 / 1
// Execute: dotnet Tedd.Voxtree.Benchmark-Job-MIBMUQ-1.dll --ipcPort 60716 --benchmarkName "Tedd.Voxtree.Benchmark.Tests.DeferredStoreBenchmarks.DeferredCompleteCycle(WriteCount: 1)" --job "IterationCount=9, IterationTime=250ms, LaunchCount=1, WarmupCount=5" --diagnoserRunMode 3 --benchmarkId 41 in C:\Users\tedd\.codex\worktrees\deferred-chunk-writes\Tedd.Voxtree\src\Tedd.Voxtree.Benchmark\bin\Release\net10.0\Tedd.Voxtree.Benchmark-Job-MIBMUQ-1\bin\Release\net10.0
// BeforeAnythingElse

// Benchmark Process Environment Information:
// BenchmarkDotNet v0.16.0-preview.1
// Runtime=.NET 10.0.12 (10.0.12, 10.0.1226.42308), X64 RyuJIT x86-64-v3
// GC=Concurrent Workstation
// HardwareIntrinsics=AVX2+BMI1+BMI2+F16C+FMA+LZCNT+MOVBE,AVX,SSE3+SSSE3+SSE4.1+SSE4.2+POPCNT,X86Base+SSE+SSE2,AES+PCLMUL VectorSize=256
// Job: Job-MIBMUQ(IterationCount=9, IterationTime=250ms, LaunchCount=1, WarmupCount=5)

WorkloadJitting  1: 1 op, 1061300.00 ns, 1.0613 ms/op
WorkloadJitting  2: 30 op, 5571600.00 ns, 185.7200 us/op
WorkloadJitting  3: 30 op, 5214400.00 ns, 173.8133 us/op
WorkloadJitting  4: 30 op, 4866300.00 ns, 162.2100 us/op
WorkloadJitting  5: 1 op, 194200.00 ns, 194.2000 us/op

WorkloadPilot    1: 1 op, 174600.00 ns, 174.6000 us/op

WorkloadPilot    1: 16 op, 2558800.00 ns, 159.9250 us/op
WorkloadPilot    2: 1568 op, 255941000.00 ns, 163.2277 us/op
WorkloadPilot    3: 1536 op, 246436300.00 ns, 160.4403 us/op
WorkloadPilot    4: 1568 op, 251759600.00 ns, 160.5610 us/op

WorkloadWarmup   1: 1568 op, 251386800.00 ns, 160.3232 us/op
WorkloadWarmup   2: 1568 op, 251248400.00 ns, 160.2349 us/op
WorkloadWarmup   3: 1568 op, 250940100.00 ns, 160.0383 us/op
WorkloadWarmup   4: 1568 op, 250678900.00 ns, 159.8717 us/op
WorkloadWarmup   5: 1568 op, 277295700.00 ns, 176.8467 us/op

// BeforeActualRun
WorkloadActual   1: 1568 op, 334220700.00 ns, 213.1510 us/op
WorkloadActual   2: 1568 op, 292299800.00 ns, 186.4157 us/op
WorkloadActual   3: 1568 op, 365704500.00 ns, 233.2299 us/op
WorkloadActual   4: 1568 op, 293971000.00 ns, 187.4815 us/op
WorkloadActual   5: 1568 op, 300512500.00 ns, 191.6534 us/op
WorkloadActual   6: 1568 op, 313893000.00 ns, 200.1869 us/op
WorkloadActual   7: 1568 op, 272858900.00 ns, 174.0172 us/op
WorkloadActual   8: 1568 op, 324994000.00 ns, 207.2666 us/op
WorkloadActual   9: 1568 op, 300020300.00 ns, 191.3395 us/op

// AfterActualRun
// BeforeExtraIteration
// AfterExtraIteration
WorkloadExtra    1: 1568 op, 341207000.00 ns, 217.6065 us/op
WorkloadResult   1: 1568 op, 334220700.00 ns, 213.1510 us/op
WorkloadResult   2: 1568 op, 292299800.00 ns, 186.4157 us/op
WorkloadResult   3: 1568 op, 365704500.00 ns, 233.2299 us/op
WorkloadResult   4: 1568 op, 293971000.00 ns, 187.4815 us/op
WorkloadResult   5: 1568 op, 300512500.00 ns, 191.6534 us/op
WorkloadResult   6: 1568 op, 313893000.00 ns, 200.1869 us/op
WorkloadResult   7: 1568 op, 272858900.00 ns, 174.0172 us/op
WorkloadResult   8: 1568 op, 324994000.00 ns, 207.2666 us/op
WorkloadResult   9: 1568 op, 300020300.00 ns, 191.3395 us/op
// GC:  0 0 0 14174720 1568

// AfterAll
// Benchmark Process 123888 has exited with code 0.

Mean = 198.305 μs, StdErr = 5.851 μs (2.95%), N = 9, StdDev = 17.554 μs
Min = 174.017 μs, Q1 = 187.482 μs, Median = 191.653 μs, Q3 = 207.267 μs, Max = 233.230 μs
IQR = 19.785 μs, LowerFence = 157.804 μs, UpperFence = 236.944 μs
ConfidenceInterval = [168.806 μs; 227.803 μs] (CI 99.9%), Margin = 29.499 μs (14.88% of Mean)
Skewness = 0.59, Kurtosis = 2.26, MValue = 2

// ** Remained 6 (12.5%) benchmark(s) to run. Estimated finish 2026-09-20 10:31 (0h 0m from now) **
Setup power plan (GUID: 8c5e7fda-e8bf-4a96-9a85-a6e23a8c635c FriendlyName: High performance)
// **************************
// Benchmark: DeferredStoreBenchmarks.ImmediateHotCompleteCycle: Job-MIBMUQ(IterationCount=9, IterationTime=250ms, LaunchCount=1, WarmupCount=5) [WriteCount=20]
// *** Execute ***
// Launch: 1 / 1
// Execute: dotnet Tedd.Voxtree.Benchmark-Job-MIBMUQ-1.dll --ipcPort 62399 --benchmarkName "Tedd.Voxtree.Benchmark.Tests.DeferredStoreBenchmarks.ImmediateHotCompleteCycle(WriteCount: 20)" --job "IterationCount=9, IterationTime=250ms, LaunchCount=1, WarmupCount=5" --diagnoserRunMode 3 --benchmarkId 42 in C:\Users\tedd\.codex\worktrees\deferred-chunk-writes\Tedd.Voxtree\src\Tedd.Voxtree.Benchmark\bin\Release\net10.0\Tedd.Voxtree.Benchmark-Job-MIBMUQ-1\bin\Release\net10.0
// BeforeAnythingElse

// Benchmark Process Environment Information:
// BenchmarkDotNet v0.16.0-preview.1
// Runtime=.NET 10.0.12 (10.0.12, 10.0.1226.42308), X64 RyuJIT x86-64-v3
// GC=Concurrent Workstation
// HardwareIntrinsics=AVX2+BMI1+BMI2+F16C+FMA+LZCNT+MOVBE,AVX,SSE3+SSSE3+SSE4.1+SSE4.2+POPCNT,X86Base+SSE+SSE2,AES+PCLMUL VectorSize=256
// Job: Job-MIBMUQ(IterationCount=9, IterationTime=250ms, LaunchCount=1, WarmupCount=5)

WorkloadJitting  1: 1 op, 1119800.00 ns, 1.1198 ms/op
WorkloadJitting  2: 30 op, 15511300.00 ns, 517.0433 us/op
WorkloadJitting  3: 30 op, 7671700.00 ns, 255.7233 us/op
WorkloadJitting  4: 30 op, 7146100.00 ns, 238.2033 us/op
WorkloadJitting  5: 1 op, 198200.00 ns, 198.2000 us/op

WorkloadPilot    1: 1 op, 219200.00 ns, 219.2000 us/op

WorkloadPilot    1: 16 op, 3983500.00 ns, 248.9688 us/op
WorkloadPilot    2: 1008 op, 248629400.00 ns, 246.6562 us/op
WorkloadPilot    3: 1024 op, 261197500.00 ns, 255.0757 us/op
WorkloadPilot    4: 992 op, 248263000.00 ns, 250.2651 us/op
WorkloadPilot    5: 1008 op, 248519000.00 ns, 246.5466 us/op
WorkloadPilot    6: 1024 op, 250604100.00 ns, 244.7306 us/op

WorkloadWarmup   1: 1024 op, 276783300.00 ns, 270.2962 us/op
WorkloadWarmup   2: 1024 op, 248290500.00 ns, 242.4712 us/op
WorkloadWarmup   3: 1024 op, 285628500.00 ns, 278.9341 us/op
WorkloadWarmup   4: 1024 op, 328826400.00 ns, 321.1195 us/op
WorkloadWarmup   5: 1024 op, 321746200.00 ns, 314.2053 us/op

// BeforeActualRun
WorkloadActual   1: 1024 op, 318233500.00 ns, 310.7749 us/op
WorkloadActual   2: 1024 op, 302315500.00 ns, 295.2300 us/op
WorkloadActual   3: 1024 op, 323411300.00 ns, 315.8313 us/op
WorkloadActual   4: 1024 op, 333986100.00 ns, 326.1583 us/op
WorkloadActual   5: 1024 op, 295682100.00 ns, 288.7521 us/op
WorkloadActual   6: 1024 op, 289126400.00 ns, 282.3500 us/op
WorkloadActual   7: 1024 op, 308822100.00 ns, 301.5841 us/op
WorkloadActual   8: 1024 op, 370428700.00 ns, 361.7468 us/op
WorkloadActual   9: 1024 op, 307031300.00 ns, 299.8353 us/op

// AfterActualRun
// BeforeExtraIteration
// AfterExtraIteration
WorkloadExtra    1: 1024 op, 290249500.00 ns, 283.4468 us/op
WorkloadResult   1: 1024 op, 318233500.00 ns, 310.7749 us/op
WorkloadResult   2: 1024 op, 302315500.00 ns, 295.2300 us/op
WorkloadResult   3: 1024 op, 323411300.00 ns, 315.8313 us/op
WorkloadResult   4: 1024 op, 333986100.00 ns, 326.1583 us/op
WorkloadResult   5: 1024 op, 295682100.00 ns, 288.7521 us/op
WorkloadResult   6: 1024 op, 289126400.00 ns, 282.3500 us/op
WorkloadResult   7: 1024 op, 308822100.00 ns, 301.5841 us/op
WorkloadResult   8: 1024 op, 307031300.00 ns, 299.8353 us/op
// GC:  85 85 85 278150624 1024

// AfterAll
// Benchmark Process 507880 has exited with code 0.

Mean = 302.564 μs, StdErr = 5.109 μs (1.69%), N = 8, StdDev = 14.450 μs
Min = 282.350 μs, Q1 = 293.610 μs, Median = 300.710 μs, Q3 = 312.039 μs, Max = 326.158 μs
IQR = 18.429 μs, LowerFence = 265.968 μs, UpperFence = 339.682 μs
ConfidenceInterval = [274.936 μs; 330.193 μs] (CI 99.9%), Margin = 27.629 μs (9.13% of Mean)
Skewness = 0.2, Kurtosis = 1.58, MValue = 2

// ** Remained 5 (10.4%) benchmark(s) to run. Estimated finish 2026-09-20 10:31 (0h 0m from now) **
Setup power plan (GUID: 8c5e7fda-e8bf-4a96-9a85-a6e23a8c635c FriendlyName: High performance)
// **************************
// Benchmark: DeferredStoreBenchmarks.DeferredCompleteCycle: Job-MIBMUQ(IterationCount=9, IterationTime=250ms, LaunchCount=1, WarmupCount=5) [WriteCount=20]
// *** Execute ***
// Launch: 1 / 1
// Execute: dotnet Tedd.Voxtree.Benchmark-Job-MIBMUQ-1.dll --ipcPort 62548 --benchmarkName "Tedd.Voxtree.Benchmark.Tests.DeferredStoreBenchmarks.DeferredCompleteCycle(WriteCount: 20)" --job "IterationCount=9, IterationTime=250ms, LaunchCount=1, WarmupCount=5" --diagnoserRunMode 3 --benchmarkId 43 in C:\Users\tedd\.codex\worktrees\deferred-chunk-writes\Tedd.Voxtree\src\Tedd.Voxtree.Benchmark\bin\Release\net10.0\Tedd.Voxtree.Benchmark-Job-MIBMUQ-1\bin\Release\net10.0
// BeforeAnythingElse

// Benchmark Process Environment Information:
// BenchmarkDotNet v0.16.0-preview.1
// Runtime=.NET 10.0.12 (10.0.12, 10.0.1226.42308), X64 RyuJIT x86-64-v3
// GC=Concurrent Workstation
// HardwareIntrinsics=AVX2+BMI1+BMI2+F16C+FMA+LZCNT+MOVBE,AVX,SSE3+SSSE3+SSE4.1+SSE4.2+POPCNT,X86Base+SSE+SSE2,AES+PCLMUL VectorSize=256
// Job: Job-MIBMUQ(IterationCount=9, IterationTime=250ms, LaunchCount=1, WarmupCount=5)

WorkloadJitting  1: 1 op, 1127800.00 ns, 1.1278 ms/op
WorkloadJitting  2: 30 op, 11139600.00 ns, 371.3200 us/op
WorkloadJitting  3: 30 op, 5150300.00 ns, 171.6767 us/op
WorkloadJitting  4: 30 op, 4808900.00 ns, 160.2967 us/op
WorkloadJitting  5: 1 op, 188300.00 ns, 188.3000 us/op

WorkloadPilot    1: 1 op, 178900.00 ns, 178.9000 us/op

WorkloadPilot    1: 16 op, 2591300.00 ns, 161.9563 us/op
WorkloadPilot    2: 1552 op, 254946200.00 ns, 164.2695 us/op
WorkloadPilot    3: 1536 op, 247928500.00 ns, 161.4118 us/op
WorkloadPilot    4: 1552 op, 248813500.00 ns, 160.3180 us/op
WorkloadPilot    5: 1568 op, 254673500.00 ns, 162.4193 us/op
WorkloadPilot    6: 1552 op, 249143000.00 ns, 160.5303 us/op
WorkloadPilot    7: 1568 op, 252646300.00 ns, 161.1265 us/op

WorkloadWarmup   1: 1568 op, 251638500.00 ns, 160.4837 us/op
WorkloadWarmup   2: 1568 op, 320898500.00 ns, 204.6547 us/op
WorkloadWarmup   3: 1568 op, 323478400.00 ns, 206.3000 us/op
WorkloadWarmup   4: 1568 op, 293929600.00 ns, 187.4551 us/op
WorkloadWarmup   5: 1568 op, 325262000.00 ns, 207.4375 us/op

// BeforeActualRun
WorkloadActual   1: 1568 op, 312494500.00 ns, 199.2950 us/op
WorkloadActual   2: 1568 op, 297342100.00 ns, 189.6314 us/op
WorkloadActual   3: 1568 op, 279922200.00 ns, 178.5218 us/op
WorkloadActual   4: 1568 op, 303358700.00 ns, 193.4686 us/op
WorkloadActual   5: 1568 op, 357176600.00 ns, 227.7912 us/op
WorkloadActual   6: 1568 op, 342700000.00 ns, 218.5587 us/op
WorkloadActual   7: 1568 op, 402651900.00 ns, 256.7933 us/op
WorkloadActual   8: 1568 op, 354719700.00 ns, 226.2243 us/op
WorkloadActual   9: 1568 op, 377883400.00 ns, 240.9971 us/op

// AfterActualRun
// BeforeExtraIteration
// AfterExtraIteration
WorkloadExtra    1: 1568 op, 376916200.00 ns, 240.3802 us/op
WorkloadResult   1: 1568 op, 312494500.00 ns, 199.2950 us/op
WorkloadResult   2: 1568 op, 297342100.00 ns, 189.6314 us/op
WorkloadResult   3: 1568 op, 279922200.00 ns, 178.5218 us/op
WorkloadResult   4: 1568 op, 303358700.00 ns, 193.4686 us/op
WorkloadResult   5: 1568 op, 357176600.00 ns, 227.7912 us/op
WorkloadResult   6: 1568 op, 342700000.00 ns, 218.5587 us/op
WorkloadResult   7: 1568 op, 402651900.00 ns, 256.7933 us/op
WorkloadResult   8: 1568 op, 354719700.00 ns, 226.2243 us/op
WorkloadResult   9: 1568 op, 377883400.00 ns, 240.9971 us/op
// GC:  0 0 0 14839552 1568

// AfterAll
// Benchmark Process 488688 has exited with code 0.

Mean = 214.587 μs, StdErr = 8.666 μs (4.04%), N = 9, StdDev = 25.999 μs
Min = 178.522 μs, Q1 = 193.469 μs, Median = 218.559 μs, Q3 = 227.791 μs, Max = 256.793 μs
IQR = 34.323 μs, LowerFence = 141.985 μs, UpperFence = 279.275 μs
ConfidenceInterval = [170.897 μs; 258.277 μs] (CI 99.9%), Margin = 43.690 μs (20.36% of Mean)
Skewness = 0.14, Kurtosis = 1.47, MValue = 2

// ** Remained 4 (8.3%) benchmark(s) to run. Estimated finish 2026-09-20 10:32 (0h 0m from now) **
Setup power plan (GUID: 8c5e7fda-e8bf-4a96-9a85-a6e23a8c635c FriendlyName: High performance)
// **************************
// Benchmark: DeferredStoreBenchmarks.ImmediateHotEdits: Job-MIBMUQ(IterationCount=9, IterationTime=250ms, LaunchCount=1, WarmupCount=5) [WriteCount=1]
// *** Execute ***
// Launch: 1 / 1
// Execute: dotnet Tedd.Voxtree.Benchmark-Job-MIBMUQ-1.dll --ipcPort 62555 --benchmarkName "Tedd.Voxtree.Benchmark.Tests.DeferredStoreBenchmarks.ImmediateHotEdits(WriteCount: 1)" --job "IterationCount=9, IterationTime=250ms, LaunchCount=1, WarmupCount=5" --diagnoserRunMode 3 --benchmarkId 44 in C:\Users\tedd\.codex\worktrees\deferred-chunk-writes\Tedd.Voxtree\src\Tedd.Voxtree.Benchmark\bin\Release\net10.0\Tedd.Voxtree.Benchmark-Job-MIBMUQ-1\bin\Release\net10.0
// BeforeAnythingElse

// Benchmark Process Environment Information:
// BenchmarkDotNet v0.16.0-preview.1
// Runtime=.NET 10.0.12 (10.0.12, 10.0.1226.42308), X64 RyuJIT x86-64-v3
// GC=Concurrent Workstation
// HardwareIntrinsics=AVX2+BMI1+BMI2+F16C+FMA+LZCNT+MOVBE,AVX,SSE3+SSSE3+SSE4.1+SSE4.2+POPCNT,X86Base+SSE+SSE2,AES+PCLMUL VectorSize=256
// Job: Job-MIBMUQ(IterationCount=9, IterationTime=250ms, LaunchCount=1, WarmupCount=5)

WorkloadJitting  1: 1 op, 422300.00 ns, 422.3000 us/op
WorkloadJitting  2: 30 op, 3890900.00 ns, 129.6967 us/op
WorkloadJitting  3: 30 op, 3886300.00 ns, 129.5433 us/op
WorkloadJitting  4: 30 op, 3569500.00 ns, 118.9833 us/op
WorkloadJitting  5: 1 op, 69000.00 ns, 69.0000 us/op

WorkloadPilot    1: 1 op, 70800.00 ns, 70.8000 us/op

WorkloadPilot    1: 16 op, 2222000.00 ns, 138.8750 us/op
WorkloadPilot    2: 1808 op, 223655600.00 ns, 123.7033 us/op
WorkloadPilot    3: 2032 op, 253084200.00 ns, 124.5493 us/op
WorkloadPilot    4: 2016 op, 252730300.00 ns, 125.3623 us/op
WorkloadPilot    5: 2000 op, 261319000.00 ns, 130.6595 us/op

WorkloadWarmup   1: 2000 op, 249310500.00 ns, 124.6553 us/op
WorkloadWarmup   2: 2000 op, 251624200.00 ns, 125.8121 us/op
WorkloadWarmup   3: 2000 op, 252940300.00 ns, 126.4702 us/op
WorkloadWarmup   4: 2000 op, 295750300.00 ns, 147.8752 us/op
WorkloadWarmup   5: 2000 op, 328828000.00 ns, 164.4140 us/op

// BeforeActualRun
WorkloadActual   1: 2000 op, 279952000.00 ns, 139.9760 us/op
WorkloadActual   2: 2000 op, 297252200.00 ns, 148.6261 us/op
WorkloadActual   3: 2000 op, 306035700.00 ns, 153.0179 us/op
WorkloadActual   4: 2000 op, 286054500.00 ns, 143.0273 us/op
WorkloadActual   5: 2000 op, 319945400.00 ns, 159.9727 us/op
WorkloadActual   6: 2000 op, 299454900.00 ns, 149.7275 us/op
WorkloadActual   7: 2000 op, 326152500.00 ns, 163.0763 us/op
WorkloadActual   8: 2000 op, 301855200.00 ns, 150.9276 us/op
WorkloadActual   9: 2000 op, 305096700.00 ns, 152.5484 us/op

// AfterActualRun
// BeforeExtraIteration
// AfterExtraIteration
WorkloadExtra    1: 2000 op, 326330100.00 ns, 163.1651 us/op
WorkloadResult   1: 2000 op, 279952000.00 ns, 139.9760 us/op
WorkloadResult   2: 2000 op, 297252200.00 ns, 148.6261 us/op
WorkloadResult   3: 2000 op, 306035700.00 ns, 153.0179 us/op
WorkloadResult   4: 2000 op, 286054500.00 ns, 143.0273 us/op
WorkloadResult   5: 2000 op, 299454900.00 ns, 149.7275 us/op
WorkloadResult   6: 2000 op, 301855200.00 ns, 150.9276 us/op
WorkloadResult   7: 2000 op, 305096700.00 ns, 152.5484 us/op
// GC:  166 166 166 524814912 2000

// AfterAll
// Benchmark Process 434940 has exited with code 0.

Mean = 148.264 μs, StdErr = 1.867 μs (1.26%), N = 7, StdDev = 4.940 μs
Min = 139.976 μs, Q1 = 145.827 μs, Median = 149.727 μs, Q3 = 151.738 μs, Max = 153.018 μs
IQR = 5.911 μs, LowerFence = 136.960 μs, UpperFence = 160.605 μs
ConfidenceInterval = [137.138 μs; 159.391 μs] (CI 99.9%), Margin = 11.127 μs (7.50% of Mean)
Skewness = -0.6, Kurtosis = 1.53, MValue = 2

// ** Remained 3 (6.2%) benchmark(s) to run. Estimated finish 2026-09-20 10:31 (0h 0m from now) **
Setup power plan (GUID: 8c5e7fda-e8bf-4a96-9a85-a6e23a8c635c FriendlyName: High performance)
// **************************
// Benchmark: DeferredStoreBenchmarks.DeferredEdits: Job-MIBMUQ(IterationCount=9, IterationTime=250ms, LaunchCount=1, WarmupCount=5) [WriteCount=1]
// *** Execute ***
// Launch: 1 / 1
// Execute: dotnet Tedd.Voxtree.Benchmark-Job-MIBMUQ-1.dll --ipcPort 62567 --benchmarkName "Tedd.Voxtree.Benchmark.Tests.DeferredStoreBenchmarks.DeferredEdits(WriteCount: 1)" --job "IterationCount=9, IterationTime=250ms, LaunchCount=1, WarmupCount=5" --diagnoserRunMode 3 --benchmarkId 45 in C:\Users\tedd\.codex\worktrees\deferred-chunk-writes\Tedd.Voxtree\src\Tedd.Voxtree.Benchmark\bin\Release\net10.0\Tedd.Voxtree.Benchmark-Job-MIBMUQ-1\bin\Release\net10.0
// BeforeAnythingElse

// Benchmark Process Environment Information:
// BenchmarkDotNet v0.16.0-preview.1
// Runtime=.NET 10.0.12 (10.0.12, 10.0.1226.42308), X64 RyuJIT x86-64-v3
// GC=Concurrent Workstation
// HardwareIntrinsics=AVX2+BMI1+BMI2+F16C+FMA+LZCNT+MOVBE,AVX,SSE3+SSSE3+SSE4.1+SSE4.2+POPCNT,X86Base+SSE+SSE2,AES+PCLMUL VectorSize=256
// Job: Job-MIBMUQ(IterationCount=9, IterationTime=250ms, LaunchCount=1, WarmupCount=5)

WorkloadJitting  1: 1 op, 45900.00 ns, 45.9000 us/op
WorkloadJitting  2: 30 op, 145200.00 ns, 4.8400 us/op
WorkloadJitting  3: 30 op, 157500.00 ns, 5.2500 us/op
WorkloadJitting  4: 30 op, 25800.00 ns, 860.0000 ns/op
WorkloadJitting  5: 1 op, 5900.00 ns, 5.9000 us/op

WorkloadPilot    1: 1 op, 3000.00 ns, 3.0000 us/op

WorkloadPilot    1: 16 op, 9700.00 ns, 606.2500 ns/op
WorkloadPilot    2: 412384 op, 144647000.00 ns, 350.7580 ns/op
WorkloadPilot    3: 712752 op, 241447300.00 ns, 338.7536 ns/op
WorkloadPilot    4: 738000 op, 249165700.00 ns, 337.6229 ns/op
WorkloadPilot    5: 740480 op, 249429200.00 ns, 336.8480 ns/op
WorkloadPilot    6: 742176 op, 250100200.00 ns, 336.9823 ns/op
WorkloadPilot    7: 741888 op, 250684800.00 ns, 337.9011 ns/op
WorkloadPilot    8: 739872 op, 249161000.00 ns, 336.7623 ns/op
WorkloadPilot    9: 742368 op, 252257800.00 ns, 339.8016 ns/op

WorkloadWarmup   1: 742368 op, 318484700.00 ns, 429.0119 ns/op
WorkloadWarmup   2: 742368 op, 302235000.00 ns, 407.1229 ns/op
WorkloadWarmup   3: 742368 op, 275350100.00 ns, 370.9078 ns/op
WorkloadWarmup   4: 742368 op, 307375300.00 ns, 414.0471 ns/op
WorkloadWarmup   5: 742368 op, 327506400.00 ns, 441.1645 ns/op

// BeforeActualRun
WorkloadActual   1: 742368 op, 351232200.00 ns, 473.1241 ns/op
WorkloadActual   2: 742368 op, 344329600.00 ns, 463.8260 ns/op
WorkloadActual   3: 742368 op, 335011300.00 ns, 451.2739 ns/op
WorkloadActual   4: 742368 op, 287457700.00 ns, 387.2173 ns/op
WorkloadActual   5: 742368 op, 318195400.00 ns, 428.6222 ns/op
WorkloadActual   6: 742368 op, 314711300.00 ns, 423.9290 ns/op
WorkloadActual   7: 742368 op, 279495400.00 ns, 376.4917 ns/op
WorkloadActual   8: 742368 op, 276039100.00 ns, 371.8359 ns/op
WorkloadActual   9: 742368 op, 298780300.00 ns, 402.4693 ns/op

// AfterActualRun
// BeforeExtraIteration
// AfterExtraIteration
WorkloadExtra    1: 742368 op, 286542300.00 ns, 385.9842 ns/op
WorkloadResult   1: 742368 op, 351232200.00 ns, 473.1241 ns/op
WorkloadResult   2: 742368 op, 344329600.00 ns, 463.8260 ns/op
WorkloadResult   3: 742368 op, 335011300.00 ns, 451.2739 ns/op
WorkloadResult   4: 742368 op, 287457700.00 ns, 387.2173 ns/op
WorkloadResult   5: 742368 op, 318195400.00 ns, 428.6222 ns/op
WorkloadResult   6: 742368 op, 314711300.00 ns, 423.9290 ns/op
WorkloadResult   7: 742368 op, 279495400.00 ns, 376.4917 ns/op
WorkloadResult   8: 742368 op, 276039100.00 ns, 371.8359 ns/op
WorkloadResult   9: 742368 op, 298780300.00 ns, 402.4693 ns/op
// GC:  6 0 0 112839936 742368

// AfterAll
// Benchmark Process 138212 has exited with code 0.

Mean = 419.865 ns, StdErr = 12.586 ns (3.00%), N = 9, StdDev = 37.758 ns
Min = 371.836 ns, Q1 = 387.217 ns, Median = 423.929 ns, Q3 = 451.274 ns, Max = 473.124 ns
IQR = 64.057 ns, LowerFence = 291.132 ns, UpperFence = 547.359 ns
ConfidenceInterval = [356.416 ns; 483.315 ns] (CI 99.9%), Margin = 63.450 ns (15.11% of Mean)
Skewness = 0.07, Kurtosis = 1.25, MValue = 2

// ** Remained 2 (4.2%) benchmark(s) to run. Estimated finish 2026-09-20 10:32 (0h 0m from now) **
Setup power plan (GUID: 8c5e7fda-e8bf-4a96-9a85-a6e23a8c635c FriendlyName: High performance)
// **************************
// Benchmark: DeferredStoreBenchmarks.ImmediateHotEdits: Job-MIBMUQ(IterationCount=9, IterationTime=250ms, LaunchCount=1, WarmupCount=5) [WriteCount=20]
// *** Execute ***
// Launch: 1 / 1
// Execute: dotnet Tedd.Voxtree.Benchmark-Job-MIBMUQ-1.dll --ipcPort 62578 --benchmarkName "Tedd.Voxtree.Benchmark.Tests.DeferredStoreBenchmarks.ImmediateHotEdits(WriteCount: 20)" --job "IterationCount=9, IterationTime=250ms, LaunchCount=1, WarmupCount=5" --diagnoserRunMode 3 --benchmarkId 46 in C:\Users\tedd\.codex\worktrees\deferred-chunk-writes\Tedd.Voxtree\src\Tedd.Voxtree.Benchmark\bin\Release\net10.0\Tedd.Voxtree.Benchmark-Job-MIBMUQ-1\bin\Release\net10.0
// BeforeAnythingElse

// Benchmark Process Environment Information:
// BenchmarkDotNet v0.16.0-preview.1
// Runtime=.NET 10.0.12 (10.0.12, 10.0.1226.42308), X64 RyuJIT x86-64-v3
// GC=Concurrent Workstation
// HardwareIntrinsics=AVX2+BMI1+BMI2+F16C+FMA+LZCNT+MOVBE,AVX,SSE3+SSSE3+SSE4.1+SSE4.2+POPCNT,X86Base+SSE+SSE2,AES+PCLMUL VectorSize=256
// Job: Job-MIBMUQ(IterationCount=9, IterationTime=250ms, LaunchCount=1, WarmupCount=5)

WorkloadJitting  1: 1 op, 484200.00 ns, 484.2000 us/op
WorkloadJitting  2: 30 op, 8622700.00 ns, 287.4233 us/op
WorkloadJitting  3: 30 op, 3797100.00 ns, 126.5700 us/op
WorkloadJitting  4: 30 op, 3702000.00 ns, 123.4000 us/op
WorkloadJitting  5: 1 op, 70800.00 ns, 70.8000 us/op

WorkloadPilot    1: 1 op, 65900.00 ns, 65.9000 us/op

WorkloadPilot    1: 16 op, 2269400.00 ns, 141.8375 us/op
WorkloadPilot    2: 1776 op, 222257300.00 ns, 125.1449 us/op
WorkloadPilot    3: 2000 op, 254001700.00 ns, 127.0009 us/op
WorkloadPilot    4: 1968 op, 255425500.00 ns, 129.7894 us/op
WorkloadPilot    5: 1936 op, 240925300.00 ns, 124.4449 us/op
WorkloadPilot    6: 2016 op, 252010200.00 ns, 125.0051 us/op

WorkloadWarmup   1: 2016 op, 249403600.00 ns, 123.7121 us/op
WorkloadWarmup   2: 2016 op, 262058300.00 ns, 129.9892 us/op
WorkloadWarmup   3: 2016 op, 272076500.00 ns, 134.9586 us/op
WorkloadWarmup   4: 2016 op, 323618500.00 ns, 160.5250 us/op
WorkloadWarmup   5: 2016 op, 340910900.00 ns, 169.1026 us/op

// BeforeActualRun
WorkloadActual   1: 2016 op, 282816000.00 ns, 140.2857 us/op
WorkloadActual   2: 2016 op, 312657400.00 ns, 155.0880 us/op
WorkloadActual   3: 2016 op, 341286100.00 ns, 169.2887 us/op
WorkloadActual   4: 2016 op, 307923000.00 ns, 152.7396 us/op
WorkloadActual   5: 2016 op, 296278500.00 ns, 146.9635 us/op
WorkloadActual   6: 2016 op, 304859800.00 ns, 151.2201 us/op
WorkloadActual   7: 2016 op, 309593000.00 ns, 153.5680 us/op
WorkloadActual   8: 2016 op, 300640400.00 ns, 149.1272 us/op
WorkloadActual   9: 2016 op, 290954000.00 ns, 144.3224 us/op

// AfterActualRun
// BeforeExtraIteration
// AfterExtraIteration
WorkloadExtra    1: 2016 op, 326442000.00 ns, 161.9256 us/op
WorkloadResult   1: 2016 op, 282816000.00 ns, 140.2857 us/op
WorkloadResult   2: 2016 op, 312657400.00 ns, 155.0880 us/op
WorkloadResult   3: 2016 op, 307923000.00 ns, 152.7396 us/op
WorkloadResult   4: 2016 op, 296278500.00 ns, 146.9635 us/op
WorkloadResult   5: 2016 op, 304859800.00 ns, 151.2201 us/op
WorkloadResult   6: 2016 op, 309593000.00 ns, 153.5680 us/op
WorkloadResult   7: 2016 op, 300640400.00 ns, 149.1272 us/op
WorkloadResult   8: 2016 op, 290954000.00 ns, 144.3224 us/op
// GC:  167 167 167 529012896 2016

// AfterAll
// Benchmark Process 231600 has exited with code 0.

Mean = 149.164 μs, StdErr = 1.786 μs (1.20%), N = 8, StdDev = 5.051 μs
Min = 140.286 μs, Q1 = 146.303 μs, Median = 150.174 μs, Q3 = 152.947 μs, Max = 155.088 μs
IQR = 6.643 μs, LowerFence = 136.338 μs, UpperFence = 162.912 μs
ConfidenceInterval = [139.506 μs; 158.822 μs] (CI 99.9%), Margin = 9.658 μs (6.47% of Mean)
Skewness = -0.46, Kurtosis = 1.65, MValue = 2

// ** Remained 1 (2.1%) benchmark(s) to run. Estimated finish 2026-09-20 10:31 (0h 0m from now) **
Setup power plan (GUID: 8c5e7fda-e8bf-4a96-9a85-a6e23a8c635c FriendlyName: High performance)
// **************************
// Benchmark: DeferredStoreBenchmarks.DeferredEdits: Job-MIBMUQ(IterationCount=9, IterationTime=250ms, LaunchCount=1, WarmupCount=5) [WriteCount=20]
// *** Execute ***
// Launch: 1 / 1
// Execute: dotnet Tedd.Voxtree.Benchmark-Job-MIBMUQ-1.dll --ipcPort 62585 --benchmarkName "Tedd.Voxtree.Benchmark.Tests.DeferredStoreBenchmarks.DeferredEdits(WriteCount: 20)" --job "IterationCount=9, IterationTime=250ms, LaunchCount=1, WarmupCount=5" --diagnoserRunMode 3 --benchmarkId 47 in C:\Users\tedd\.codex\worktrees\deferred-chunk-writes\Tedd.Voxtree\src\Tedd.Voxtree.Benchmark\bin\Release\net10.0\Tedd.Voxtree.Benchmark-Job-MIBMUQ-1\bin\Release\net10.0
// BeforeAnythingElse

// Benchmark Process Environment Information:
// BenchmarkDotNet v0.16.0-preview.1
// Runtime=.NET 10.0.12 (10.0.12, 10.0.1226.42308), X64 RyuJIT x86-64-v3
// GC=Concurrent Workstation
// HardwareIntrinsics=AVX2+BMI1+BMI2+F16C+FMA+LZCNT+MOVBE,AVX,SSE3+SSSE3+SSE4.1+SSE4.2+POPCNT,X86Base+SSE+SSE2,AES+PCLMUL VectorSize=256
// Job: Job-MIBMUQ(IterationCount=9, IterationTime=250ms, LaunchCount=1, WarmupCount=5)

WorkloadJitting  1: 1 op, 65300.00 ns, 65.3000 us/op
WorkloadJitting  2: 30 op, 604500.00 ns, 20.1500 us/op
WorkloadJitting  3: 30 op, 102200.00 ns, 3.4067 us/op
WorkloadJitting  4: 30 op, 47000.00 ns, 1.5667 us/op
WorkloadJitting  5: 1 op, 7600.00 ns, 7.6000 us/op

WorkloadPilot    1: 1 op, 4800.00 ns, 4.8000 us/op

WorkloadPilot    1: 16 op, 21900.00 ns, 1.3688 us/op
WorkloadPilot    2: 182656 op, 196935100.00 ns, 1.0782 us/op
WorkloadPilot    3: 231888 op, 245891300.00 ns, 1.0604 us/op
WorkloadPilot    4: 235776 op, 250574900.00 ns, 1.0628 us/op
WorkloadPilot    5: 235248 op, 246705800.00 ns, 1.0487 us/op
WorkloadPilot    6: 238400 op, 249809900.00 ns, 1.0479 us/op
WorkloadPilot    7: 238592 op, 249345400.00 ns, 1.0451 us/op
WorkloadPilot    8: 239232 op, 250350200.00 ns, 1.0465 us/op
WorkloadPilot    9: 238912 op, 273839100.00 ns, 1.1462 us/op

WorkloadWarmup   1: 238912 op, 310197200.00 ns, 1.2984 us/op
WorkloadWarmup   2: 238912 op, 294855600.00 ns, 1.2342 us/op
WorkloadWarmup   3: 238912 op, 342616700.00 ns, 1.4341 us/op
WorkloadWarmup   4: 238912 op, 292780200.00 ns, 1.2255 us/op
WorkloadWarmup   5: 238912 op, 298208000.00 ns, 1.2482 us/op

// BeforeActualRun
WorkloadActual   1: 238912 op, 394145600.00 ns, 1.6498 us/op
WorkloadActual   2: 238912 op, 323326700.00 ns, 1.3533 us/op
WorkloadActual   3: 238912 op, 317256200.00 ns, 1.3279 us/op
WorkloadActual   4: 238912 op, 321465200.00 ns, 1.3455 us/op
WorkloadActual   5: 238912 op, 353438300.00 ns, 1.4794 us/op
WorkloadActual   6: 238912 op, 373022900.00 ns, 1.5613 us/op
WorkloadActual   7: 238912 op, 316823300.00 ns, 1.3261 us/op
WorkloadActual   8: 238912 op, 304889500.00 ns, 1.2762 us/op
WorkloadActual   9: 238912 op, 289749500.00 ns, 1.2128 us/op

// AfterActualRun
// BeforeExtraIteration
// AfterExtraIteration
WorkloadExtra    1: 238912 op, 324393400.00 ns, 1.3578 us/op
WorkloadResult   1: 238912 op, 394145600.00 ns, 1.6498 us/op
WorkloadResult   2: 238912 op, 323326700.00 ns, 1.3533 us/op
WorkloadResult   3: 238912 op, 317256200.00 ns, 1.3279 us/op
WorkloadResult   4: 238912 op, 321465200.00 ns, 1.3455 us/op
WorkloadResult   5: 238912 op, 353438300.00 ns, 1.4794 us/op
WorkloadResult   6: 238912 op, 373022900.00 ns, 1.5613 us/op
WorkloadResult   7: 238912 op, 316823300.00 ns, 1.3261 us/op
WorkloadResult   8: 238912 op, 304889500.00 ns, 1.2762 us/op
WorkloadResult   9: 238912 op, 289749500.00 ns, 1.2128 us/op
// GC:  2 0 0 36314624 238912

// AfterAll
// Benchmark Process 497508 has exited with code 0.

Mean = 1.392 μs, StdErr = 0.047 μs (3.39%), N = 9, StdDev = 0.142 μs
Min = 1.213 μs, Q1 = 1.326 μs, Median = 1.346 μs, Q3 = 1.479 μs, Max = 1.650 μs
IQR = 0.153 μs, LowerFence = 1.096 μs, UpperFence = 1.709 μs
ConfidenceInterval = [1.155 μs; 1.630 μs] (CI 99.9%), Margin = 0.238 μs (17.09% of Mean)
Skewness = 0.56, Kurtosis = 1.8, MValue = 3

// ** Remained 0 (0.0%) benchmark(s) to run. Estimated finish 2026-09-20 10:32 (0h 0m from now) **
Successfully reverted power plan (GUID: 8c5e7fda-e8bf-4a96-9a85-a6e23a8c635c FriendlyName: High performance)
// ***** BenchmarkRunner: Finish  *****

// * Export *
  src\Tedd.Voxtree.Benchmark\Results\2026-09-20-deferred-writes\confirm\results\Tedd.Voxtree.Benchmark.Tests.DeferredStoreBenchmarks-report.csv
  src\Tedd.Voxtree.Benchmark\Results\2026-09-20-deferred-writes\confirm\results\Tedd.Voxtree.Benchmark.Tests.DeferredStoreBenchmarks-report-github.md
  src\Tedd.Voxtree.Benchmark\Results\2026-09-20-deferred-writes\confirm\results\Tedd.Voxtree.Benchmark.Tests.DeferredStoreBenchmarks-report.html

// * Detailed results *
DeferredStoreBenchmarks.ImmediateHotCompleteCycle: Job-MIBMUQ(IterationCount=9, IterationTime=250ms, LaunchCount=1, WarmupCount=5) [WriteCount=1]
Runtime = .NET 10.0.12 (10.0.12, 10.0.1226.42308), X64 RyuJIT x86-64-v3; GC = Concurrent Workstation
Mean = 288.918 μs, StdErr = 6.471 μs (2.24%), N = 9, StdDev = 19.412 μs
Min = 265.118 μs, Q1 = 270.243 μs, Median = 291.150 μs, Q3 = 301.953 μs, Max = 316.312 μs
IQR = 31.710 μs, LowerFence = 222.678 μs, UpperFence = 349.518 μs
ConfidenceInterval = [256.297 μs; 321.539 μs] (CI 99.9%), Margin = 32.621 μs (11.29% of Mean)
Skewness = 0.15, Kurtosis = 1.26, MValue = 3.5
-------------------- Histogram --------------------
[259.584 μs ; 284.082 μs) | @@@@
[284.082 μs ; 292.878 μs) | @
[292.878 μs ; 317.376 μs) | @@@@
---------------------------------------------------

DeferredStoreBenchmarks.DeferredCompleteCycle: Job-MIBMUQ(IterationCount=9, IterationTime=250ms, LaunchCount=1, WarmupCount=5) [WriteCount=1]
Runtime = .NET 10.0.12 (10.0.12, 10.0.1226.42308), X64 RyuJIT x86-64-v3; GC = Concurrent Workstation
Mean = 198.305 μs, StdErr = 5.851 μs (2.95%), N = 9, StdDev = 17.554 μs
Min = 174.017 μs, Q1 = 187.482 μs, Median = 191.653 μs, Q3 = 207.267 μs, Max = 233.230 μs
IQR = 19.785 μs, LowerFence = 157.804 μs, UpperFence = 236.944 μs
ConfidenceInterval = [168.806 μs; 227.803 μs] (CI 99.9%), Margin = 29.499 μs (14.88% of Mean)
Skewness = 0.59, Kurtosis = 2.26, MValue = 2
-------------------- Histogram --------------------
[162.941 μs ; 185.765 μs) | @
[185.765 μs ; 207.917 μs) | @@@@@@
[207.917 μs ; 234.267 μs) | @@
---------------------------------------------------

DeferredStoreBenchmarks.ImmediateHotCompleteCycle: Job-MIBMUQ(IterationCount=9, IterationTime=250ms, LaunchCount=1, WarmupCount=5) [WriteCount=20]
Runtime = .NET 10.0.12 (10.0.12, 10.0.1226.42308), X64 RyuJIT x86-64-v3; GC = Concurrent Workstation
Mean = 302.564 μs, StdErr = 5.109 μs (1.69%), N = 8, StdDev = 14.450 μs
Min = 282.350 μs, Q1 = 293.610 μs, Median = 300.710 μs, Q3 = 312.039 μs, Max = 326.158 μs
IQR = 18.429 μs, LowerFence = 265.968 μs, UpperFence = 339.682 μs
ConfidenceInterval = [274.936 μs; 330.193 μs] (CI 99.9%), Margin = 27.629 μs (9.13% of Mean)
Skewness = 0.2, Kurtosis = 1.58, MValue = 2
-------------------- Histogram --------------------
[272.867 μs ; 285.685 μs) | @
[285.685 μs ; 304.651 μs) | @@@@
[304.651 μs ; 327.950 μs) | @@@
---------------------------------------------------

DeferredStoreBenchmarks.DeferredCompleteCycle: Job-MIBMUQ(IterationCount=9, IterationTime=250ms, LaunchCount=1, WarmupCount=5) [WriteCount=20]
Runtime = .NET 10.0.12 (10.0.12, 10.0.1226.42308), X64 RyuJIT x86-64-v3; GC = Concurrent Workstation
Mean = 214.587 μs, StdErr = 8.666 μs (4.04%), N = 9, StdDev = 25.999 μs
Min = 178.522 μs, Q1 = 193.469 μs, Median = 218.559 μs, Q3 = 227.791 μs, Max = 256.793 μs
IQR = 34.323 μs, LowerFence = 141.985 μs, UpperFence = 279.275 μs
ConfidenceInterval = [170.897 μs; 258.277 μs] (CI 99.9%), Margin = 43.690 μs (20.36% of Mean)
Skewness = 0.14, Kurtosis = 1.47, MValue = 2
-------------------- Histogram --------------------
[172.503 μs ; 205.314 μs) | @@@@
[205.314 μs ; 246.183 μs) | @@@@
[246.183 μs ; 273.198 μs) | @
---------------------------------------------------

DeferredStoreBenchmarks.ImmediateHotEdits: Job-MIBMUQ(IterationCount=9, IterationTime=250ms, LaunchCount=1, WarmupCount=5) [WriteCount=1]
Runtime = .NET 10.0.12 (10.0.12, 10.0.1226.42308), X64 RyuJIT x86-64-v3; GC = Concurrent Workstation
Mean = 148.264 μs, StdErr = 1.867 μs (1.26%), N = 7, StdDev = 4.940 μs
Min = 139.976 μs, Q1 = 145.827 μs, Median = 149.727 μs, Q3 = 151.738 μs, Max = 153.018 μs
IQR = 5.911 μs, LowerFence = 136.960 μs, UpperFence = 160.605 μs
ConfidenceInterval = [137.138 μs; 159.391 μs] (CI 99.9%), Margin = 11.127 μs (7.50% of Mean)
Skewness = -0.6, Kurtosis = 1.53, MValue = 2
-------------------- Histogram --------------------
[138.112 μs ; 144.891 μs) | @@
[144.891 μs ; 154.212 μs) | @@@@@
---------------------------------------------------

DeferredStoreBenchmarks.DeferredEdits: Job-MIBMUQ(IterationCount=9, IterationTime=250ms, LaunchCount=1, WarmupCount=5) [WriteCount=1]
Runtime = .NET 10.0.12 (10.0.12, 10.0.1226.42308), X64 RyuJIT x86-64-v3; GC = Concurrent Workstation
Mean = 419.865 ns, StdErr = 12.586 ns (3.00%), N = 9, StdDev = 37.758 ns
Min = 371.836 ns, Q1 = 387.217 ns, Median = 423.929 ns, Q3 = 451.274 ns, Max = 473.124 ns
IQR = 64.057 ns, LowerFence = 291.132 ns, UpperFence = 547.359 ns
ConfidenceInterval = [356.416 ns; 483.315 ns] (CI 99.9%), Margin = 63.450 ns (15.11% of Mean)
Skewness = 0.07, Kurtosis = 1.25, MValue = 2
-------------------- Histogram --------------------
[363.328 ns ; 410.977 ns) | @@@@
[410.977 ns ; 467.702 ns) | @@@@
[467.702 ns ; 496.949 ns) | @
---------------------------------------------------

DeferredStoreBenchmarks.ImmediateHotEdits: Job-MIBMUQ(IterationCount=9, IterationTime=250ms, LaunchCount=1, WarmupCount=5) [WriteCount=20]
Runtime = .NET 10.0.12 (10.0.12, 10.0.1226.42308), X64 RyuJIT x86-64-v3; GC = Concurrent Workstation
Mean = 149.164 μs, StdErr = 1.786 μs (1.20%), N = 8, StdDev = 5.051 μs
Min = 140.286 μs, Q1 = 146.303 μs, Median = 150.174 μs, Q3 = 152.947 μs, Max = 155.088 μs
IQR = 6.643 μs, LowerFence = 136.338 μs, UpperFence = 162.912 μs
ConfidenceInterval = [139.506 μs; 158.822 μs] (CI 99.9%), Margin = 9.658 μs (6.47% of Mean)
Skewness = -0.46, Kurtosis = 1.65, MValue = 2
-------------------- Histogram --------------------
[136.971 μs ; 142.328 μs) | @
[142.328 μs ; 148.793 μs) | @@
[148.793 μs ; 155.423 μs) | @@@@@
---------------------------------------------------

DeferredStoreBenchmarks.DeferredEdits: Job-MIBMUQ(IterationCount=9, IterationTime=250ms, LaunchCount=1, WarmupCount=5) [WriteCount=20]
Runtime = .NET 10.0.12 (10.0.12, 10.0.1226.42308), X64 RyuJIT x86-64-v3; GC = Concurrent Workstation
Mean = 1.392 μs, StdErr = 0.047 μs (3.39%), N = 9, StdDev = 0.142 μs
Min = 1.213 μs, Q1 = 1.326 μs, Median = 1.346 μs, Q3 = 1.479 μs, Max = 1.650 μs
IQR = 0.153 μs, LowerFence = 1.096 μs, UpperFence = 1.709 μs
ConfidenceInterval = [1.155 μs; 1.630 μs] (CI 99.9%), Margin = 0.238 μs (17.09% of Mean)
Skewness = 0.56, Kurtosis = 1.8, MValue = 3
-------------------- Histogram --------------------
[1.194 μs ; 1.372 μs) | @@@@@@
[1.372 μs ; 1.475 μs) | 
[1.475 μs ; 1.654 μs) | @@@
---------------------------------------------------

// * Summary *

BenchmarkDotNet v0.16.0-preview.1, Windows 11 (10.0.26200.9457/25H2/2025Update/HudsonValley2)
AMD Ryzen 9 5950X 3.40GHz, 1 CPU, 32 logical and 16 physical cores
Memory: 127.91 GB Total, 98.32 GB Available
.NET SDK 11.0.100-preview.7.26381.103
  [Host]     : .NET 10.0.12 (10.0.12, 10.0.1226.42308), X64 RyuJIT x86-64-v3
  Job-MIBMUQ : .NET 10.0.12 (10.0.12, 10.0.1226.42308), X64 RyuJIT x86-64-v3

IterationCount=9  IterationTime=250ms  LaunchCount=1  
WarmupCount=5  

| Method                    | Categories    | WriteCount | Mean         | Error        | StdDev       | Ratio | RatioSD | Gen0    | Gen1    | Gen2    | Allocated | Alloc Ratio |
|-------------------------- |-------------- |----------- |-------------:|-------------:|-------------:|------:|--------:|--------:|--------:|--------:|----------:|------------:|
| ImmediateHotCompleteCycle | CompleteCycle | 1          | 288,918.0 ns | 32,621.10 ns | 19,412.29 ns |  1.00 |    0.00 | 82.3864 | 82.3864 | 82.3864 |  271206 B |        1.00 |
| DeferredCompleteCycle     | CompleteCycle | 1          | 198,304.6 ns | 29,498.51 ns | 17,554.09 ns |  0.69 |    0.07 |       - |       - |       - |    9040 B |        0.03 |
|                           |               |            |              |              |              |       |         |         |         |         |           |             |
| ImmediateHotCompleteCycle | CompleteCycle | 20         | 302,564.5 ns | 27,628.84 ns | 14,450.42 ns |  1.00 |    0.00 | 83.0078 | 83.0078 | 83.0078 |  271631 B |        1.00 |
| DeferredCompleteCycle     | CompleteCycle | 20         | 214,586.8 ns | 43,690.22 ns | 25,999.35 ns |  0.71 |    0.09 |       - |       - |       - |    9464 B |        0.03 |
|                           |               |            |              |              |              |       |         |         |         |         |           |             |
| ImmediateHotEdits         | Edit          | 1          | 148,264.4 ns | 11,126.55 ns |  4,940.26 ns | 1.000 |    0.00 | 83.0000 | 83.0000 | 83.0000 |  262407 B |       1.000 |
| DeferredEdits             | Edit          | 1          |     419.9 ns |     63.45 ns |     37.76 ns | 0.003 |    0.00 |  0.0081 |       - |       - |     152 B |       0.001 |
|                           |               |            |              |              |              |       |         |         |         |         |           |             |
| ImmediateHotEdits         | Edit          | 20         | 149,164.3 ns |  9,657.96 ns |  5,051.30 ns | 1.000 |    0.00 | 82.8373 | 82.8373 | 82.8373 |  262407 B |       1.000 |
| DeferredEdits             | Edit          | 20         |   1,392.5 ns |    237.93 ns |    141.59 ns | 0.009 |    0.00 |  0.0084 |       - |       - |     152 B |       0.001 |

// * Hints *
Outliers
  DeferredStoreBenchmarks.ImmediateHotCompleteCycle: IterationCount=9, IterationTime=250ms, LaunchCount=1, WarmupCount=5 -> 1 outlier  was  removed (361.75 μs)
  DeferredStoreBenchmarks.ImmediateHotEdits: IterationCount=9, IterationTime=250ms, LaunchCount=1, WarmupCount=5         -> 2 outliers were removed, 3 outliers were detected (139.98 μs, 159.97 μs, 163.08 μs)
  DeferredStoreBenchmarks.ImmediateHotEdits: IterationCount=9, IterationTime=250ms, LaunchCount=1, WarmupCount=5         -> 1 outlier  was  removed (169.29 μs)

// * Legends *
  Categories  : All categories of the corresponded method, class, and assembly
  WriteCount  : Value of the 'WriteCount' parameter
  Mean        : Arithmetic mean of all measurements
  Error       : Half of 99.9% confidence interval
  StdDev      : Standard deviation of all measurements
  Ratio       : Mean of the ratio distribution ([Current]/[Baseline])
  RatioSD     : Standard deviation of the ratio distribution ([Current]/[Baseline])
  Gen0        : GC Generation 0 collects per 1000 operations
  Gen1        : GC Generation 1 collects per 1000 operations
  Gen2        : GC Generation 2 collects per 1000 operations
  Allocated   : Allocated memory per single operation (managed only, inclusive, 1KB = 1024B)
  Alloc Ratio : Allocated memory ratio distribution ([Current]/[Baseline])
  1 ns        : 1 Nanosecond (0.000000001 sec)

// * Diagnostic Output - MemoryDiagnoser *


// ***** BenchmarkRunner: End *****
Run time: 00:01:00 (60.14 sec), executed benchmarks: 8

Global total time: 00:06:26 (386.85 sec), executed benchmarks: 48
// * Artifacts cleanup *
Artifacts cleanup is finished
