// Validating benchmarks:
// ***** BenchmarkRunner: Start   *****
// ***** Found 40 benchmark(s) in total *****
// ***** Building 1 exe(s) in Parallel: Start   *****
// start dotnet restore "C:\Users\tedd\.codex\worktrees\deferred-chunk-writes\Tedd.Voxtree\src\Tedd.Voxtree.Benchmark\bin\Release\net10.0\Tedd.Voxtree.Benchmark-Job-ZNVNAZ-1\DllGatherer.csproj" --nodeReuse:false /p:UseSharedCompilation=false /p:Deterministic=true /p:Optimize=true /p:ArtifactsPath="C:\Users\tedd\.codex\worktrees\deferred-chunk-writes\Tedd.Voxtree\src\Tedd.Voxtree.Benchmark\bin\Release\net10.0\Tedd.Voxtree.Benchmark-Job-ZNVNAZ-1/.artifacts/" /p:OutDir="C:\Users\tedd\.codex\worktrees\deferred-chunk-writes\Tedd.Voxtree\src\Tedd.Voxtree.Benchmark\bin\Release\net10.0\Tedd.Voxtree.Benchmark-Job-ZNVNAZ-1\bin\Release\net10.0/" /p:OutputPath="C:\Users\tedd\.codex\worktrees\deferred-chunk-writes\Tedd.Voxtree\src\Tedd.Voxtree.Benchmark\bin\Release\net10.0\Tedd.Voxtree.Benchmark-Job-ZNVNAZ-1\bin\Release\net10.0/" /p:PublishDir="C:\Users\tedd\.codex\worktrees\deferred-chunk-writes\Tedd.Voxtree\src\Tedd.Voxtree.Benchmark\bin\Release\net10.0\Tedd.Voxtree.Benchmark-Job-ZNVNAZ-1\publish/" in C:\Users\tedd\.codex\worktrees\deferred-chunk-writes\Tedd.Voxtree\src\Tedd.Voxtree.Benchmark\bin\Release\net10.0\Tedd.Voxtree.Benchmark-Job-ZNVNAZ-1
// command took 1.79 sec and exited with 0
// start dotnet build "C:\Users\tedd\.codex\worktrees\deferred-chunk-writes\Tedd.Voxtree\src\Tedd.Voxtree.Benchmark\bin\Release\net10.0\Tedd.Voxtree.Benchmark-Job-ZNVNAZ-1\DllGatherer.csproj" -f net10.0 -c Release --no-restore --nodeReuse:false /p:UseSharedCompilation=false /p:Deterministic=true /p:Optimize=true /p:ArtifactsPath="C:\Users\tedd\.codex\worktrees\deferred-chunk-writes\Tedd.Voxtree\src\Tedd.Voxtree.Benchmark\bin\Release\net10.0\Tedd.Voxtree.Benchmark-Job-ZNVNAZ-1/.artifacts/" /p:OutDir="C:\Users\tedd\.codex\worktrees\deferred-chunk-writes\Tedd.Voxtree\src\Tedd.Voxtree.Benchmark\bin\Release\net10.0\Tedd.Voxtree.Benchmark-Job-ZNVNAZ-1\bin\Release\net10.0/" /p:OutputPath="C:\Users\tedd\.codex\worktrees\deferred-chunk-writes\Tedd.Voxtree\src\Tedd.Voxtree.Benchmark\bin\Release\net10.0\Tedd.Voxtree.Benchmark-Job-ZNVNAZ-1\bin\Release\net10.0/" /p:PublishDir="C:\Users\tedd\.codex\worktrees\deferred-chunk-writes\Tedd.Voxtree\src\Tedd.Voxtree.Benchmark\bin\Release\net10.0\Tedd.Voxtree.Benchmark-Job-ZNVNAZ-1\publish/" --output "C:\Users\tedd\.codex\worktrees\deferred-chunk-writes\Tedd.Voxtree\src\Tedd.Voxtree.Benchmark\bin\Release\net10.0\Tedd.Voxtree.Benchmark-Job-ZNVNAZ-1\bin\Release\net10.0/" in C:\Users\tedd\.codex\worktrees\deferred-chunk-writes\Tedd.Voxtree\src\Tedd.Voxtree.Benchmark\bin\Release\net10.0\Tedd.Voxtree.Benchmark-Job-ZNVNAZ-1
// command took 9.37 sec and exited with 0
// start dotnet restore "C:\Users\tedd\.codex\worktrees\deferred-chunk-writes\Tedd.Voxtree\src\Tedd.Voxtree.Benchmark\bin\Release\net10.0\Tedd.Voxtree.Benchmark-Job-ZNVNAZ-1\BenchmarkDotNet.Autogenerated.csproj" --nodeReuse:false /p:UseSharedCompilation=false /p:Deterministic=true /p:Optimize=true /p:ArtifactsPath="C:\Users\tedd\.codex\worktrees\deferred-chunk-writes\Tedd.Voxtree\src\Tedd.Voxtree.Benchmark\bin\Release\net10.0\Tedd.Voxtree.Benchmark-Job-ZNVNAZ-1/.artifacts/" /p:OutDir="C:\Users\tedd\.codex\worktrees\deferred-chunk-writes\Tedd.Voxtree\src\Tedd.Voxtree.Benchmark\bin\Release\net10.0\Tedd.Voxtree.Benchmark-Job-ZNVNAZ-1\bin\Release\net10.0/" /p:OutputPath="C:\Users\tedd\.codex\worktrees\deferred-chunk-writes\Tedd.Voxtree\src\Tedd.Voxtree.Benchmark\bin\Release\net10.0\Tedd.Voxtree.Benchmark-Job-ZNVNAZ-1\bin\Release\net10.0/" /p:PublishDir="C:\Users\tedd\.codex\worktrees\deferred-chunk-writes\Tedd.Voxtree\src\Tedd.Voxtree.Benchmark\bin\Release\net10.0\Tedd.Voxtree.Benchmark-Job-ZNVNAZ-1\publish/" in C:\Users\tedd\.codex\worktrees\deferred-chunk-writes\Tedd.Voxtree\src\Tedd.Voxtree.Benchmark\bin\Release\net10.0\Tedd.Voxtree.Benchmark-Job-ZNVNAZ-1
// command took 1.86 sec and exited with 0
// start dotnet build "C:\Users\tedd\.codex\worktrees\deferred-chunk-writes\Tedd.Voxtree\src\Tedd.Voxtree.Benchmark\bin\Release\net10.0\Tedd.Voxtree.Benchmark-Job-ZNVNAZ-1\BenchmarkDotNet.Autogenerated.csproj" -f net10.0 -c Release --no-restore --nodeReuse:false /p:UseSharedCompilation=false /p:Deterministic=true /p:Optimize=true /p:ArtifactsPath="C:\Users\tedd\.codex\worktrees\deferred-chunk-writes\Tedd.Voxtree\src\Tedd.Voxtree.Benchmark\bin\Release\net10.0\Tedd.Voxtree.Benchmark-Job-ZNVNAZ-1/.artifacts/" /p:OutDir="C:\Users\tedd\.codex\worktrees\deferred-chunk-writes\Tedd.Voxtree\src\Tedd.Voxtree.Benchmark\bin\Release\net10.0\Tedd.Voxtree.Benchmark-Job-ZNVNAZ-1\bin\Release\net10.0/" /p:OutputPath="C:\Users\tedd\.codex\worktrees\deferred-chunk-writes\Tedd.Voxtree\src\Tedd.Voxtree.Benchmark\bin\Release\net10.0\Tedd.Voxtree.Benchmark-Job-ZNVNAZ-1\bin\Release\net10.0/" /p:PublishDir="C:\Users\tedd\.codex\worktrees\deferred-chunk-writes\Tedd.Voxtree\src\Tedd.Voxtree.Benchmark\bin\Release\net10.0\Tedd.Voxtree.Benchmark-Job-ZNVNAZ-1\publish/" --output "C:\Users\tedd\.codex\worktrees\deferred-chunk-writes\Tedd.Voxtree\src\Tedd.Voxtree.Benchmark\bin\Release\net10.0\Tedd.Voxtree.Benchmark-Job-ZNVNAZ-1\bin\Release\net10.0/" in C:\Users\tedd\.codex\worktrees\deferred-chunk-writes\Tedd.Voxtree\src\Tedd.Voxtree.Benchmark\bin\Release\net10.0\Tedd.Voxtree.Benchmark-Job-ZNVNAZ-1
// command took 5.32 sec and exited with 0
// ***** Done, took 00:00:18 (18.47 sec)   *****
// Found 16 benchmarks:
//   DeferredChunkReads.HotHits: Job-ZNVNAZ(IterationCount=5, IterationTime=100ms, LaunchCount=1, WarmupCount=3) [PendingCount=1, Pattern=Uniform]
//   DeferredChunkReads.DeferredHits: Job-ZNVNAZ(IterationCount=5, IterationTime=100ms, LaunchCount=1, WarmupCount=3) [PendingCount=1, Pattern=Uniform]
//   DeferredChunkReads.HotHits: Job-ZNVNAZ(IterationCount=5, IterationTime=100ms, LaunchCount=1, WarmupCount=3) [PendingCount=1, Pattern=Terrain]
//   DeferredChunkReads.DeferredHits: Job-ZNVNAZ(IterationCount=5, IterationTime=100ms, LaunchCount=1, WarmupCount=3) [PendingCount=1, Pattern=Terrain]
//   DeferredChunkReads.HotHits: Job-ZNVNAZ(IterationCount=5, IterationTime=100ms, LaunchCount=1, WarmupCount=3) [PendingCount=20, Pattern=Uniform]
//   DeferredChunkReads.DeferredHits: Job-ZNVNAZ(IterationCount=5, IterationTime=100ms, LaunchCount=1, WarmupCount=3) [PendingCount=20, Pattern=Uniform]
//   DeferredChunkReads.HotHits: Job-ZNVNAZ(IterationCount=5, IterationTime=100ms, LaunchCount=1, WarmupCount=3) [PendingCount=20, Pattern=Terrain]
//   DeferredChunkReads.DeferredHits: Job-ZNVNAZ(IterationCount=5, IterationTime=100ms, LaunchCount=1, WarmupCount=3) [PendingCount=20, Pattern=Terrain]
//   DeferredChunkReads.CompressedMisses: Job-ZNVNAZ(IterationCount=5, IterationTime=100ms, LaunchCount=1, WarmupCount=3) [PendingCount=1, Pattern=Uniform]
//   DeferredChunkReads.DeferredMisses: Job-ZNVNAZ(IterationCount=5, IterationTime=100ms, LaunchCount=1, WarmupCount=3) [PendingCount=1, Pattern=Uniform]
//   DeferredChunkReads.CompressedMisses: Job-ZNVNAZ(IterationCount=5, IterationTime=100ms, LaunchCount=1, WarmupCount=3) [PendingCount=1, Pattern=Terrain]
//   DeferredChunkReads.DeferredMisses: Job-ZNVNAZ(IterationCount=5, IterationTime=100ms, LaunchCount=1, WarmupCount=3) [PendingCount=1, Pattern=Terrain]
//   DeferredChunkReads.CompressedMisses: Job-ZNVNAZ(IterationCount=5, IterationTime=100ms, LaunchCount=1, WarmupCount=3) [PendingCount=20, Pattern=Uniform]
//   DeferredChunkReads.DeferredMisses: Job-ZNVNAZ(IterationCount=5, IterationTime=100ms, LaunchCount=1, WarmupCount=3) [PendingCount=20, Pattern=Uniform]
//   DeferredChunkReads.CompressedMisses: Job-ZNVNAZ(IterationCount=5, IterationTime=100ms, LaunchCount=1, WarmupCount=3) [PendingCount=20, Pattern=Terrain]
//   DeferredChunkReads.DeferredMisses: Job-ZNVNAZ(IterationCount=5, IterationTime=100ms, LaunchCount=1, WarmupCount=3) [PendingCount=20, Pattern=Terrain]

Setup power plan (GUID: 8c5e7fda-e8bf-4a96-9a85-a6e23a8c635c FriendlyName: High performance)
// **************************
// Benchmark: DeferredChunkReads.HotHits: Job-ZNVNAZ(IterationCount=5, IterationTime=100ms, LaunchCount=1, WarmupCount=3) [PendingCount=1, Pattern=Uniform]
// *** Execute ***
// Launch: 1 / 1
// Execute: dotnet Tedd.Voxtree.Benchmark-Job-ZNVNAZ-1.dll --ipcPort 56976 --benchmarkName "Tedd.Voxtree.Benchmark.Tests.DeferredChunkReads.HotHits(PendingCount: 1, Pattern: Uniform)" --job "IterationCount=5, IterationTime=100ms, LaunchCount=1, WarmupCount=3" --diagnoserRunMode 3 --benchmarkId 0 in C:\Users\tedd\.codex\worktrees\deferred-chunk-writes\Tedd.Voxtree\src\Tedd.Voxtree.Benchmark\bin\Release\net10.0\Tedd.Voxtree.Benchmark-Job-ZNVNAZ-1\bin\Release\net10.0
// BeforeAnythingElse

// Benchmark Process Environment Information:
// BenchmarkDotNet v0.16.0-preview.1
// Runtime=.NET 10.0.12 (10.0.12, 10.0.1226.42308), X64 RyuJIT x86-64-v3
// GC=Concurrent Workstation
// HardwareIntrinsics=AVX2+BMI1+BMI2+F16C+FMA+LZCNT+MOVBE,AVX,SSE3+SSSE3+SSE4.1+SSE4.2+POPCNT,X86Base+SSE+SSE2,AES+PCLMUL VectorSize=256
// Job: Job-ZNVNAZ(IterationCount=5, IterationTime=100ms, LaunchCount=1, WarmupCount=3)

WorkloadJitting  1: 256 op, 36500.00 ns, 142.5781 ns/op
WorkloadJitting  2: 7680 op, 413100.00 ns, 53.7891 ns/op
WorkloadJitting  3: 7680 op, 408500.00 ns, 53.1901 ns/op
WorkloadJitting  4: 7680 op, 35200.00 ns, 4.5833 ns/op
WorkloadJitting  5: 256 op, 1800.00 ns, 7.0313 ns/op

WorkloadPilot    1: 256 op, 1700.00 ns, 6.6406 ns/op

WorkloadPilot    1: 4096 op, 19600.00 ns, 4.7852 ns/op
WorkloadPilot    2: 20901888 op, 94295200.00 ns, 4.5113 ns/op
WorkloadPilot    3: 22167552 op, 100570300.00 ns, 4.5368 ns/op
WorkloadPilot    4: 22044672 op, 100472100.00 ns, 4.5577 ns/op
WorkloadPilot    5: 21942272 op, 100057100.00 ns, 4.5600 ns/op

WorkloadWarmup   1: 21942272 op, 100162400.00 ns, 4.5648 ns/op
WorkloadWarmup   2: 21942272 op, 100196700.00 ns, 4.5664 ns/op
WorkloadWarmup   3: 21942272 op, 99248800.00 ns, 4.5232 ns/op

// BeforeActualRun
WorkloadActual   1: 21942272 op, 100424200.00 ns, 4.5767 ns/op
WorkloadActual   2: 21942272 op, 100146800.00 ns, 4.5641 ns/op
WorkloadActual   3: 21942272 op, 98789700.00 ns, 4.5023 ns/op
WorkloadActual   4: 21942272 op, 98870200.00 ns, 4.5059 ns/op
WorkloadActual   5: 21942272 op, 98815800.00 ns, 4.5034 ns/op

// AfterActualRun
// BeforeExtraIteration
// AfterExtraIteration
WorkloadExtra    1: 21942272 op, 100529600.00 ns, 4.5815 ns/op
WorkloadResult   1: 21942272 op, 100424200.00 ns, 4.5767 ns/op
WorkloadResult   2: 21942272 op, 100146800.00 ns, 4.5641 ns/op
WorkloadResult   3: 21942272 op, 98789700.00 ns, 4.5023 ns/op
WorkloadResult   4: 21942272 op, 98870200.00 ns, 4.5059 ns/op
WorkloadResult   5: 21942272 op, 98815800.00 ns, 4.5034 ns/op
// GC:  0 0 0 0 21942272

// AfterAll
// Benchmark Process 230292 has exited with code 0.

Mean = 4.530 ns, StdErr = 0.016 ns (0.36%), N = 5, StdDev = 0.037 ns
Min = 4.502 ns, Q1 = 4.503 ns, Median = 4.506 ns, Q3 = 4.564 ns, Max = 4.577 ns
IQR = 0.061 ns, LowerFence = 4.412 ns, UpperFence = 4.655 ns
ConfidenceInterval = [4.389 ns; 4.672 ns] (CI 99.9%), Margin = 0.142 ns (3.12% of Mean)
Skewness = 0.32, Kurtosis = 0.81, MValue = 2

// ** Remained 39 (97.5%) benchmark(s) to run. Estimated finish 2026-09-20 10:19 (0h 1m from now) **
Setup power plan (GUID: 8c5e7fda-e8bf-4a96-9a85-a6e23a8c635c FriendlyName: High performance)
// **************************
// Benchmark: DeferredChunkReads.DeferredHits: Job-ZNVNAZ(IterationCount=5, IterationTime=100ms, LaunchCount=1, WarmupCount=3) [PendingCount=1, Pattern=Uniform]
// *** Execute ***
// Launch: 1 / 1
// Execute: dotnet Tedd.Voxtree.Benchmark-Job-ZNVNAZ-1.dll --ipcPort 56981 --benchmarkName "Tedd.Voxtree.Benchmark.Tests.DeferredChunkReads.DeferredHits(PendingCount: 1, Pattern: Uniform)" --job "IterationCount=5, IterationTime=100ms, LaunchCount=1, WarmupCount=3" --diagnoserRunMode 3 --benchmarkId 1 in C:\Users\tedd\.codex\worktrees\deferred-chunk-writes\Tedd.Voxtree\src\Tedd.Voxtree.Benchmark\bin\Release\net10.0\Tedd.Voxtree.Benchmark-Job-ZNVNAZ-1\bin\Release\net10.0
// BeforeAnythingElse

// Benchmark Process Environment Information:
// BenchmarkDotNet v0.16.0-preview.1
// Runtime=.NET 10.0.12 (10.0.12, 10.0.1226.42308), X64 RyuJIT x86-64-v3
// GC=Concurrent Workstation
// HardwareIntrinsics=AVX2+BMI1+BMI2+F16C+FMA+LZCNT+MOVBE,AVX,SSE3+SSSE3+SSE4.1+SSE4.2+POPCNT,X86Base+SSE+SSE2,AES+PCLMUL VectorSize=256
// Job: Job-ZNVNAZ(IterationCount=5, IterationTime=100ms, LaunchCount=1, WarmupCount=3)

WorkloadJitting  1: 256 op, 48100.00 ns, 187.8906 ns/op
WorkloadJitting  2: 7680 op, 645700.00 ns, 84.0755 ns/op
WorkloadJitting  3: 7680 op, 828300.00 ns, 107.8516 ns/op
WorkloadJitting  4: 7680 op, 43000.00 ns, 5.5990 ns/op
WorkloadJitting  5: 256 op, 2300.00 ns, 8.9844 ns/op

WorkloadPilot    1: 256 op, 1900.00 ns, 7.4219 ns/op

WorkloadPilot    1: 4096 op, 23000.00 ns, 5.6152 ns/op
WorkloadPilot    2: 17809408 op, 98371600.00 ns, 5.5236 ns/op
WorkloadPilot    3: 18104320 op, 104377500.00 ns, 5.7653 ns/op
WorkloadPilot    4: 17346560 op, 96081600.00 ns, 5.5389 ns/op
WorkloadPilot    5: 18055168 op, 99864800.00 ns, 5.5311 ns/op
WorkloadPilot    6: 18079744 op, 100012100.00 ns, 5.5317 ns/op

WorkloadWarmup   1: 18079744 op, 99102900.00 ns, 5.4814 ns/op
WorkloadWarmup   2: 18079744 op, 101484200.00 ns, 5.6131 ns/op
WorkloadWarmup   3: 18079744 op, 98804000.00 ns, 5.4649 ns/op

// BeforeActualRun
WorkloadActual   1: 18079744 op, 100223400.00 ns, 5.5434 ns/op
WorkloadActual   2: 18079744 op, 100317400.00 ns, 5.5486 ns/op
WorkloadActual   3: 18079744 op, 100162200.00 ns, 5.5400 ns/op
WorkloadActual   4: 18079744 op, 98707600.00 ns, 5.4596 ns/op
WorkloadActual   5: 18079744 op, 100526600.00 ns, 5.5602 ns/op

// AfterActualRun
// BeforeExtraIteration
// AfterExtraIteration
WorkloadExtra    1: 18079744 op, 99979800.00 ns, 5.5299 ns/op
WorkloadResult   1: 18079744 op, 100223400.00 ns, 5.5434 ns/op
WorkloadResult   2: 18079744 op, 100317400.00 ns, 5.5486 ns/op
WorkloadResult   3: 18079744 op, 100162200.00 ns, 5.5400 ns/op
WorkloadResult   4: 18079744 op, 98707600.00 ns, 5.4596 ns/op
WorkloadResult   5: 18079744 op, 100526600.00 ns, 5.5602 ns/op
// GC:  0 0 0 0 18079744

// AfterAll
// Benchmark Process 397968 has exited with code 0.

Mean = 5.530 ns, StdErr = 0.018 ns (0.33%), N = 5, StdDev = 0.040 ns
Min = 5.460 ns, Q1 = 5.540 ns, Median = 5.543 ns, Q3 = 5.549 ns, Max = 5.560 ns
IQR = 0.009 ns, LowerFence = 5.527 ns, UpperFence = 5.561 ns
ConfidenceInterval = [5.375 ns; 5.686 ns] (CI 99.9%), Margin = 0.155 ns (2.81% of Mean)
Skewness = -0.97, Kurtosis = 1.97, MValue = 2

// ** Remained 38 (95.0%) benchmark(s) to run. Estimated finish 2026-09-20 10:19 (0h 1m from now) **
Setup power plan (GUID: 8c5e7fda-e8bf-4a96-9a85-a6e23a8c635c FriendlyName: High performance)
// **************************
// Benchmark: DeferredChunkReads.HotHits: Job-ZNVNAZ(IterationCount=5, IterationTime=100ms, LaunchCount=1, WarmupCount=3) [PendingCount=1, Pattern=Terrain]
// *** Execute ***
// Launch: 1 / 1
// Execute: dotnet Tedd.Voxtree.Benchmark-Job-ZNVNAZ-1.dll --ipcPort 56983 --benchmarkName "Tedd.Voxtree.Benchmark.Tests.DeferredChunkReads.HotHits(PendingCount: 1, Pattern: Terrain)" --job "IterationCount=5, IterationTime=100ms, LaunchCount=1, WarmupCount=3" --diagnoserRunMode 3 --benchmarkId 2 in C:\Users\tedd\.codex\worktrees\deferred-chunk-writes\Tedd.Voxtree\src\Tedd.Voxtree.Benchmark\bin\Release\net10.0\Tedd.Voxtree.Benchmark-Job-ZNVNAZ-1\bin\Release\net10.0
// BeforeAnythingElse

// Benchmark Process Environment Information:
// BenchmarkDotNet v0.16.0-preview.1
// Runtime=.NET 10.0.12 (10.0.12, 10.0.1226.42308), X64 RyuJIT x86-64-v3
// GC=Concurrent Workstation
// HardwareIntrinsics=AVX2+BMI1+BMI2+F16C+FMA+LZCNT+MOVBE,AVX,SSE3+SSSE3+SSE4.1+SSE4.2+POPCNT,X86Base+SSE+SSE2,AES+PCLMUL VectorSize=256
// Job: Job-ZNVNAZ(IterationCount=5, IterationTime=100ms, LaunchCount=1, WarmupCount=3)

WorkloadJitting  1: 256 op, 36800.00 ns, 143.7500 ns/op
WorkloadJitting  2: 7680 op, 287200.00 ns, 37.3958 ns/op
WorkloadJitting  3: 7680 op, 432000.00 ns, 56.2500 ns/op
WorkloadJitting  4: 7680 op, 35200.00 ns, 4.5833 ns/op
WorkloadJitting  5: 256 op, 2200.00 ns, 8.5938 ns/op

WorkloadPilot    1: 256 op, 1500.00 ns, 5.8594 ns/op

WorkloadPilot    1: 4096 op, 19200.00 ns, 4.6875 ns/op
WorkloadPilot    2: 21336064 op, 97156700.00 ns, 4.5536 ns/op
WorkloadPilot    3: 21962752 op, 101224400.00 ns, 4.6089 ns/op
WorkloadPilot    4: 21700608 op, 97686500.00 ns, 4.5016 ns/op
WorkloadPilot    5: 22216704 op, 99878000.00 ns, 4.4956 ns/op
WorkloadPilot    6: 22245376 op, 100079000.00 ns, 4.4989 ns/op
WorkloadPilot    7: 22228992 op, 100048200.00 ns, 4.5008 ns/op

WorkloadWarmup   1: 22228992 op, 100050800.00 ns, 4.5009 ns/op
WorkloadWarmup   2: 22228992 op, 101474200.00 ns, 4.5649 ns/op
WorkloadWarmup   3: 22228992 op, 101278200.00 ns, 4.5561 ns/op

// BeforeActualRun
WorkloadActual   1: 22228992 op, 101175000.00 ns, 4.5515 ns/op
WorkloadActual   2: 22228992 op, 101186300.00 ns, 4.5520 ns/op
WorkloadActual   3: 22228992 op, 103343000.00 ns, 4.6490 ns/op
WorkloadActual   4: 22228992 op, 101147000.00 ns, 4.5502 ns/op
WorkloadActual   5: 22228992 op, 101393000.00 ns, 4.5613 ns/op

// AfterActualRun
// BeforeExtraIteration
// AfterExtraIteration
WorkloadExtra    1: 22228992 op, 101259800.00 ns, 4.5553 ns/op
WorkloadResult   1: 22228992 op, 101175000.00 ns, 4.5515 ns/op
WorkloadResult   2: 22228992 op, 101186300.00 ns, 4.5520 ns/op
WorkloadResult   3: 22228992 op, 101147000.00 ns, 4.5502 ns/op
WorkloadResult   4: 22228992 op, 101393000.00 ns, 4.5613 ns/op
// GC:  0 0 0 0 22228992

// AfterAll
// Benchmark Process 487844 has exited with code 0.

Mean = 4.554 ns, StdErr = 0.003 ns (0.06%), N = 4, StdDev = 0.005 ns
Min = 4.550 ns, Q1 = 4.551 ns, Median = 4.552 ns, Q3 = 4.554 ns, Max = 4.561 ns
IQR = 0.003 ns, LowerFence = 4.546 ns, UpperFence = 4.559 ns
ConfidenceInterval = [4.521 ns; 4.587 ns] (CI 99.9%), Margin = 0.033 ns (0.72% of Mean)
Skewness = 0.7, Kurtosis = 1.28, MValue = 2

// ** Remained 37 (92.5%) benchmark(s) to run. Estimated finish 2026-09-20 10:19 (0h 1m from now) **
Setup power plan (GUID: 8c5e7fda-e8bf-4a96-9a85-a6e23a8c635c FriendlyName: High performance)
// **************************
// Benchmark: DeferredChunkReads.DeferredHits: Job-ZNVNAZ(IterationCount=5, IterationTime=100ms, LaunchCount=1, WarmupCount=3) [PendingCount=1, Pattern=Terrain]
// *** Execute ***
// Launch: 1 / 1
// Execute: dotnet Tedd.Voxtree.Benchmark-Job-ZNVNAZ-1.dll --ipcPort 56986 --benchmarkName "Tedd.Voxtree.Benchmark.Tests.DeferredChunkReads.DeferredHits(PendingCount: 1, Pattern: Terrain)" --job "IterationCount=5, IterationTime=100ms, LaunchCount=1, WarmupCount=3" --diagnoserRunMode 3 --benchmarkId 3 in C:\Users\tedd\.codex\worktrees\deferred-chunk-writes\Tedd.Voxtree\src\Tedd.Voxtree.Benchmark\bin\Release\net10.0\Tedd.Voxtree.Benchmark-Job-ZNVNAZ-1\bin\Release\net10.0
// BeforeAnythingElse

// Benchmark Process Environment Information:
// BenchmarkDotNet v0.16.0-preview.1
// Runtime=.NET 10.0.12 (10.0.12, 10.0.1226.42308), X64 RyuJIT x86-64-v3
// GC=Concurrent Workstation
// HardwareIntrinsics=AVX2+BMI1+BMI2+F16C+FMA+LZCNT+MOVBE,AVX,SSE3+SSSE3+SSE4.1+SSE4.2+POPCNT,X86Base+SSE+SSE2,AES+PCLMUL VectorSize=256
// Job: Job-ZNVNAZ(IterationCount=5, IterationTime=100ms, LaunchCount=1, WarmupCount=3)

WorkloadJitting  1: 256 op, 50700.00 ns, 198.0469 ns/op
WorkloadJitting  2: 7680 op, 572300.00 ns, 74.5182 ns/op
WorkloadJitting  3: 7680 op, 794900.00 ns, 103.5026 ns/op
WorkloadJitting  4: 7680 op, 42800.00 ns, 5.5729 ns/op
WorkloadJitting  5: 256 op, 2000.00 ns, 7.8125 ns/op

WorkloadPilot    1: 256 op, 1900.00 ns, 7.4219 ns/op

WorkloadPilot    1: 4096 op, 22900.00 ns, 5.5908 ns/op
WorkloadPilot    2: 17887232 op, 98710000.00 ns, 5.5185 ns/op
WorkloadPilot    3: 18124800 op, 100412100.00 ns, 5.5400 ns/op
WorkloadPilot    4: 18051072 op, 99924400.00 ns, 5.5356 ns/op
WorkloadPilot    5: 18067456 op, 98929100.00 ns, 5.4755 ns/op
WorkloadPilot    6: 18264064 op, 99662700.00 ns, 5.4568 ns/op
WorkloadPilot    7: 18329600 op, 101440100.00 ns, 5.5342 ns/op
WorkloadPilot    8: 18071552 op, 100293400.00 ns, 5.5498 ns/op

WorkloadWarmup   1: 18071552 op, 99871200.00 ns, 5.5264 ns/op
WorkloadWarmup   2: 18071552 op, 98884700.00 ns, 5.4718 ns/op
WorkloadWarmup   3: 18071552 op, 98717700.00 ns, 5.4626 ns/op

// BeforeActualRun
WorkloadActual   1: 18071552 op, 99248300.00 ns, 5.4920 ns/op
WorkloadActual   2: 18071552 op, 99351200.00 ns, 5.4977 ns/op
WorkloadActual   3: 18071552 op, 102245100.00 ns, 5.6578 ns/op
WorkloadActual   4: 18071552 op, 100236700.00 ns, 5.5467 ns/op
WorkloadActual   5: 18071552 op, 100169600.00 ns, 5.5429 ns/op

// AfterActualRun
// BeforeExtraIteration
// AfterExtraIteration
WorkloadExtra    1: 18071552 op, 100054900.00 ns, 5.5366 ns/op
WorkloadResult   1: 18071552 op, 99248300.00 ns, 5.4920 ns/op
WorkloadResult   2: 18071552 op, 99351200.00 ns, 5.4977 ns/op
WorkloadResult   3: 18071552 op, 100236700.00 ns, 5.5467 ns/op
WorkloadResult   4: 18071552 op, 100169600.00 ns, 5.5429 ns/op
// GC:  0 0 0 0 18071552

// AfterAll
// Benchmark Process 81664 has exited with code 0.

Mean = 5.520 ns, StdErr = 0.014 ns (0.26%), N = 4, StdDev = 0.029 ns
Min = 5.492 ns, Q1 = 5.496 ns, Median = 5.520 ns, Q3 = 5.544 ns, Max = 5.547 ns
IQR = 0.048 ns, LowerFence = 5.425 ns, UpperFence = 5.615 ns
ConfidenceInterval = [5.332 ns; 5.707 ns] (CI 99.9%), Margin = 0.187 ns (3.39% of Mean)
Skewness = -0.01, Kurtosis = 0.58, MValue = 2

// ** Remained 36 (90.0%) benchmark(s) to run. Estimated finish 2026-09-20 10:19 (0h 1m from now) **
Setup power plan (GUID: 8c5e7fda-e8bf-4a96-9a85-a6e23a8c635c FriendlyName: High performance)
// **************************
// Benchmark: DeferredChunkReads.HotHits: Job-ZNVNAZ(IterationCount=5, IterationTime=100ms, LaunchCount=1, WarmupCount=3) [PendingCount=20, Pattern=Uniform]
// *** Execute ***
// Launch: 1 / 1
// Execute: dotnet Tedd.Voxtree.Benchmark-Job-ZNVNAZ-1.dll --ipcPort 56989 --benchmarkName "Tedd.Voxtree.Benchmark.Tests.DeferredChunkReads.HotHits(PendingCount: 20, Pattern: Uniform)" --job "IterationCount=5, IterationTime=100ms, LaunchCount=1, WarmupCount=3" --diagnoserRunMode 3 --benchmarkId 4 in C:\Users\tedd\.codex\worktrees\deferred-chunk-writes\Tedd.Voxtree\src\Tedd.Voxtree.Benchmark\bin\Release\net10.0\Tedd.Voxtree.Benchmark-Job-ZNVNAZ-1\bin\Release\net10.0
// BeforeAnythingElse

// Benchmark Process Environment Information:
// BenchmarkDotNet v0.16.0-preview.1
// Runtime=.NET 10.0.12 (10.0.12, 10.0.1226.42308), X64 RyuJIT x86-64-v3
// GC=Concurrent Workstation
// HardwareIntrinsics=AVX2+BMI1+BMI2+F16C+FMA+LZCNT+MOVBE,AVX,SSE3+SSSE3+SSE4.1+SSE4.2+POPCNT,X86Base+SSE+SSE2,AES+PCLMUL VectorSize=256
// Job: Job-ZNVNAZ(IterationCount=5, IterationTime=100ms, LaunchCount=1, WarmupCount=3)

WorkloadJitting  1: 256 op, 41100.00 ns, 160.5469 ns/op
WorkloadJitting  2: 7680 op, 292200.00 ns, 38.0469 ns/op
WorkloadJitting  3: 7680 op, 409300.00 ns, 53.2943 ns/op
WorkloadJitting  4: 7680 op, 37400.00 ns, 4.8698 ns/op
WorkloadJitting  5: 256 op, 3800.00 ns, 14.8438 ns/op

WorkloadPilot    1: 256 op, 3500.00 ns, 13.6719 ns/op

WorkloadPilot    1: 4096 op, 20900.00 ns, 5.1025 ns/op
WorkloadPilot    2: 19599360 op, 89561200.00 ns, 4.5696 ns/op
WorkloadPilot    3: 21884928 op, 100026200.00 ns, 4.5706 ns/op
WorkloadPilot    4: 21880832 op, 100092800.00 ns, 4.5745 ns/op
WorkloadPilot    5: 21864448 op, 98703600.00 ns, 4.5143 ns/op
WorkloadPilot    6: 22155264 op, 99959700.00 ns, 4.5118 ns/op
WorkloadPilot    7: 22167552 op, 99838500.00 ns, 4.5038 ns/op
WorkloadPilot    8: 22204416 op, 99984500.00 ns, 4.5029 ns/op
WorkloadPilot    9: 22208512 op, 100085800.00 ns, 4.5066 ns/op

WorkloadWarmup   1: 22208512 op, 101358500.00 ns, 4.5639 ns/op
WorkloadWarmup   2: 22208512 op, 101715000.00 ns, 4.5800 ns/op
WorkloadWarmup   3: 22208512 op, 104995600.00 ns, 4.7277 ns/op

// BeforeActualRun
WorkloadActual   1: 22208512 op, 100190200.00 ns, 4.5113 ns/op
WorkloadActual   2: 22208512 op, 100300000.00 ns, 4.5163 ns/op
WorkloadActual   3: 22208512 op, 100203400.00 ns, 4.5119 ns/op
WorkloadActual   4: 22208512 op, 100083700.00 ns, 4.5065 ns/op
WorkloadActual   5: 22208512 op, 101472700.00 ns, 4.5691 ns/op

// AfterActualRun
// BeforeExtraIteration
// AfterExtraIteration
WorkloadExtra    1: 22208512 op, 129915500.00 ns, 5.8498 ns/op
WorkloadResult   1: 22208512 op, 100190200.00 ns, 4.5113 ns/op
WorkloadResult   2: 22208512 op, 100300000.00 ns, 4.5163 ns/op
WorkloadResult   3: 22208512 op, 100203400.00 ns, 4.5119 ns/op
WorkloadResult   4: 22208512 op, 100083700.00 ns, 4.5065 ns/op
// GC:  0 0 0 0 22208512

// AfterAll
// Benchmark Process 303672 has exited with code 0.

Mean = 4.512 ns, StdErr = 0.002 ns (0.04%), N = 4, StdDev = 0.004 ns
Min = 4.507 ns, Q1 = 4.510 ns, Median = 4.512 ns, Q3 = 4.513 ns, Max = 4.516 ns
IQR = 0.003 ns, LowerFence = 4.506 ns, UpperFence = 4.517 ns
ConfidenceInterval = [4.486 ns; 4.537 ns] (CI 99.9%), Margin = 0.026 ns (0.57% of Mean)
Skewness = -0.06, Kurtosis = 1.12, MValue = 2

// ** Remained 35 (87.5%) benchmark(s) to run. Estimated finish 2026-09-20 10:19 (0h 1m from now) **
Setup power plan (GUID: 8c5e7fda-e8bf-4a96-9a85-a6e23a8c635c FriendlyName: High performance)
// **************************
// Benchmark: DeferredChunkReads.DeferredHits: Job-ZNVNAZ(IterationCount=5, IterationTime=100ms, LaunchCount=1, WarmupCount=3) [PendingCount=20, Pattern=Uniform]
// *** Execute ***
// Launch: 1 / 1
// Execute: dotnet Tedd.Voxtree.Benchmark-Job-ZNVNAZ-1.dll --ipcPort 56998 --benchmarkName "Tedd.Voxtree.Benchmark.Tests.DeferredChunkReads.DeferredHits(PendingCount: 20, Pattern: Uniform)" --job "IterationCount=5, IterationTime=100ms, LaunchCount=1, WarmupCount=3" --diagnoserRunMode 3 --benchmarkId 5 in C:\Users\tedd\.codex\worktrees\deferred-chunk-writes\Tedd.Voxtree\src\Tedd.Voxtree.Benchmark\bin\Release\net10.0\Tedd.Voxtree.Benchmark-Job-ZNVNAZ-1\bin\Release\net10.0
// BeforeAnythingElse

// Benchmark Process Environment Information:
// BenchmarkDotNet v0.16.0-preview.1
// Runtime=.NET 10.0.12 (10.0.12, 10.0.1226.42308), X64 RyuJIT x86-64-v3
// GC=Concurrent Workstation
// HardwareIntrinsics=AVX2+BMI1+BMI2+F16C+FMA+LZCNT+MOVBE,AVX,SSE3+SSSE3+SSE4.1+SSE4.2+POPCNT,X86Base+SSE+SSE2,AES+PCLMUL VectorSize=256
// Job: Job-ZNVNAZ(IterationCount=5, IterationTime=100ms, LaunchCount=1, WarmupCount=3)

WorkloadJitting  1: 256 op, 36500.00 ns, 142.5781 ns/op
WorkloadJitting  2: 7680 op, 683000.00 ns, 88.9323 ns/op
WorkloadJitting  3: 7680 op, 942800.00 ns, 122.7604 ns/op
WorkloadJitting  4: 7680 op, 50400.00 ns, 6.5625 ns/op
WorkloadJitting  5: 256 op, 2800.00 ns, 10.9375 ns/op

WorkloadPilot    1: 256 op, 2500.00 ns, 9.7656 ns/op

WorkloadPilot    1: 4096 op, 27700.00 ns, 6.7627 ns/op
WorkloadPilot    2: 14790656 op, 93992100.00 ns, 6.3548 ns/op
WorkloadPilot    3: 15736832 op, 101654400.00 ns, 6.4596 ns/op
WorkloadPilot    4: 15482880 op, 99631200.00 ns, 6.4349 ns/op
WorkloadPilot    5: 15540224 op, 100122200.00 ns, 6.4428 ns/op
WorkloadPilot    6: 15523840 op, 99807000.00 ns, 6.4293 ns/op
WorkloadPilot    7: 15556608 op, 100105300.00 ns, 6.4349 ns/op

WorkloadWarmup   1: 15556608 op, 100104600.00 ns, 6.4349 ns/op
WorkloadWarmup   2: 15556608 op, 99989400.00 ns, 6.4275 ns/op
WorkloadWarmup   3: 15556608 op, 100105900.00 ns, 6.4349 ns/op

// BeforeActualRun
WorkloadActual   1: 15556608 op, 100034200.00 ns, 6.4303 ns/op
WorkloadActual   2: 15556608 op, 100151000.00 ns, 6.4378 ns/op
WorkloadActual   3: 15556608 op, 98809700.00 ns, 6.3516 ns/op
WorkloadActual   4: 15556608 op, 100197000.00 ns, 6.4408 ns/op
WorkloadActual   5: 15556608 op, 99925000.00 ns, 6.4233 ns/op

// AfterActualRun
// BeforeExtraIteration
// AfterExtraIteration
WorkloadExtra    1: 15556608 op, 98860800.00 ns, 6.3549 ns/op
WorkloadResult   1: 15556608 op, 100034200.00 ns, 6.4303 ns/op
WorkloadResult   2: 15556608 op, 100151000.00 ns, 6.4378 ns/op
WorkloadResult   3: 15556608 op, 98809700.00 ns, 6.3516 ns/op
WorkloadResult   4: 15556608 op, 100197000.00 ns, 6.4408 ns/op
WorkloadResult   5: 15556608 op, 99925000.00 ns, 6.4233 ns/op
// GC:  0 0 0 0 15556608

// AfterAll
// Benchmark Process 184176 has exited with code 0.

Mean = 6.417 ns, StdErr = 0.017 ns (0.26%), N = 5, StdDev = 0.037 ns
Min = 6.352 ns, Q1 = 6.423 ns, Median = 6.430 ns, Q3 = 6.438 ns, Max = 6.441 ns
IQR = 0.015 ns, LowerFence = 6.402 ns, UpperFence = 6.460 ns
ConfidenceInterval = [6.274 ns; 6.559 ns] (CI 99.9%), Margin = 0.143 ns (2.22% of Mean)
Skewness = -0.99, Kurtosis = 1.97, MValue = 2

// ** Remained 34 (85.0%) benchmark(s) to run. Estimated finish 2026-09-20 10:19 (0h 1m from now) **
Setup power plan (GUID: 8c5e7fda-e8bf-4a96-9a85-a6e23a8c635c FriendlyName: High performance)
// **************************
// Benchmark: DeferredChunkReads.HotHits: Job-ZNVNAZ(IterationCount=5, IterationTime=100ms, LaunchCount=1, WarmupCount=3) [PendingCount=20, Pattern=Terrain]
// *** Execute ***
// Launch: 1 / 1
// Execute: dotnet Tedd.Voxtree.Benchmark-Job-ZNVNAZ-1.dll --ipcPort 57001 --benchmarkName "Tedd.Voxtree.Benchmark.Tests.DeferredChunkReads.HotHits(PendingCount: 20, Pattern: Terrain)" --job "IterationCount=5, IterationTime=100ms, LaunchCount=1, WarmupCount=3" --diagnoserRunMode 3 --benchmarkId 6 in C:\Users\tedd\.codex\worktrees\deferred-chunk-writes\Tedd.Voxtree\src\Tedd.Voxtree.Benchmark\bin\Release\net10.0\Tedd.Voxtree.Benchmark-Job-ZNVNAZ-1\bin\Release\net10.0
// BeforeAnythingElse

// Benchmark Process Environment Information:
// BenchmarkDotNet v0.16.0-preview.1
// Runtime=.NET 10.0.12 (10.0.12, 10.0.1226.42308), X64 RyuJIT x86-64-v3
// GC=Concurrent Workstation
// HardwareIntrinsics=AVX2+BMI1+BMI2+F16C+FMA+LZCNT+MOVBE,AVX,SSE3+SSSE3+SSE4.1+SSE4.2+POPCNT,X86Base+SSE+SSE2,AES+PCLMUL VectorSize=256
// Job: Job-ZNVNAZ(IterationCount=5, IterationTime=100ms, LaunchCount=1, WarmupCount=3)

WorkloadJitting  1: 256 op, 41300.00 ns, 161.3281 ns/op
WorkloadJitting  2: 7680 op, 301300.00 ns, 39.2318 ns/op
WorkloadJitting  3: 7680 op, 427500.00 ns, 55.6641 ns/op
WorkloadJitting  4: 7680 op, 37300.00 ns, 4.8568 ns/op
WorkloadJitting  5: 256 op, 3200.00 ns, 12.5000 ns/op

WorkloadPilot    1: 256 op, 3400.00 ns, 13.2813 ns/op

WorkloadPilot    1: 4096 op, 20600.00 ns, 5.0293 ns/op
WorkloadPilot    2: 19886080 op, 90242300.00 ns, 4.5380 ns/op
WorkloadPilot    3: 22036480 op, 99798500.00 ns, 4.5288 ns/op
WorkloadPilot    4: 22081536 op, 99480100.00 ns, 4.5051 ns/op
WorkloadPilot    5: 22200320 op, 100513900.00 ns, 4.5276 ns/op
WorkloadPilot    6: 22089728 op, 99411200.00 ns, 4.5003 ns/op
WorkloadPilot    7: 22220800 op, 103167000.00 ns, 4.6428 ns/op
WorkloadPilot    8: 21540864 op, 97311100.00 ns, 4.5175 ns/op
WorkloadPilot    9: 22138880 op, 99693000.00 ns, 4.5031 ns/op
WorkloadPilot   10: 22208512 op, 101196500.00 ns, 4.5567 ns/op

WorkloadWarmup   1: 22208512 op, 101705600.00 ns, 4.5796 ns/op
WorkloadWarmup   2: 22208512 op, 101807100.00 ns, 4.5841 ns/op
WorkloadWarmup   3: 22208512 op, 99979100.00 ns, 4.5018 ns/op

// BeforeActualRun
WorkloadActual   1: 22208512 op, 101227900.00 ns, 4.5581 ns/op
WorkloadActual   2: 22208512 op, 101285500.00 ns, 4.5607 ns/op
WorkloadActual   3: 22208512 op, 100073300.00 ns, 4.5061 ns/op
WorkloadActual   4: 22208512 op, 100015200.00 ns, 4.5035 ns/op
WorkloadActual   5: 22208512 op, 101166500.00 ns, 4.5553 ns/op

// AfterActualRun
// BeforeExtraIteration
// AfterExtraIteration
WorkloadExtra    1: 22208512 op, 121560500.00 ns, 5.4736 ns/op
WorkloadResult   1: 22208512 op, 101227900.00 ns, 4.5581 ns/op
WorkloadResult   2: 22208512 op, 101285500.00 ns, 4.5607 ns/op
WorkloadResult   3: 22208512 op, 100073300.00 ns, 4.5061 ns/op
WorkloadResult   4: 22208512 op, 100015200.00 ns, 4.5035 ns/op
WorkloadResult   5: 22208512 op, 101166500.00 ns, 4.5553 ns/op
// GC:  0 0 0 0 22208512

// AfterAll
// Benchmark Process 191444 has exited with code 0.

Mean = 4.537 ns, StdErr = 0.013 ns (0.29%), N = 5, StdDev = 0.029 ns
Min = 4.503 ns, Q1 = 4.506 ns, Median = 4.555 ns, Q3 = 4.558 ns, Max = 4.561 ns
IQR = 0.052 ns, LowerFence = 4.428 ns, UpperFence = 4.636 ns
ConfidenceInterval = [4.424 ns; 4.649 ns] (CI 99.9%), Margin = 0.113 ns (2.48% of Mean)
Skewness = -0.29, Kurtosis = 0.76, MValue = 2

// ** Remained 33 (82.5%) benchmark(s) to run. Estimated finish 2026-09-20 10:19 (0h 1m from now) **
Setup power plan (GUID: 8c5e7fda-e8bf-4a96-9a85-a6e23a8c635c FriendlyName: High performance)
// **************************
// Benchmark: DeferredChunkReads.DeferredHits: Job-ZNVNAZ(IterationCount=5, IterationTime=100ms, LaunchCount=1, WarmupCount=3) [PendingCount=20, Pattern=Terrain]
// *** Execute ***
// Launch: 1 / 1
// Execute: dotnet Tedd.Voxtree.Benchmark-Job-ZNVNAZ-1.dll --ipcPort 57005 --benchmarkName "Tedd.Voxtree.Benchmark.Tests.DeferredChunkReads.DeferredHits(PendingCount: 20, Pattern: Terrain)" --job "IterationCount=5, IterationTime=100ms, LaunchCount=1, WarmupCount=3" --diagnoserRunMode 3 --benchmarkId 7 in C:\Users\tedd\.codex\worktrees\deferred-chunk-writes\Tedd.Voxtree\src\Tedd.Voxtree.Benchmark\bin\Release\net10.0\Tedd.Voxtree.Benchmark-Job-ZNVNAZ-1\bin\Release\net10.0
// BeforeAnythingElse

// Benchmark Process Environment Information:
// BenchmarkDotNet v0.16.0-preview.1
// Runtime=.NET 10.0.12 (10.0.12, 10.0.1226.42308), X64 RyuJIT x86-64-v3
// GC=Concurrent Workstation
// HardwareIntrinsics=AVX2+BMI1+BMI2+F16C+FMA+LZCNT+MOVBE,AVX,SSE3+SSSE3+SSE4.1+SSE4.2+POPCNT,X86Base+SSE+SSE2,AES+PCLMUL VectorSize=256
// Job: Job-ZNVNAZ(IterationCount=5, IterationTime=100ms, LaunchCount=1, WarmupCount=3)

WorkloadJitting  1: 256 op, 66000.00 ns, 257.8125 ns/op
WorkloadJitting  2: 7680 op, 754900.00 ns, 98.2943 ns/op
WorkloadJitting  3: 7680 op, 791800.00 ns, 103.0990 ns/op
WorkloadJitting  4: 7680 op, 50300.00 ns, 6.5495 ns/op
WorkloadJitting  5: 256 op, 2800.00 ns, 10.9375 ns/op

WorkloadPilot    1: 256 op, 2600.00 ns, 10.1563 ns/op

WorkloadPilot    1: 4096 op, 27900.00 ns, 6.8115 ns/op
WorkloadPilot    2: 14684160 op, 95477100.00 ns, 6.5020 ns/op
WorkloadPilot    3: 15380480 op, 98636800.00 ns, 6.4131 ns/op
WorkloadPilot    4: 15593472 op, 99637300.00 ns, 6.3897 ns/op
WorkloadPilot    5: 15650816 op, 101460400.00 ns, 6.4828 ns/op
WorkloadPilot    6: 15425536 op, 98558900.00 ns, 6.3893 ns/op
WorkloadPilot    7: 15654912 op, 100511400.00 ns, 6.4204 ns/op
WorkloadPilot    8: 15577088 op, 100559200.00 ns, 6.4556 ns/op

WorkloadWarmup   1: 15577088 op, 99776600.00 ns, 6.4053 ns/op
WorkloadWarmup   2: 15577088 op, 100960300.00 ns, 6.4813 ns/op
WorkloadWarmup   3: 15577088 op, 101205600.00 ns, 6.4971 ns/op

// BeforeActualRun
WorkloadActual   1: 15577088 op, 101651000.00 ns, 6.5257 ns/op
WorkloadActual   2: 15577088 op, 99408100.00 ns, 6.3817 ns/op
WorkloadActual   3: 15577088 op, 99769100.00 ns, 6.4049 ns/op
WorkloadActual   4: 15577088 op, 99941700.00 ns, 6.4159 ns/op
WorkloadActual   5: 15577088 op, 99659600.00 ns, 6.3978 ns/op

// AfterActualRun
// BeforeExtraIteration
// AfterExtraIteration
WorkloadExtra    1: 15577088 op, 100017900.00 ns, 6.4208 ns/op
WorkloadResult   1: 15577088 op, 99408100.00 ns, 6.3817 ns/op
WorkloadResult   2: 15577088 op, 99769100.00 ns, 6.4049 ns/op
WorkloadResult   3: 15577088 op, 99941700.00 ns, 6.4159 ns/op
WorkloadResult   4: 15577088 op, 99659600.00 ns, 6.3978 ns/op
// GC:  0 0 0 0 15577088

// AfterAll
// Benchmark Process 64548 has exited with code 0.

Mean = 6.400 ns, StdErr = 0.007 ns (0.11%), N = 4, StdDev = 0.014 ns
Min = 6.382 ns, Q1 = 6.394 ns, Median = 6.401 ns, Q3 = 6.408 ns, Max = 6.416 ns
IQR = 0.014 ns, LowerFence = 6.373 ns, UpperFence = 6.428 ns
ConfidenceInterval = [6.307 ns; 6.493 ns] (CI 99.9%), Margin = 0.093 ns (1.45% of Mean)
Skewness = -0.18, Kurtosis = 1.05, MValue = 2

// ** Remained 32 (80.0%) benchmark(s) to run. Estimated finish 2026-09-20 10:19 (0h 1m from now) **
Setup power plan (GUID: 8c5e7fda-e8bf-4a96-9a85-a6e23a8c635c FriendlyName: High performance)
// **************************
// Benchmark: DeferredChunkReads.CompressedMisses: Job-ZNVNAZ(IterationCount=5, IterationTime=100ms, LaunchCount=1, WarmupCount=3) [PendingCount=1, Pattern=Uniform]
// *** Execute ***
// Launch: 1 / 1
// Execute: dotnet Tedd.Voxtree.Benchmark-Job-ZNVNAZ-1.dll --ipcPort 57013 --benchmarkName "Tedd.Voxtree.Benchmark.Tests.DeferredChunkReads.CompressedMisses(PendingCount: 1, Pattern: Uniform)" --job "IterationCount=5, IterationTime=100ms, LaunchCount=1, WarmupCount=3" --diagnoserRunMode 3 --benchmarkId 8 in C:\Users\tedd\.codex\worktrees\deferred-chunk-writes\Tedd.Voxtree\src\Tedd.Voxtree.Benchmark\bin\Release\net10.0\Tedd.Voxtree.Benchmark-Job-ZNVNAZ-1\bin\Release\net10.0
// BeforeAnythingElse

// Benchmark Process Environment Information:
// BenchmarkDotNet v0.16.0-preview.1
// Runtime=.NET 10.0.12 (10.0.12, 10.0.1226.42308), X64 RyuJIT x86-64-v3
// GC=Concurrent Workstation
// HardwareIntrinsics=AVX2+BMI1+BMI2+F16C+FMA+LZCNT+MOVBE,AVX,SSE3+SSSE3+SSE4.1+SSE4.2+POPCNT,X86Base+SSE+SSE2,AES+PCLMUL VectorSize=256
// Job: Job-ZNVNAZ(IterationCount=5, IterationTime=100ms, LaunchCount=1, WarmupCount=3)

WorkloadJitting  1: 256 op, 32200.00 ns, 125.7813 ns/op
WorkloadJitting  2: 7680 op, 566800.00 ns, 73.8021 ns/op
WorkloadJitting  3: 7680 op, 849800.00 ns, 110.6510 ns/op
WorkloadJitting  4: 7680 op, 34900.00 ns, 4.5443 ns/op
WorkloadJitting  5: 256 op, 1400.00 ns, 5.4688 ns/op

WorkloadPilot    1: 256 op, 1300.00 ns, 5.0781 ns/op

WorkloadPilot    1: 4096 op, 19000.00 ns, 4.6387 ns/op
WorkloadPilot    2: 21561344 op, 97077500.00 ns, 4.5024 ns/op
WorkloadPilot    3: 22212608 op, 101255200.00 ns, 4.5585 ns/op
WorkloadPilot    4: 21938176 op, 98863000.00 ns, 4.5064 ns/op
WorkloadPilot    5: 22192128 op, 100035100.00 ns, 4.5077 ns/op
WorkloadPilot    6: 22188032 op, 100393400.00 ns, 4.5247 ns/op

WorkloadWarmup   1: 22188032 op, 100203600.00 ns, 4.5161 ns/op
WorkloadWarmup   2: 22188032 op, 101193800.00 ns, 4.5607 ns/op
WorkloadWarmup   3: 22188032 op, 101374300.00 ns, 4.5689 ns/op

// BeforeActualRun
WorkloadActual   1: 22188032 op, 101259600.00 ns, 4.5637 ns/op
WorkloadActual   2: 22188032 op, 101451300.00 ns, 4.5723 ns/op
WorkloadActual   3: 22188032 op, 101145800.00 ns, 4.5586 ns/op
WorkloadActual   4: 22188032 op, 104020700.00 ns, 4.6881 ns/op
WorkloadActual   5: 22188032 op, 101366200.00 ns, 4.5685 ns/op

// AfterActualRun
// BeforeExtraIteration
// AfterExtraIteration
WorkloadExtra    1: 22188032 op, 99932100.00 ns, 4.5039 ns/op
WorkloadResult   1: 22188032 op, 101259600.00 ns, 4.5637 ns/op
WorkloadResult   2: 22188032 op, 101451300.00 ns, 4.5723 ns/op
WorkloadResult   3: 22188032 op, 101145800.00 ns, 4.5586 ns/op
WorkloadResult   4: 22188032 op, 101366200.00 ns, 4.5685 ns/op
// GC:  0 0 0 0 22188032

// AfterAll
// Benchmark Process 476684 has exited with code 0.

Mean = 4.566 ns, StdErr = 0.003 ns (0.07%), N = 4, StdDev = 0.006 ns
Min = 4.559 ns, Q1 = 4.562 ns, Median = 4.566 ns, Q3 = 4.569 ns, Max = 4.572 ns
IQR = 0.007 ns, LowerFence = 4.552 ns, UpperFence = 4.580 ns
ConfidenceInterval = [4.527 ns; 4.604 ns] (CI 99.9%), Margin = 0.039 ns (0.84% of Mean)
Skewness = -0.1, Kurtosis = 0.91, MValue = 2

// ** Remained 31 (77.5%) benchmark(s) to run. Estimated finish 2026-09-20 10:19 (0h 1m from now) **
Setup power plan (GUID: 8c5e7fda-e8bf-4a96-9a85-a6e23a8c635c FriendlyName: High performance)
// **************************
// Benchmark: DeferredChunkReads.DeferredMisses: Job-ZNVNAZ(IterationCount=5, IterationTime=100ms, LaunchCount=1, WarmupCount=3) [PendingCount=1, Pattern=Uniform]
// *** Execute ***
// Launch: 1 / 1
// Execute: dotnet Tedd.Voxtree.Benchmark-Job-ZNVNAZ-1.dll --ipcPort 57016 --benchmarkName "Tedd.Voxtree.Benchmark.Tests.DeferredChunkReads.DeferredMisses(PendingCount: 1, Pattern: Uniform)" --job "IterationCount=5, IterationTime=100ms, LaunchCount=1, WarmupCount=3" --diagnoserRunMode 3 --benchmarkId 9 in C:\Users\tedd\.codex\worktrees\deferred-chunk-writes\Tedd.Voxtree\src\Tedd.Voxtree.Benchmark\bin\Release\net10.0\Tedd.Voxtree.Benchmark-Job-ZNVNAZ-1\bin\Release\net10.0
// BeforeAnythingElse

// Benchmark Process Environment Information:
// BenchmarkDotNet v0.16.0-preview.1
// Runtime=.NET 10.0.12 (10.0.12, 10.0.1226.42308), X64 RyuJIT x86-64-v3
// GC=Concurrent Workstation
// HardwareIntrinsics=AVX2+BMI1+BMI2+F16C+FMA+LZCNT+MOVBE,AVX,SSE3+SSSE3+SSE4.1+SSE4.2+POPCNT,X86Base+SSE+SSE2,AES+PCLMUL VectorSize=256
// Job: Job-ZNVNAZ(IterationCount=5, IterationTime=100ms, LaunchCount=1, WarmupCount=3)

WorkloadJitting  1: 256 op, 68300.00 ns, 266.7969 ns/op
WorkloadJitting  2: 7680 op, 1161700.00 ns, 151.2630 ns/op
WorkloadJitting  3: 7680 op, 1439800.00 ns, 187.4740 ns/op
WorkloadJitting  4: 7680 op, 93900.00 ns, 12.2266 ns/op
WorkloadJitting  5: 256 op, 4200.00 ns, 16.4063 ns/op

WorkloadPilot    1: 256 op, 3700.00 ns, 14.4531 ns/op

WorkloadPilot    1: 4096 op, 50100.00 ns, 12.2314 ns/op
WorkloadPilot    2: 8175616 op, 98614300.00 ns, 12.0620 ns/op
WorkloadPilot    3: 8294400 op, 100136100.00 ns, 12.0727 ns/op
WorkloadPilot    4: 8286208 op, 99895600.00 ns, 12.0556 ns/op
WorkloadPilot    5: 8298496 op, 100073300.00 ns, 12.0592 ns/op
WorkloadPilot    6: 8294400 op, 100075300.00 ns, 12.0654 ns/op

WorkloadWarmup   1: 8294400 op, 99981300.00 ns, 12.0541 ns/op
WorkloadWarmup   2: 8294400 op, 100167000.00 ns, 12.0765 ns/op
WorkloadWarmup   3: 8294400 op, 99893600.00 ns, 12.0435 ns/op

// BeforeActualRun
WorkloadActual   1: 8294400 op, 99986800.00 ns, 12.0547 ns/op
WorkloadActual   2: 8294400 op, 99999700.00 ns, 12.0563 ns/op
WorkloadActual   3: 8294400 op, 100106500.00 ns, 12.0692 ns/op
WorkloadActual   4: 8294400 op, 99968400.00 ns, 12.0525 ns/op
WorkloadActual   5: 8294400 op, 99957000.00 ns, 12.0511 ns/op

// AfterActualRun
// BeforeExtraIteration
// AfterExtraIteration
WorkloadExtra    1: 8294400 op, 102806300.00 ns, 12.3947 ns/op
WorkloadResult   1: 8294400 op, 99986800.00 ns, 12.0547 ns/op
WorkloadResult   2: 8294400 op, 99999700.00 ns, 12.0563 ns/op
WorkloadResult   3: 8294400 op, 99968400.00 ns, 12.0525 ns/op
WorkloadResult   4: 8294400 op, 99957000.00 ns, 12.0511 ns/op
// GC:  0 0 0 0 8294400

// AfterAll
// Benchmark Process 141224 has exited with code 0.

Mean = 12.054 ns, StdErr = 0.001 ns (0.01%), N = 4, StdDev = 0.002 ns
Min = 12.051 ns, Q1 = 12.052 ns, Median = 12.054 ns, Q3 = 12.055 ns, Max = 12.056 ns
IQR = 0.003 ns, LowerFence = 12.048 ns, UpperFence = 12.060 ns
ConfidenceInterval = [12.039 ns; 12.068 ns] (CI 99.9%), Margin = 0.015 ns (0.12% of Mean)
Skewness = 0.03, Kurtosis = 0.83, MValue = 2

// ** Remained 30 (75.0%) benchmark(s) to run. Estimated finish 2026-09-20 10:19 (0h 1m from now) **
Setup power plan (GUID: 8c5e7fda-e8bf-4a96-9a85-a6e23a8c635c FriendlyName: High performance)
// **************************
// Benchmark: DeferredChunkReads.CompressedMisses: Job-ZNVNAZ(IterationCount=5, IterationTime=100ms, LaunchCount=1, WarmupCount=3) [PendingCount=1, Pattern=Terrain]
// *** Execute ***
// Launch: 1 / 1
// Execute: dotnet Tedd.Voxtree.Benchmark-Job-ZNVNAZ-1.dll --ipcPort 57020 --benchmarkName "Tedd.Voxtree.Benchmark.Tests.DeferredChunkReads.CompressedMisses(PendingCount: 1, Pattern: Terrain)" --job "IterationCount=5, IterationTime=100ms, LaunchCount=1, WarmupCount=3" --diagnoserRunMode 3 --benchmarkId 10 in C:\Users\tedd\.codex\worktrees\deferred-chunk-writes\Tedd.Voxtree\src\Tedd.Voxtree.Benchmark\bin\Release\net10.0\Tedd.Voxtree.Benchmark-Job-ZNVNAZ-1\bin\Release\net10.0
// BeforeAnythingElse

// Benchmark Process Environment Information:
// BenchmarkDotNet v0.16.0-preview.1
// Runtime=.NET 10.0.12 (10.0.12, 10.0.1226.42308), X64 RyuJIT x86-64-v3
// GC=Concurrent Workstation
// HardwareIntrinsics=AVX2+BMI1+BMI2+F16C+FMA+LZCNT+MOVBE,AVX,SSE3+SSSE3+SSE4.1+SSE4.2+POPCNT,X86Base+SSE+SSE2,AES+PCLMUL VectorSize=256
// Job: Job-ZNVNAZ(IterationCount=5, IterationTime=100ms, LaunchCount=1, WarmupCount=3)

WorkloadJitting  1: 256 op, 106600.00 ns, 416.4063 ns/op
WorkloadJitting  2: 7680 op, 2585100.00 ns, 336.6016 ns/op
WorkloadJitting  3: 7680 op, 1666500.00 ns, 216.9922 ns/op
WorkloadJitting  4: 7680 op, 158300.00 ns, 20.6120 ns/op
WorkloadJitting  5: 256 op, 12200.00 ns, 47.6563 ns/op

WorkloadPilot    1: 256 op, 12000.00 ns, 46.8750 ns/op

WorkloadPilot    1: 4096 op, 85300.00 ns, 20.8252 ns/op
WorkloadPilot    2: 4804608 op, 87748200.00 ns, 18.2633 ns/op
WorkloadPilot    3: 5476352 op, 101479200.00 ns, 18.5304 ns/op
WorkloadPilot    4: 5398528 op, 99141200.00 ns, 18.3645 ns/op
WorkloadPilot    5: 5447680 op, 100557600.00 ns, 18.4588 ns/op
WorkloadPilot    6: 5419008 op, 99455700.00 ns, 18.3531 ns/op
WorkloadPilot    7: 5451776 op, 100531900.00 ns, 18.4402 ns/op

WorkloadWarmup   1: 5451776 op, 99838000.00 ns, 18.3129 ns/op
WorkloadWarmup   2: 5451776 op, 99575300.00 ns, 18.2647 ns/op
WorkloadWarmup   3: 5451776 op, 99955300.00 ns, 18.3344 ns/op

// BeforeActualRun
WorkloadActual   1: 5451776 op, 100108000.00 ns, 18.3625 ns/op
WorkloadActual   2: 5451776 op, 99977300.00 ns, 18.3385 ns/op
WorkloadActual   3: 5451776 op, 99289400.00 ns, 18.2123 ns/op
WorkloadActual   4: 5451776 op, 100946600.00 ns, 18.5163 ns/op
WorkloadActual   5: 5451776 op, 100002100.00 ns, 18.3430 ns/op

// AfterActualRun
// BeforeExtraIteration
// AfterExtraIteration
WorkloadExtra    1: 5451776 op, 99662300.00 ns, 18.2807 ns/op
WorkloadResult   1: 5451776 op, 100108000.00 ns, 18.3625 ns/op
WorkloadResult   2: 5451776 op, 99977300.00 ns, 18.3385 ns/op
WorkloadResult   3: 5451776 op, 99289400.00 ns, 18.2123 ns/op
WorkloadResult   4: 5451776 op, 100002100.00 ns, 18.3430 ns/op
// GC:  0 0 0 0 5451776

// AfterAll
// Benchmark Process 452612 has exited with code 0.

Mean = 18.314 ns, StdErr = 0.034 ns (0.19%), N = 4, StdDev = 0.069 ns
Min = 18.212 ns, Q1 = 18.307 ns, Median = 18.341 ns, Q3 = 18.348 ns, Max = 18.362 ns
IQR = 0.041 ns, LowerFence = 18.246 ns, UpperFence = 18.409 ns
ConfidenceInterval = [17.871 ns; 18.758 ns] (CI 99.9%), Margin = 0.444 ns (2.42% of Mean)
Skewness = -0.7, Kurtosis = 1.28, MValue = 2

// ** Remained 29 (72.5%) benchmark(s) to run. Estimated finish 2026-09-20 10:19 (0h 1m from now) **
Setup power plan (GUID: 8c5e7fda-e8bf-4a96-9a85-a6e23a8c635c FriendlyName: High performance)
// **************************
// Benchmark: DeferredChunkReads.DeferredMisses: Job-ZNVNAZ(IterationCount=5, IterationTime=100ms, LaunchCount=1, WarmupCount=3) [PendingCount=1, Pattern=Terrain]
// *** Execute ***
// Launch: 1 / 1
// Execute: dotnet Tedd.Voxtree.Benchmark-Job-ZNVNAZ-1.dll --ipcPort 57025 --benchmarkName "Tedd.Voxtree.Benchmark.Tests.DeferredChunkReads.DeferredMisses(PendingCount: 1, Pattern: Terrain)" --job "IterationCount=5, IterationTime=100ms, LaunchCount=1, WarmupCount=3" --diagnoserRunMode 3 --benchmarkId 11 in C:\Users\tedd\.codex\worktrees\deferred-chunk-writes\Tedd.Voxtree\src\Tedd.Voxtree.Benchmark\bin\Release\net10.0\Tedd.Voxtree.Benchmark-Job-ZNVNAZ-1\bin\Release\net10.0
// BeforeAnythingElse

// Benchmark Process Environment Information:
// BenchmarkDotNet v0.16.0-preview.1
// Runtime=.NET 10.0.12 (10.0.12, 10.0.1226.42308), X64 RyuJIT x86-64-v3
// GC=Concurrent Workstation
// HardwareIntrinsics=AVX2+BMI1+BMI2+F16C+FMA+LZCNT+MOVBE,AVX,SSE3+SSSE3+SSE4.1+SSE4.2+POPCNT,X86Base+SSE+SSE2,AES+PCLMUL VectorSize=256
// Job: Job-ZNVNAZ(IterationCount=5, IterationTime=100ms, LaunchCount=1, WarmupCount=3)

WorkloadJitting  1: 256 op, 124500.00 ns, 486.3281 ns/op
WorkloadJitting  2: 7680 op, 3371000.00 ns, 438.9323 ns/op
WorkloadJitting  3: 7680 op, 2491400.00 ns, 324.4010 ns/op
WorkloadJitting  4: 7680 op, 207100.00 ns, 26.9661 ns/op
WorkloadJitting  5: 256 op, 14800.00 ns, 57.8125 ns/op

WorkloadPilot    1: 256 op, 13200.00 ns, 51.5625 ns/op

WorkloadPilot    1: 4096 op, 111000.00 ns, 27.0996 ns/op
WorkloadPilot    2: 3690496 op, 93083700.00 ns, 25.2225 ns/op
WorkloadPilot    3: 3964928 op, 102187000.00 ns, 25.7727 ns/op
WorkloadPilot    4: 3883008 op, 99632200.00 ns, 25.6585 ns/op
WorkloadPilot    5: 3899392 op, 100661600.00 ns, 25.8147 ns/op
WorkloadPilot    6: 3874816 op, 97897800.00 ns, 25.2651 ns/op
WorkloadPilot    7: 3960832 op, 101572200.00 ns, 25.6442 ns/op

WorkloadWarmup   1: 3960832 op, 101946100.00 ns, 25.7386 ns/op
WorkloadWarmup   2: 3960832 op, 101889100.00 ns, 25.7242 ns/op
WorkloadWarmup   3: 3960832 op, 101810100.00 ns, 25.7042 ns/op

// BeforeActualRun
WorkloadActual   1: 3960832 op, 100556500.00 ns, 25.3877 ns/op
WorkloadActual   2: 3960832 op, 100008600.00 ns, 25.2494 ns/op
WorkloadActual   3: 3960832 op, 100601500.00 ns, 25.3991 ns/op
WorkloadActual   4: 3960832 op, 100637600.00 ns, 25.4082 ns/op
WorkloadActual   5: 3960832 op, 101953400.00 ns, 25.7404 ns/op

// AfterActualRun
// BeforeExtraIteration
// AfterExtraIteration
WorkloadExtra    1: 3960832 op, 99829100.00 ns, 25.2041 ns/op
WorkloadResult   1: 3960832 op, 100556500.00 ns, 25.3877 ns/op
WorkloadResult   2: 3960832 op, 100008600.00 ns, 25.2494 ns/op
WorkloadResult   3: 3960832 op, 100601500.00 ns, 25.3991 ns/op
WorkloadResult   4: 3960832 op, 100637600.00 ns, 25.4082 ns/op
// GC:  0 0 0 0 3960832

// AfterAll
// Benchmark Process 397520 has exited with code 0.

Mean = 25.361 ns, StdErr = 0.037 ns (0.15%), N = 4, StdDev = 0.075 ns
Min = 25.249 ns, Q1 = 25.353 ns, Median = 25.393 ns, Q3 = 25.401 ns, Max = 25.408 ns
IQR = 0.048 ns, LowerFence = 25.281 ns, UpperFence = 25.474 ns
ConfidenceInterval = [24.877 ns; 25.845 ns] (CI 99.9%), Margin = 0.484 ns (1.91% of Mean)
Skewness = -0.72, Kurtosis = 1.29, MValue = 2

// ** Remained 28 (70.0%) benchmark(s) to run. Estimated finish 2026-09-20 10:19 (0h 1m from now) **
Setup power plan (GUID: 8c5e7fda-e8bf-4a96-9a85-a6e23a8c635c FriendlyName: High performance)
// **************************
// Benchmark: DeferredChunkReads.CompressedMisses: Job-ZNVNAZ(IterationCount=5, IterationTime=100ms, LaunchCount=1, WarmupCount=3) [PendingCount=20, Pattern=Uniform]
// *** Execute ***
// Launch: 1 / 1
// Execute: dotnet Tedd.Voxtree.Benchmark-Job-ZNVNAZ-1.dll --ipcPort 57029 --benchmarkName "Tedd.Voxtree.Benchmark.Tests.DeferredChunkReads.CompressedMisses(PendingCount: 20, Pattern: Uniform)" --job "IterationCount=5, IterationTime=100ms, LaunchCount=1, WarmupCount=3" --diagnoserRunMode 3 --benchmarkId 12 in C:\Users\tedd\.codex\worktrees\deferred-chunk-writes\Tedd.Voxtree\src\Tedd.Voxtree.Benchmark\bin\Release\net10.0\Tedd.Voxtree.Benchmark-Job-ZNVNAZ-1\bin\Release\net10.0
// BeforeAnythingElse

// Benchmark Process Environment Information:
// BenchmarkDotNet v0.16.0-preview.1
// Runtime=.NET 10.0.12 (10.0.12, 10.0.1226.42308), X64 RyuJIT x86-64-v3
// GC=Concurrent Workstation
// HardwareIntrinsics=AVX2+BMI1+BMI2+F16C+FMA+LZCNT+MOVBE,AVX,SSE3+SSSE3+SSE4.1+SSE4.2+POPCNT,X86Base+SSE+SSE2,AES+PCLMUL VectorSize=256
// Job: Job-ZNVNAZ(IterationCount=5, IterationTime=100ms, LaunchCount=1, WarmupCount=3)

WorkloadJitting  1: 256 op, 32600.00 ns, 127.3438 ns/op
WorkloadJitting  2: 7680 op, 587900.00 ns, 76.5495 ns/op
WorkloadJitting  3: 7680 op, 865000.00 ns, 112.6302 ns/op
WorkloadJitting  4: 7680 op, 34800.00 ns, 4.5313 ns/op
WorkloadJitting  5: 256 op, 1500.00 ns, 5.8594 ns/op

WorkloadPilot    1: 256 op, 1500.00 ns, 5.8594 ns/op

WorkloadPilot    1: 4096 op, 19100.00 ns, 4.6631 ns/op
WorkloadPilot    2: 21446656 op, 96559700.00 ns, 4.5023 ns/op
WorkloadPilot    3: 22212608 op, 100183300.00 ns, 4.5102 ns/op
WorkloadPilot    4: 22175744 op, 99902900.00 ns, 4.5051 ns/op
WorkloadPilot    5: 22200320 op, 99943700.00 ns, 4.5019 ns/op
WorkloadPilot    6: 22216704 op, 100807600.00 ns, 4.5375 ns/op
WorkloadPilot    7: 22040576 op, 99221300.00 ns, 4.5018 ns/op
WorkloadPilot    8: 22216704 op, 100311400.00 ns, 4.5151 ns/op

WorkloadWarmup   1: 22216704 op, 100636700.00 ns, 4.5298 ns/op
WorkloadWarmup   2: 22216704 op, 100349800.00 ns, 4.5169 ns/op
WorkloadWarmup   3: 22216704 op, 99983000.00 ns, 4.5004 ns/op

// BeforeActualRun
WorkloadActual   1: 22216704 op, 99957800.00 ns, 4.4992 ns/op
WorkloadActual   2: 22216704 op, 100041500.00 ns, 4.5030 ns/op
WorkloadActual   3: 22216704 op, 100093400.00 ns, 4.5053 ns/op
WorkloadActual   4: 22216704 op, 100253000.00 ns, 4.5125 ns/op
WorkloadActual   5: 22216704 op, 106385700.00 ns, 4.7885 ns/op

// AfterActualRun
// BeforeExtraIteration
// AfterExtraIteration
WorkloadExtra    1: 22216704 op, 100486500.00 ns, 4.5230 ns/op
WorkloadResult   1: 22216704 op, 99957800.00 ns, 4.4992 ns/op
WorkloadResult   2: 22216704 op, 100041500.00 ns, 4.5030 ns/op
WorkloadResult   3: 22216704 op, 100093400.00 ns, 4.5053 ns/op
WorkloadResult   4: 22216704 op, 100253000.00 ns, 4.5125 ns/op
// GC:  0 0 0 0 22216704

// AfterAll
// Benchmark Process 51244 has exited with code 0.

Mean = 4.505 ns, StdErr = 0.003 ns (0.06%), N = 4, StdDev = 0.006 ns
Min = 4.499 ns, Q1 = 4.502 ns, Median = 4.504 ns, Q3 = 4.507 ns, Max = 4.513 ns
IQR = 0.005 ns, LowerFence = 4.494 ns, UpperFence = 4.515 ns
ConfidenceInterval = [4.469 ns; 4.541 ns] (CI 99.9%), Margin = 0.036 ns (0.80% of Mean)
Skewness = 0.31, Kurtosis = 1.1, MValue = 2

// ** Remained 27 (67.5%) benchmark(s) to run. Estimated finish 2026-09-20 10:19 (0h 1m from now) **
Setup power plan (GUID: 8c5e7fda-e8bf-4a96-9a85-a6e23a8c635c FriendlyName: High performance)
// **************************
// Benchmark: DeferredChunkReads.DeferredMisses: Job-ZNVNAZ(IterationCount=5, IterationTime=100ms, LaunchCount=1, WarmupCount=3) [PendingCount=20, Pattern=Uniform]
// *** Execute ***
// Launch: 1 / 1
// Execute: dotnet Tedd.Voxtree.Benchmark-Job-ZNVNAZ-1.dll --ipcPort 61182 --benchmarkName "Tedd.Voxtree.Benchmark.Tests.DeferredChunkReads.DeferredMisses(PendingCount: 20, Pattern: Uniform)" --job "IterationCount=5, IterationTime=100ms, LaunchCount=1, WarmupCount=3" --diagnoserRunMode 3 --benchmarkId 13 in C:\Users\tedd\.codex\worktrees\deferred-chunk-writes\Tedd.Voxtree\src\Tedd.Voxtree.Benchmark\bin\Release\net10.0\Tedd.Voxtree.Benchmark-Job-ZNVNAZ-1\bin\Release\net10.0
// BeforeAnythingElse

// Benchmark Process Environment Information:
// BenchmarkDotNet v0.16.0-preview.1
// Runtime=.NET 10.0.12 (10.0.12, 10.0.1226.42308), X64 RyuJIT x86-64-v3
// GC=Concurrent Workstation
// HardwareIntrinsics=AVX2+BMI1+BMI2+F16C+FMA+LZCNT+MOVBE,AVX,SSE3+SSSE3+SSE4.1+SSE4.2+POPCNT,X86Base+SSE+SSE2,AES+PCLMUL VectorSize=256
// Job: Job-ZNVNAZ(IterationCount=5, IterationTime=100ms, LaunchCount=1, WarmupCount=3)

WorkloadJitting  1: 256 op, 75400.00 ns, 294.5313 ns/op
WorkloadJitting  2: 7680 op, 1125100.00 ns, 146.4974 ns/op
WorkloadJitting  3: 7680 op, 1349500.00 ns, 175.7161 ns/op
WorkloadJitting  4: 7680 op, 95800.00 ns, 12.4740 ns/op
WorkloadJitting  5: 256 op, 4200.00 ns, 16.4063 ns/op

WorkloadPilot    1: 256 op, 6200.00 ns, 24.2188 ns/op

WorkloadPilot    1: 4096 op, 51300.00 ns, 12.5244 ns/op
WorkloadPilot    2: 7987200 op, 98725500.00 ns, 12.3605 ns/op
WorkloadPilot    3: 8093696 op, 100326400.00 ns, 12.3956 ns/op
WorkloadPilot    4: 8069120 op, 99937100.00 ns, 12.3851 ns/op
WorkloadPilot    5: 8077312 op, 99828200.00 ns, 12.3591 ns/op
WorkloadPilot    6: 8093696 op, 102229000.00 ns, 12.6307 ns/op
WorkloadPilot    7: 7917568 op, 97852500.00 ns, 12.3589 ns/op
WorkloadPilot    8: 8093696 op, 99963200.00 ns, 12.3507 ns/op
WorkloadPilot    9: 8097792 op, 99927200.00 ns, 12.3401 ns/op
WorkloadPilot   10: 8105984 op, 100120900.00 ns, 12.3515 ns/op

WorkloadWarmup   1: 8105984 op, 100362800.00 ns, 12.3813 ns/op
WorkloadWarmup   2: 8105984 op, 100184500.00 ns, 12.3593 ns/op
WorkloadWarmup   3: 8105984 op, 100345000.00 ns, 12.3791 ns/op

// BeforeActualRun
WorkloadActual   1: 8105984 op, 101710100.00 ns, 12.5475 ns/op
WorkloadActual   2: 8105984 op, 100225200.00 ns, 12.3643 ns/op
WorkloadActual   3: 8105984 op, 100215700.00 ns, 12.3632 ns/op
WorkloadActual   4: 8105984 op, 100156700.00 ns, 12.3559 ns/op
WorkloadActual   5: 8105984 op, 100134200.00 ns, 12.3531 ns/op

// AfterActualRun
// BeforeExtraIteration
// AfterExtraIteration
WorkloadExtra    1: 8105984 op, 113668900.00 ns, 14.0228 ns/op
WorkloadResult   1: 8105984 op, 100225200.00 ns, 12.3643 ns/op
WorkloadResult   2: 8105984 op, 100215700.00 ns, 12.3632 ns/op
WorkloadResult   3: 8105984 op, 100156700.00 ns, 12.3559 ns/op
WorkloadResult   4: 8105984 op, 100134200.00 ns, 12.3531 ns/op
// GC:  0 0 0 0 8105984

// AfterAll
// Benchmark Process 182460 has exited with code 0.

Mean = 12.359 ns, StdErr = 0.003 ns (0.02%), N = 4, StdDev = 0.005 ns
Min = 12.353 ns, Q1 = 12.355 ns, Median = 12.360 ns, Q3 = 12.363 ns, Max = 12.364 ns
IQR = 0.008 ns, LowerFence = 12.343 ns, UpperFence = 12.376 ns
ConfidenceInterval = [12.324 ns; 12.395 ns] (CI 99.9%), Margin = 0.035 ns (0.29% of Mean)
Skewness = -0.07, Kurtosis = 0.67, MValue = 2

// ** Remained 26 (65.0%) benchmark(s) to run. Estimated finish 2026-09-20 10:19 (0h 1m from now) **
Setup power plan (GUID: 8c5e7fda-e8bf-4a96-9a85-a6e23a8c635c FriendlyName: High performance)
// **************************
// Benchmark: DeferredChunkReads.CompressedMisses: Job-ZNVNAZ(IterationCount=5, IterationTime=100ms, LaunchCount=1, WarmupCount=3) [PendingCount=20, Pattern=Terrain]
// *** Execute ***
// Launch: 1 / 1
// Execute: dotnet Tedd.Voxtree.Benchmark-Job-ZNVNAZ-1.dll --ipcPort 61189 --benchmarkName "Tedd.Voxtree.Benchmark.Tests.DeferredChunkReads.CompressedMisses(PendingCount: 20, Pattern: Terrain)" --job "IterationCount=5, IterationTime=100ms, LaunchCount=1, WarmupCount=3" --diagnoserRunMode 3 --benchmarkId 14 in C:\Users\tedd\.codex\worktrees\deferred-chunk-writes\Tedd.Voxtree\src\Tedd.Voxtree.Benchmark\bin\Release\net10.0\Tedd.Voxtree.Benchmark-Job-ZNVNAZ-1\bin\Release\net10.0
// BeforeAnythingElse

// Benchmark Process Environment Information:
// BenchmarkDotNet v0.16.0-preview.1
// Runtime=.NET 10.0.12 (10.0.12, 10.0.1226.42308), X64 RyuJIT x86-64-v3
// GC=Concurrent Workstation
// HardwareIntrinsics=AVX2+BMI1+BMI2+F16C+FMA+LZCNT+MOVBE,AVX,SSE3+SSSE3+SSE4.1+SSE4.2+POPCNT,X86Base+SSE+SSE2,AES+PCLMUL VectorSize=256
// Job: Job-ZNVNAZ(IterationCount=5, IterationTime=100ms, LaunchCount=1, WarmupCount=3)

WorkloadJitting  1: 256 op, 107900.00 ns, 421.4844 ns/op
WorkloadJitting  2: 7680 op, 2608100.00 ns, 339.5964 ns/op
WorkloadJitting  3: 7680 op, 1750500.00 ns, 227.9297 ns/op
WorkloadJitting  4: 7680 op, 154000.00 ns, 20.0521 ns/op
WorkloadJitting  5: 256 op, 11700.00 ns, 45.7031 ns/op

WorkloadPilot    1: 256 op, 10900.00 ns, 42.5781 ns/op

WorkloadPilot    1: 4096 op, 86900.00 ns, 21.2158 ns/op
WorkloadPilot    2: 4714496 op, 90190500.00 ns, 19.1305 ns/op
WorkloadPilot    3: 5230592 op, 99848800.00 ns, 19.0894 ns/op
WorkloadPilot    4: 5238784 op, 98720800.00 ns, 18.8442 ns/op
WorkloadPilot    5: 5308416 op, 101347300.00 ns, 19.0918 ns/op
WorkloadPilot    6: 5238784 op, 101203200.00 ns, 19.3181 ns/op
WorkloadPilot    7: 5177344 op, 99740900.00 ns, 19.2649 ns/op
WorkloadPilot    8: 5193728 op, 97270300.00 ns, 18.7284 ns/op
WorkloadPilot    9: 5341184 op, 103180200.00 ns, 19.3179 ns/op

WorkloadWarmup   1: 5341184 op, 102171900.00 ns, 19.1291 ns/op
WorkloadWarmup   2: 5341184 op, 101282400.00 ns, 18.9625 ns/op
WorkloadWarmup   3: 5341184 op, 104630300.00 ns, 19.5893 ns/op

// BeforeActualRun
WorkloadActual   1: 5341184 op, 101599700.00 ns, 19.0219 ns/op
WorkloadActual   2: 5341184 op, 110348700.00 ns, 20.6600 ns/op
WorkloadActual   3: 5341184 op, 103877200.00 ns, 19.4483 ns/op
WorkloadActual   4: 5341184 op, 100260900.00 ns, 18.7713 ns/op
WorkloadActual   5: 5341184 op, 103025700.00 ns, 19.2889 ns/op

// AfterActualRun
// BeforeExtraIteration
// AfterExtraIteration
WorkloadExtra    1: 5341184 op, 116012500.00 ns, 21.7204 ns/op
WorkloadResult   1: 5341184 op, 101599700.00 ns, 19.0219 ns/op
WorkloadResult   2: 5341184 op, 103877200.00 ns, 19.4483 ns/op
WorkloadResult   3: 5341184 op, 100260900.00 ns, 18.7713 ns/op
WorkloadResult   4: 5341184 op, 103025700.00 ns, 19.2889 ns/op
// GC:  0 0 0 0 5341184

// AfterAll
// Benchmark Process 357624 has exited with code 0.

Mean = 19.133 ns, StdErr = 0.149 ns (0.78%), N = 4, StdDev = 0.298 ns
Min = 18.771 ns, Q1 = 18.959 ns, Median = 19.155 ns, Q3 = 19.329 ns, Max = 19.448 ns
IQR = 0.370 ns, LowerFence = 18.405 ns, UpperFence = 19.883 ns
ConfidenceInterval = [17.205 ns; 21.060 ns] (CI 99.9%), Margin = 1.928 ns (10.07% of Mean)
Skewness = -0.12, Kurtosis = 0.88, MValue = 2

// ** Remained 25 (62.5%) benchmark(s) to run. Estimated finish 2026-09-20 10:19 (0h 1m from now) **
Setup power plan (GUID: 8c5e7fda-e8bf-4a96-9a85-a6e23a8c635c FriendlyName: High performance)
// **************************
// Benchmark: DeferredChunkReads.DeferredMisses: Job-ZNVNAZ(IterationCount=5, IterationTime=100ms, LaunchCount=1, WarmupCount=3) [PendingCount=20, Pattern=Terrain]
// *** Execute ***
// Launch: 1 / 1
// Execute: dotnet Tedd.Voxtree.Benchmark-Job-ZNVNAZ-1.dll --ipcPort 64809 --benchmarkName "Tedd.Voxtree.Benchmark.Tests.DeferredChunkReads.DeferredMisses(PendingCount: 20, Pattern: Terrain)" --job "IterationCount=5, IterationTime=100ms, LaunchCount=1, WarmupCount=3" --diagnoserRunMode 3 --benchmarkId 15 in C:\Users\tedd\.codex\worktrees\deferred-chunk-writes\Tedd.Voxtree\src\Tedd.Voxtree.Benchmark\bin\Release\net10.0\Tedd.Voxtree.Benchmark-Job-ZNVNAZ-1\bin\Release\net10.0
// BeforeAnythingElse

// Benchmark Process Environment Information:
// BenchmarkDotNet v0.16.0-preview.1
// Runtime=.NET 10.0.12 (10.0.12, 10.0.1226.42308), X64 RyuJIT x86-64-v3
// GC=Concurrent Workstation
// HardwareIntrinsics=AVX2+BMI1+BMI2+F16C+FMA+LZCNT+MOVBE,AVX,SSE3+SSSE3+SSE4.1+SSE4.2+POPCNT,X86Base+SSE+SSE2,AES+PCLMUL VectorSize=256
// Job: Job-ZNVNAZ(IterationCount=5, IterationTime=100ms, LaunchCount=1, WarmupCount=3)

WorkloadJitting  1: 256 op, 136300.00 ns, 532.4219 ns/op
WorkloadJitting  2: 7680 op, 3381800.00 ns, 440.3385 ns/op
WorkloadJitting  3: 7680 op, 2340800.00 ns, 304.7917 ns/op
WorkloadJitting  4: 7680 op, 204500.00 ns, 26.6276 ns/op
WorkloadJitting  5: 256 op, 14200.00 ns, 55.4688 ns/op

WorkloadPilot    1: 256 op, 13200.00 ns, 51.5625 ns/op

WorkloadPilot    1: 4096 op, 115000.00 ns, 28.0762 ns/op
WorkloadPilot    2: 3563520 op, 93744700.00 ns, 26.3068 ns/op
WorkloadPilot    3: 3805184 op, 98052500.00 ns, 25.7681 ns/op
WorkloadPilot    4: 3883008 op, 101763300.00 ns, 26.2073 ns/op
WorkloadPilot    5: 3817472 op, 99662700.00 ns, 26.1070 ns/op
WorkloadPilot    6: 3833856 op, 100743500.00 ns, 26.2773 ns/op
WorkloadPilot    7: 3809280 op, 98542900.00 ns, 25.8692 ns/op
WorkloadPilot    8: 3866624 op, 100055100.00 ns, 25.8766 ns/op

WorkloadWarmup   1: 3866624 op, 101646900.00 ns, 26.2883 ns/op
WorkloadWarmup   2: 3866624 op, 101856400.00 ns, 26.3425 ns/op
WorkloadWarmup   3: 3866624 op, 100770900.00 ns, 26.0617 ns/op

// BeforeActualRun
WorkloadActual   1: 3866624 op, 102002900.00 ns, 26.3804 ns/op
WorkloadActual   2: 3866624 op, 101758100.00 ns, 26.3170 ns/op
WorkloadActual   3: 3866624 op, 100986900.00 ns, 26.1176 ns/op
WorkloadActual   4: 3866624 op, 101974800.00 ns, 26.3731 ns/op
WorkloadActual   5: 3866624 op, 100912100.00 ns, 26.0982 ns/op

// AfterActualRun
// BeforeExtraIteration
// AfterExtraIteration
WorkloadExtra    1: 3866624 op, 102102700.00 ns, 26.4062 ns/op
WorkloadResult   1: 3866624 op, 102002900.00 ns, 26.3804 ns/op
WorkloadResult   2: 3866624 op, 101758100.00 ns, 26.3170 ns/op
WorkloadResult   3: 3866624 op, 100986900.00 ns, 26.1176 ns/op
WorkloadResult   4: 3866624 op, 101974800.00 ns, 26.3731 ns/op
WorkloadResult   5: 3866624 op, 100912100.00 ns, 26.0982 ns/op
// GC:  0 0 0 0 3866624

// AfterAll
// Benchmark Process 225328 has exited with code 0.

Mean = 26.257 ns, StdErr = 0.062 ns (0.24%), N = 5, StdDev = 0.139 ns
Min = 26.098 ns, Q1 = 26.118 ns, Median = 26.317 ns, Q3 = 26.373 ns, Max = 26.380 ns
IQR = 0.255 ns, LowerFence = 25.734 ns, UpperFence = 26.756 ns
ConfidenceInterval = [25.723 ns; 26.791 ns] (CI 99.9%), Margin = 0.534 ns (2.03% of Mean)
Skewness = -0.23, Kurtosis = 0.78, MValue = 2

// ** Remained 24 (60.0%) benchmark(s) to run. Estimated finish 2026-09-20 10:19 (0h 1m from now) **
Successfully reverted power plan (GUID: 8c5e7fda-e8bf-4a96-9a85-a6e23a8c635c FriendlyName: High performance)
// ***** BenchmarkRunner: Finish  *****

// * Export *
  src\Tedd.Voxtree.Benchmark\Results\2026-09-20-deferred-writes\chunks-screen\results\Tedd.Voxtree.Benchmark.Tests.DeferredChunkReads-report.csv
  src\Tedd.Voxtree.Benchmark\Results\2026-09-20-deferred-writes\chunks-screen\results\Tedd.Voxtree.Benchmark.Tests.DeferredChunkReads-report-github.md
  src\Tedd.Voxtree.Benchmark\Results\2026-09-20-deferred-writes\chunks-screen\results\Tedd.Voxtree.Benchmark.Tests.DeferredChunkReads-report.html

// * Detailed results *
DeferredChunkReads.HotHits: Job-ZNVNAZ(IterationCount=5, IterationTime=100ms, LaunchCount=1, WarmupCount=3) [PendingCount=1, Pattern=Uniform]
Runtime = .NET 10.0.12 (10.0.12, 10.0.1226.42308), X64 RyuJIT x86-64-v3; GC = Concurrent Workstation
Mean = 4.530 ns, StdErr = 0.016 ns (0.36%), N = 5, StdDev = 0.037 ns
Min = 4.502 ns, Q1 = 4.503 ns, Median = 4.506 ns, Q3 = 4.564 ns, Max = 4.577 ns
IQR = 0.061 ns, LowerFence = 4.412 ns, UpperFence = 4.655 ns
ConfidenceInterval = [4.389 ns; 4.672 ns] (CI 99.9%), Margin = 0.142 ns (3.12% of Mean)
Skewness = 0.32, Kurtosis = 0.81, MValue = 2
-------------------- Histogram --------------------
[4.474 ns ; 4.605 ns) | @@@@@
---------------------------------------------------

DeferredChunkReads.DeferredHits: Job-ZNVNAZ(IterationCount=5, IterationTime=100ms, LaunchCount=1, WarmupCount=3) [PendingCount=1, Pattern=Uniform]
Runtime = .NET 10.0.12 (10.0.12, 10.0.1226.42308), X64 RyuJIT x86-64-v3; GC = Concurrent Workstation
Mean = 5.530 ns, StdErr = 0.018 ns (0.33%), N = 5, StdDev = 0.040 ns
Min = 5.460 ns, Q1 = 5.540 ns, Median = 5.543 ns, Q3 = 5.549 ns, Max = 5.560 ns
IQR = 0.009 ns, LowerFence = 5.527 ns, UpperFence = 5.561 ns
ConfidenceInterval = [5.375 ns; 5.686 ns] (CI 99.9%), Margin = 0.155 ns (2.81% of Mean)
Skewness = -0.97, Kurtosis = 1.97, MValue = 2
-------------------- Histogram --------------------
[5.429 ns ; 5.591 ns) | @@@@@
---------------------------------------------------

DeferredChunkReads.HotHits: Job-ZNVNAZ(IterationCount=5, IterationTime=100ms, LaunchCount=1, WarmupCount=3) [PendingCount=1, Pattern=Terrain]
Runtime = .NET 10.0.12 (10.0.12, 10.0.1226.42308), X64 RyuJIT x86-64-v3; GC = Concurrent Workstation
Mean = 4.554 ns, StdErr = 0.003 ns (0.06%), N = 4, StdDev = 0.005 ns
Min = 4.550 ns, Q1 = 4.551 ns, Median = 4.552 ns, Q3 = 4.554 ns, Max = 4.561 ns
IQR = 0.003 ns, LowerFence = 4.546 ns, UpperFence = 4.559 ns
ConfidenceInterval = [4.521 ns; 4.587 ns] (CI 99.9%), Margin = 0.033 ns (0.72% of Mean)
Skewness = 0.7, Kurtosis = 1.28, MValue = 2
-------------------- Histogram --------------------
[4.546 ns ; 4.566 ns) | @@@@
---------------------------------------------------

DeferredChunkReads.DeferredHits: Job-ZNVNAZ(IterationCount=5, IterationTime=100ms, LaunchCount=1, WarmupCount=3) [PendingCount=1, Pattern=Terrain]
Runtime = .NET 10.0.12 (10.0.12, 10.0.1226.42308), X64 RyuJIT x86-64-v3; GC = Concurrent Workstation
Mean = 5.520 ns, StdErr = 0.014 ns (0.26%), N = 4, StdDev = 0.029 ns
Min = 5.492 ns, Q1 = 5.496 ns, Median = 5.520 ns, Q3 = 5.544 ns, Max = 5.547 ns
IQR = 0.048 ns, LowerFence = 5.425 ns, UpperFence = 5.615 ns
ConfidenceInterval = [5.332 ns; 5.707 ns] (CI 99.9%), Margin = 0.187 ns (3.39% of Mean)
Skewness = -0.01, Kurtosis = 0.58, MValue = 2
-------------------- Histogram --------------------
[5.468 ns ; 5.571 ns) | @@@@
---------------------------------------------------

DeferredChunkReads.HotHits: Job-ZNVNAZ(IterationCount=5, IterationTime=100ms, LaunchCount=1, WarmupCount=3) [PendingCount=20, Pattern=Uniform]
Runtime = .NET 10.0.12 (10.0.12, 10.0.1226.42308), X64 RyuJIT x86-64-v3; GC = Concurrent Workstation
Mean = 4.512 ns, StdErr = 0.002 ns (0.04%), N = 4, StdDev = 0.004 ns
Min = 4.507 ns, Q1 = 4.510 ns, Median = 4.512 ns, Q3 = 4.513 ns, Max = 4.516 ns
IQR = 0.003 ns, LowerFence = 4.506 ns, UpperFence = 4.517 ns
ConfidenceInterval = [4.486 ns; 4.537 ns] (CI 99.9%), Margin = 0.026 ns (0.57% of Mean)
Skewness = -0.06, Kurtosis = 1.12, MValue = 2
-------------------- Histogram --------------------
[4.503 ns ; 4.520 ns) | @@@@
---------------------------------------------------

DeferredChunkReads.DeferredHits: Job-ZNVNAZ(IterationCount=5, IterationTime=100ms, LaunchCount=1, WarmupCount=3) [PendingCount=20, Pattern=Uniform]
Runtime = .NET 10.0.12 (10.0.12, 10.0.1226.42308), X64 RyuJIT x86-64-v3; GC = Concurrent Workstation
Mean = 6.417 ns, StdErr = 0.017 ns (0.26%), N = 5, StdDev = 0.037 ns
Min = 6.352 ns, Q1 = 6.423 ns, Median = 6.430 ns, Q3 = 6.438 ns, Max = 6.441 ns
IQR = 0.015 ns, LowerFence = 6.402 ns, UpperFence = 6.460 ns
ConfidenceInterval = [6.274 ns; 6.559 ns] (CI 99.9%), Margin = 0.143 ns (2.22% of Mean)
Skewness = -0.99, Kurtosis = 1.97, MValue = 2
-------------------- Histogram --------------------
[6.323 ns ; 6.469 ns) | @@@@@
---------------------------------------------------

DeferredChunkReads.HotHits: Job-ZNVNAZ(IterationCount=5, IterationTime=100ms, LaunchCount=1, WarmupCount=3) [PendingCount=20, Pattern=Terrain]
Runtime = .NET 10.0.12 (10.0.12, 10.0.1226.42308), X64 RyuJIT x86-64-v3; GC = Concurrent Workstation
Mean = 4.537 ns, StdErr = 0.013 ns (0.29%), N = 5, StdDev = 0.029 ns
Min = 4.503 ns, Q1 = 4.506 ns, Median = 4.555 ns, Q3 = 4.558 ns, Max = 4.561 ns
IQR = 0.052 ns, LowerFence = 4.428 ns, UpperFence = 4.636 ns
ConfidenceInterval = [4.424 ns; 4.649 ns] (CI 99.9%), Margin = 0.113 ns (2.48% of Mean)
Skewness = -0.29, Kurtosis = 0.76, MValue = 2
-------------------- Histogram --------------------
[4.481 ns ; 4.583 ns) | @@@@@
---------------------------------------------------

DeferredChunkReads.DeferredHits: Job-ZNVNAZ(IterationCount=5, IterationTime=100ms, LaunchCount=1, WarmupCount=3) [PendingCount=20, Pattern=Terrain]
Runtime = .NET 10.0.12 (10.0.12, 10.0.1226.42308), X64 RyuJIT x86-64-v3; GC = Concurrent Workstation
Mean = 6.400 ns, StdErr = 0.007 ns (0.11%), N = 4, StdDev = 0.014 ns
Min = 6.382 ns, Q1 = 6.394 ns, Median = 6.401 ns, Q3 = 6.408 ns, Max = 6.416 ns
IQR = 0.014 ns, LowerFence = 6.373 ns, UpperFence = 6.428 ns
ConfidenceInterval = [6.307 ns; 6.493 ns] (CI 99.9%), Margin = 0.093 ns (1.45% of Mean)
Skewness = -0.18, Kurtosis = 1.05, MValue = 2
-------------------- Histogram --------------------
[6.370 ns ; 6.428 ns) | @@@@
---------------------------------------------------

DeferredChunkReads.CompressedMisses: Job-ZNVNAZ(IterationCount=5, IterationTime=100ms, LaunchCount=1, WarmupCount=3) [PendingCount=1, Pattern=Uniform]
Runtime = .NET 10.0.12 (10.0.12, 10.0.1226.42308), X64 RyuJIT x86-64-v3; GC = Concurrent Workstation
Mean = 4.566 ns, StdErr = 0.003 ns (0.07%), N = 4, StdDev = 0.006 ns
Min = 4.559 ns, Q1 = 4.562 ns, Median = 4.566 ns, Q3 = 4.569 ns, Max = 4.572 ns
IQR = 0.007 ns, LowerFence = 4.552 ns, UpperFence = 4.580 ns
ConfidenceInterval = [4.527 ns; 4.604 ns] (CI 99.9%), Margin = 0.039 ns (0.84% of Mean)
Skewness = -0.1, Kurtosis = 0.91, MValue = 2
-------------------- Histogram --------------------
[4.554 ns ; 4.577 ns) | @@@@
---------------------------------------------------

DeferredChunkReads.DeferredMisses: Job-ZNVNAZ(IterationCount=5, IterationTime=100ms, LaunchCount=1, WarmupCount=3) [PendingCount=1, Pattern=Uniform]
Runtime = .NET 10.0.12 (10.0.12, 10.0.1226.42308), X64 RyuJIT x86-64-v3; GC = Concurrent Workstation
Mean = 12.054 ns, StdErr = 0.001 ns (0.01%), N = 4, StdDev = 0.002 ns
Min = 12.051 ns, Q1 = 12.052 ns, Median = 12.054 ns, Q3 = 12.055 ns, Max = 12.056 ns
IQR = 0.003 ns, LowerFence = 12.048 ns, UpperFence = 12.060 ns
ConfidenceInterval = [12.039 ns; 12.068 ns] (CI 99.9%), Margin = 0.015 ns (0.12% of Mean)
Skewness = 0.03, Kurtosis = 0.83, MValue = 2
-------------------- Histogram --------------------
[12.049 ns ; 12.058 ns) | @@@@
---------------------------------------------------

DeferredChunkReads.CompressedMisses: Job-ZNVNAZ(IterationCount=5, IterationTime=100ms, LaunchCount=1, WarmupCount=3) [PendingCount=1, Pattern=Terrain]
Runtime = .NET 10.0.12 (10.0.12, 10.0.1226.42308), X64 RyuJIT x86-64-v3; GC = Concurrent Workstation
Mean = 18.314 ns, StdErr = 0.034 ns (0.19%), N = 4, StdDev = 0.069 ns
Min = 18.212 ns, Q1 = 18.307 ns, Median = 18.341 ns, Q3 = 18.348 ns, Max = 18.362 ns
IQR = 0.041 ns, LowerFence = 18.246 ns, UpperFence = 18.409 ns
ConfidenceInterval = [17.871 ns; 18.758 ns] (CI 99.9%), Margin = 0.444 ns (2.42% of Mean)
Skewness = -0.7, Kurtosis = 1.28, MValue = 2
-------------------- Histogram --------------------
[18.155 ns ; 18.419 ns) | @@@@
---------------------------------------------------

DeferredChunkReads.DeferredMisses: Job-ZNVNAZ(IterationCount=5, IterationTime=100ms, LaunchCount=1, WarmupCount=3) [PendingCount=1, Pattern=Terrain]
Runtime = .NET 10.0.12 (10.0.12, 10.0.1226.42308), X64 RyuJIT x86-64-v3; GC = Concurrent Workstation
Mean = 25.361 ns, StdErr = 0.037 ns (0.15%), N = 4, StdDev = 0.075 ns
Min = 25.249 ns, Q1 = 25.353 ns, Median = 25.393 ns, Q3 = 25.401 ns, Max = 25.408 ns
IQR = 0.048 ns, LowerFence = 25.281 ns, UpperFence = 25.474 ns
ConfidenceInterval = [24.877 ns; 25.845 ns] (CI 99.9%), Margin = 0.484 ns (1.91% of Mean)
Skewness = -0.72, Kurtosis = 1.29, MValue = 2
-------------------- Histogram --------------------
[25.187 ns ; 25.470 ns) | @@@@
---------------------------------------------------

DeferredChunkReads.CompressedMisses: Job-ZNVNAZ(IterationCount=5, IterationTime=100ms, LaunchCount=1, WarmupCount=3) [PendingCount=20, Pattern=Uniform]
Runtime = .NET 10.0.12 (10.0.12, 10.0.1226.42308), X64 RyuJIT x86-64-v3; GC = Concurrent Workstation
Mean = 4.505 ns, StdErr = 0.003 ns (0.06%), N = 4, StdDev = 0.006 ns
Min = 4.499 ns, Q1 = 4.502 ns, Median = 4.504 ns, Q3 = 4.507 ns, Max = 4.513 ns
IQR = 0.005 ns, LowerFence = 4.494 ns, UpperFence = 4.515 ns
ConfidenceInterval = [4.469 ns; 4.541 ns] (CI 99.9%), Margin = 0.036 ns (0.80% of Mean)
Skewness = 0.31, Kurtosis = 1.1, MValue = 2
-------------------- Histogram --------------------
[4.495 ns ; 4.517 ns) | @@@@
---------------------------------------------------

DeferredChunkReads.DeferredMisses: Job-ZNVNAZ(IterationCount=5, IterationTime=100ms, LaunchCount=1, WarmupCount=3) [PendingCount=20, Pattern=Uniform]
Runtime = .NET 10.0.12 (10.0.12, 10.0.1226.42308), X64 RyuJIT x86-64-v3; GC = Concurrent Workstation
Mean = 12.359 ns, StdErr = 0.003 ns (0.02%), N = 4, StdDev = 0.005 ns
Min = 12.353 ns, Q1 = 12.355 ns, Median = 12.360 ns, Q3 = 12.363 ns, Max = 12.364 ns
IQR = 0.008 ns, LowerFence = 12.343 ns, UpperFence = 12.376 ns
ConfidenceInterval = [12.324 ns; 12.395 ns] (CI 99.9%), Margin = 0.035 ns (0.29% of Mean)
Skewness = -0.07, Kurtosis = 0.67, MValue = 2
-------------------- Histogram --------------------
[12.349 ns ; 12.369 ns) | @@@@
---------------------------------------------------

DeferredChunkReads.CompressedMisses: Job-ZNVNAZ(IterationCount=5, IterationTime=100ms, LaunchCount=1, WarmupCount=3) [PendingCount=20, Pattern=Terrain]
Runtime = .NET 10.0.12 (10.0.12, 10.0.1226.42308), X64 RyuJIT x86-64-v3; GC = Concurrent Workstation
Mean = 19.133 ns, StdErr = 0.149 ns (0.78%), N = 4, StdDev = 0.298 ns
Min = 18.771 ns, Q1 = 18.959 ns, Median = 19.155 ns, Q3 = 19.329 ns, Max = 19.448 ns
IQR = 0.370 ns, LowerFence = 18.405 ns, UpperFence = 19.883 ns
ConfidenceInterval = [17.205 ns; 21.060 ns] (CI 99.9%), Margin = 1.928 ns (10.07% of Mean)
Skewness = -0.12, Kurtosis = 0.88, MValue = 2
-------------------- Histogram --------------------
[18.525 ns ; 18.988 ns) | @
[18.988 ns ; 19.482 ns) | @@@
---------------------------------------------------

DeferredChunkReads.DeferredMisses: Job-ZNVNAZ(IterationCount=5, IterationTime=100ms, LaunchCount=1, WarmupCount=3) [PendingCount=20, Pattern=Terrain]
Runtime = .NET 10.0.12 (10.0.12, 10.0.1226.42308), X64 RyuJIT x86-64-v3; GC = Concurrent Workstation
Mean = 26.257 ns, StdErr = 0.062 ns (0.24%), N = 5, StdDev = 0.139 ns
Min = 26.098 ns, Q1 = 26.118 ns, Median = 26.317 ns, Q3 = 26.373 ns, Max = 26.380 ns
IQR = 0.255 ns, LowerFence = 25.734 ns, UpperFence = 26.756 ns
ConfidenceInterval = [25.723 ns; 26.791 ns] (CI 99.9%), Margin = 0.534 ns (2.03% of Mean)
Skewness = -0.23, Kurtosis = 0.78, MValue = 2
-------------------- Histogram --------------------
[25.992 ns ; 26.487 ns) | @@@@@
---------------------------------------------------

// * Summary *

BenchmarkDotNet v0.16.0-preview.1, Windows 11 (10.0.26200.9457/25H2/2025Update/HudsonValley2)
AMD Ryzen 9 5950X 3.40GHz, 1 CPU, 32 logical and 16 physical cores
Memory: 127.91 GB Total, 98.27 GB Available
.NET SDK 11.0.100-preview.7.26381.103
  [Host]     : .NET 10.0.12 (10.0.12, 10.0.1226.42308), X64 RyuJIT x86-64-v3
  Job-ZNVNAZ : .NET 10.0.12 (10.0.12, 10.0.1226.42308), X64 RyuJIT x86-64-v3

IterationCount=5  IterationTime=100ms  LaunchCount=1  
WarmupCount=3  

| Method           | Categories | PendingCount | Pattern | Mean      | Error     | StdDev    | Ratio | RatioSD | Allocated | Alloc Ratio |
|----------------- |----------- |------------- |-------- |----------:|----------:|----------:|------:|--------:|----------:|------------:|
| HotHits          | Hit        | 1            | Uniform |  4.530 ns | 0.1415 ns | 0.0367 ns |  1.00 |    0.00 |         - |          NA |
| DeferredHits     | Hit        | 1            | Uniform |  5.530 ns | 0.1552 ns | 0.0403 ns |  1.22 |    0.01 |         - |          NA |
|                  |            |              |         |           |           |           |       |         |           |             |
| HotHits          | Hit        | 1            | Terrain |  4.554 ns | 0.0328 ns | 0.0051 ns |  1.00 |    0.00 |         - |          NA |
| DeferredHits     | Hit        | 1            | Terrain |  5.520 ns | 0.1874 ns | 0.0290 ns |  1.21 |    0.01 |         - |          NA |
|                  |            |              |         |           |           |           |       |         |           |             |
| HotHits          | Hit        | 20           | Uniform |  4.512 ns | 0.0258 ns | 0.0040 ns |  1.00 |    0.00 |         - |          NA |
| DeferredHits     | Hit        | 20           | Uniform |  6.417 ns | 0.1427 ns | 0.0371 ns |  1.42 |    0.01 |         - |          NA |
|                  |            |              |         |           |           |           |       |         |           |             |
| HotHits          | Hit        | 20           | Terrain |  4.537 ns | 0.1126 ns | 0.0292 ns |  1.00 |    0.00 |         - |          NA |
| DeferredHits     | Hit        | 20           | Terrain |  6.400 ns | 0.0927 ns | 0.0144 ns |  1.41 |    0.01 |         - |          NA |
|                  |            |              |         |           |           |           |       |         |           |             |
| CompressedMisses | Miss       | 1            | Uniform |  4.566 ns | 0.0385 ns | 0.0060 ns |  1.00 |    0.00 |         - |          NA |
| DeferredMisses   | Miss       | 1            | Uniform | 12.054 ns | 0.0148 ns | 0.0023 ns |  2.64 |    0.00 |         - |          NA |
|                  |            |              |         |           |           |           |       |         |           |             |
| CompressedMisses | Miss       | 1            | Terrain | 18.314 ns | 0.4435 ns | 0.0686 ns |  1.00 |    0.00 |         - |          NA |
| DeferredMisses   | Miss       | 1            | Terrain | 25.361 ns | 0.4843 ns | 0.0749 ns |  1.38 |    0.01 |         - |          NA |
|                  |            |              |         |           |           |           |       |         |           |             |
| CompressedMisses | Miss       | 20           | Uniform |  4.505 ns | 0.0362 ns | 0.0056 ns |  1.00 |    0.00 |         - |          NA |
| DeferredMisses   | Miss       | 20           | Uniform | 12.359 ns | 0.0354 ns | 0.0055 ns |  2.74 |    0.00 |         - |          NA |
|                  |            |              |         |           |           |           |       |         |           |             |
| CompressedMisses | Miss       | 20           | Terrain | 19.133 ns | 1.9275 ns | 0.2983 ns |  1.00 |    0.00 |         - |          NA |
| DeferredMisses   | Miss       | 20           | Terrain | 26.257 ns | 0.5340 ns | 0.1387 ns |  1.37 |    0.02 |         - |          NA |

// * Warnings *
MinIterationTime
  DeferredChunkReads.HotHits: IterationCount=5, IterationTime=100ms, LaunchCount=1, WarmupCount=3          -> The minimum observed iteration time is 98.79ms which is very small. It's recommended to increase it to at least 100ms using more operations.
  DeferredChunkReads.DeferredHits: IterationCount=5, IterationTime=100ms, LaunchCount=1, WarmupCount=3     -> The minimum observed iteration time is 98.708ms which is very small. It's recommended to increase it to at least 100ms using more operations.
  DeferredChunkReads.DeferredHits: IterationCount=5, IterationTime=100ms, LaunchCount=1, WarmupCount=3     -> The minimum observed iteration time is 99.248ms which is very small. It's recommended to increase it to at least 100ms using more operations.
  DeferredChunkReads.DeferredHits: IterationCount=5, IterationTime=100ms, LaunchCount=1, WarmupCount=3     -> The minimum observed iteration time is 98.81ms which is very small. It's recommended to increase it to at least 100ms using more operations.
  DeferredChunkReads.DeferredHits: IterationCount=5, IterationTime=100ms, LaunchCount=1, WarmupCount=3     -> The minimum observed iteration time is 99.408ms which is very small. It's recommended to increase it to at least 100ms using more operations.
  DeferredChunkReads.DeferredMisses: IterationCount=5, IterationTime=100ms, LaunchCount=1, WarmupCount=3   -> The minimum observed iteration time is 99.957ms which is very small. It's recommended to increase it to at least 100ms using more operations.
  DeferredChunkReads.CompressedMisses: IterationCount=5, IterationTime=100ms, LaunchCount=1, WarmupCount=3 -> The minimum observed iteration time is 99.289ms which is very small. It's recommended to increase it to at least 100ms using more operations.
  DeferredChunkReads.CompressedMisses: IterationCount=5, IterationTime=100ms, LaunchCount=1, WarmupCount=3 -> The minimum observed iteration time is 99.958ms which is very small. It's recommended to increase it to at least 100ms using more operations.

// * Hints *
Outliers
  DeferredChunkReads.DeferredHits: IterationCount=5, IterationTime=100ms, LaunchCount=1, WarmupCount=3     -> 1 outlier  was  detected (5.46 ns)
  DeferredChunkReads.HotHits: IterationCount=5, IterationTime=100ms, LaunchCount=1, WarmupCount=3          -> 1 outlier  was  removed (4.65 ns)
  DeferredChunkReads.DeferredHits: IterationCount=5, IterationTime=100ms, LaunchCount=1, WarmupCount=3     -> 1 outlier  was  removed (5.66 ns)
  DeferredChunkReads.HotHits: IterationCount=5, IterationTime=100ms, LaunchCount=1, WarmupCount=3          -> 1 outlier  was  removed (4.57 ns)
  DeferredChunkReads.DeferredHits: IterationCount=5, IterationTime=100ms, LaunchCount=1, WarmupCount=3     -> 1 outlier  was  detected (6.35 ns)
  DeferredChunkReads.DeferredHits: IterationCount=5, IterationTime=100ms, LaunchCount=1, WarmupCount=3     -> 1 outlier  was  removed (6.53 ns)
  DeferredChunkReads.CompressedMisses: IterationCount=5, IterationTime=100ms, LaunchCount=1, WarmupCount=3 -> 1 outlier  was  removed (4.69 ns)
  DeferredChunkReads.DeferredMisses: IterationCount=5, IterationTime=100ms, LaunchCount=1, WarmupCount=3   -> 1 outlier  was  removed (12.07 ns)
  DeferredChunkReads.CompressedMisses: IterationCount=5, IterationTime=100ms, LaunchCount=1, WarmupCount=3 -> 1 outlier  was  removed, 2 outliers were detected (18.21 ns, 18.52 ns)
  DeferredChunkReads.DeferredMisses: IterationCount=5, IterationTime=100ms, LaunchCount=1, WarmupCount=3   -> 1 outlier  was  removed, 2 outliers were detected (25.25 ns, 25.74 ns)
  DeferredChunkReads.CompressedMisses: IterationCount=5, IterationTime=100ms, LaunchCount=1, WarmupCount=3 -> 1 outlier  was  removed (4.79 ns)
  DeferredChunkReads.DeferredMisses: IterationCount=5, IterationTime=100ms, LaunchCount=1, WarmupCount=3   -> 1 outlier  was  removed (12.55 ns)
  DeferredChunkReads.CompressedMisses: IterationCount=5, IterationTime=100ms, LaunchCount=1, WarmupCount=3 -> 1 outlier  was  removed (20.66 ns)

// * Legends *
  Categories   : All categories of the corresponded method, class, and assembly
  PendingCount : Value of the 'PendingCount' parameter
  Pattern      : Value of the 'Pattern' parameter
  Mean         : Arithmetic mean of all measurements
  Error        : Half of 99.9% confidence interval
  StdDev       : Standard deviation of all measurements
  Ratio        : Mean of the ratio distribution ([Current]/[Baseline])
  RatioSD      : Standard deviation of the ratio distribution ([Current]/[Baseline])
  Allocated    : Allocated memory per single operation (managed only, inclusive, 1KB = 1024B)
  Alloc Ratio  : Allocated memory ratio distribution ([Current]/[Baseline])
  1 ns         : 1 Nanosecond (0.000000001 sec)

// * Diagnostic Output - MemoryDiagnoser *


// ***** BenchmarkRunner: End *****
Run time: 00:00:50 (50.81 sec), executed benchmarks: 16

// Found 24 benchmarks:
//   DeferredChunkWrites.MarkHotEdits: Job-ZNVNAZ(IterationCount=5, IterationTime=100ms, LaunchCount=1, WarmupCount=3) [WriteCount=1, Pattern=Uniform]
//   DeferredChunkWrites.DeferredEdits: Job-ZNVNAZ(IterationCount=5, IterationTime=100ms, LaunchCount=1, WarmupCount=3) [WriteCount=1, Pattern=Uniform]
//   DeferredChunkWrites.MarkHotEdits: Job-ZNVNAZ(IterationCount=5, IterationTime=100ms, LaunchCount=1, WarmupCount=3) [WriteCount=1, Pattern=Terrain]
//   DeferredChunkWrites.DeferredEdits: Job-ZNVNAZ(IterationCount=5, IterationTime=100ms, LaunchCount=1, WarmupCount=3) [WriteCount=1, Pattern=Terrain]
//   DeferredChunkWrites.MarkHotEdits: Job-ZNVNAZ(IterationCount=5, IterationTime=100ms, LaunchCount=1, WarmupCount=3) [WriteCount=5, Pattern=Uniform]
//   DeferredChunkWrites.DeferredEdits: Job-ZNVNAZ(IterationCount=5, IterationTime=100ms, LaunchCount=1, WarmupCount=3) [WriteCount=5, Pattern=Uniform]
//   DeferredChunkWrites.MarkHotEdits: Job-ZNVNAZ(IterationCount=5, IterationTime=100ms, LaunchCount=1, WarmupCount=3) [WriteCount=5, Pattern=Terrain]
//   DeferredChunkWrites.DeferredEdits: Job-ZNVNAZ(IterationCount=5, IterationTime=100ms, LaunchCount=1, WarmupCount=3) [WriteCount=5, Pattern=Terrain]
//   DeferredChunkWrites.MarkHotEdits: Job-ZNVNAZ(IterationCount=5, IterationTime=100ms, LaunchCount=1, WarmupCount=3) [WriteCount=20, Pattern=Uniform]
//   DeferredChunkWrites.DeferredEdits: Job-ZNVNAZ(IterationCount=5, IterationTime=100ms, LaunchCount=1, WarmupCount=3) [WriteCount=20, Pattern=Uniform]
//   DeferredChunkWrites.MarkHotEdits: Job-ZNVNAZ(IterationCount=5, IterationTime=100ms, LaunchCount=1, WarmupCount=3) [WriteCount=20, Pattern=Terrain]
//   DeferredChunkWrites.DeferredEdits: Job-ZNVNAZ(IterationCount=5, IterationTime=100ms, LaunchCount=1, WarmupCount=3) [WriteCount=20, Pattern=Terrain]
//   DeferredChunkWrites.MarkHotAndCommit: Job-ZNVNAZ(IterationCount=5, IterationTime=100ms, LaunchCount=1, WarmupCount=3) [WriteCount=1, Pattern=Uniform]
//   DeferredChunkWrites.DeferredAndRepackage: Job-ZNVNAZ(IterationCount=5, IterationTime=100ms, LaunchCount=1, WarmupCount=3) [WriteCount=1, Pattern=Uniform]
//   DeferredChunkWrites.MarkHotAndCommit: Job-ZNVNAZ(IterationCount=5, IterationTime=100ms, LaunchCount=1, WarmupCount=3) [WriteCount=1, Pattern=Terrain]
//   DeferredChunkWrites.DeferredAndRepackage: Job-ZNVNAZ(IterationCount=5, IterationTime=100ms, LaunchCount=1, WarmupCount=3) [WriteCount=1, Pattern=Terrain]
//   DeferredChunkWrites.MarkHotAndCommit: Job-ZNVNAZ(IterationCount=5, IterationTime=100ms, LaunchCount=1, WarmupCount=3) [WriteCount=5, Pattern=Uniform]
//   DeferredChunkWrites.DeferredAndRepackage: Job-ZNVNAZ(IterationCount=5, IterationTime=100ms, LaunchCount=1, WarmupCount=3) [WriteCount=5, Pattern=Uniform]
//   DeferredChunkWrites.MarkHotAndCommit: Job-ZNVNAZ(IterationCount=5, IterationTime=100ms, LaunchCount=1, WarmupCount=3) [WriteCount=5, Pattern=Terrain]
//   DeferredChunkWrites.DeferredAndRepackage: Job-ZNVNAZ(IterationCount=5, IterationTime=100ms, LaunchCount=1, WarmupCount=3) [WriteCount=5, Pattern=Terrain]
//   DeferredChunkWrites.MarkHotAndCommit: Job-ZNVNAZ(IterationCount=5, IterationTime=100ms, LaunchCount=1, WarmupCount=3) [WriteCount=20, Pattern=Uniform]
//   DeferredChunkWrites.DeferredAndRepackage: Job-ZNVNAZ(IterationCount=5, IterationTime=100ms, LaunchCount=1, WarmupCount=3) [WriteCount=20, Pattern=Uniform]
//   DeferredChunkWrites.MarkHotAndCommit: Job-ZNVNAZ(IterationCount=5, IterationTime=100ms, LaunchCount=1, WarmupCount=3) [WriteCount=20, Pattern=Terrain]
//   DeferredChunkWrites.DeferredAndRepackage: Job-ZNVNAZ(IterationCount=5, IterationTime=100ms, LaunchCount=1, WarmupCount=3) [WriteCount=20, Pattern=Terrain]

Setup power plan (GUID: 8c5e7fda-e8bf-4a96-9a85-a6e23a8c635c FriendlyName: High performance)
// **************************
// Benchmark: DeferredChunkWrites.MarkHotEdits: Job-ZNVNAZ(IterationCount=5, IterationTime=100ms, LaunchCount=1, WarmupCount=3) [WriteCount=1, Pattern=Uniform]
// *** Execute ***
// Launch: 1 / 1
// Execute: dotnet Tedd.Voxtree.Benchmark-Job-ZNVNAZ-1.dll --ipcPort 64811 --benchmarkName "Tedd.Voxtree.Benchmark.Tests.DeferredChunkWrites.MarkHotEdits(WriteCount: 1, Pattern: Uniform)" --job "IterationCount=5, IterationTime=100ms, LaunchCount=1, WarmupCount=3" --diagnoserRunMode 3 --benchmarkId 16 in C:\Users\tedd\.codex\worktrees\deferred-chunk-writes\Tedd.Voxtree\src\Tedd.Voxtree.Benchmark\bin\Release\net10.0\Tedd.Voxtree.Benchmark-Job-ZNVNAZ-1\bin\Release\net10.0
// BeforeAnythingElse

// Benchmark Process Environment Information:
// BenchmarkDotNet v0.16.0-preview.1
// Runtime=.NET 10.0.12 (10.0.12, 10.0.1226.42308), X64 RyuJIT x86-64-v3
// GC=Concurrent Workstation
// HardwareIntrinsics=AVX2+BMI1+BMI2+F16C+FMA+LZCNT+MOVBE,AVX,SSE3+SSSE3+SSE4.1+SSE4.2+POPCNT,X86Base+SSE+SSE2,AES+PCLMUL VectorSize=256
// Job: Job-ZNVNAZ(IterationCount=5, IterationTime=100ms, LaunchCount=1, WarmupCount=3)

WorkloadJitting  1: 1 op, 92000.00 ns, 92.0000 us/op
WorkloadJitting  2: 30 op, 2976500.00 ns, 99.2167 us/op
WorkloadJitting  3: 30 op, 2328500.00 ns, 77.6167 us/op
WorkloadJitting  4: 30 op, 2419400.00 ns, 80.6467 us/op
WorkloadJitting  5: 1 op, 25300.00 ns, 25.3000 us/op

WorkloadPilot    1: 1 op, 20900.00 ns, 20.9000 us/op

WorkloadPilot    1: 16 op, 1209400.00 ns, 75.5875 us/op
WorkloadPilot    2: 1328 op, 101873400.00 ns, 76.7119 us/op
WorkloadPilot    3: 1312 op, 99049200.00 ns, 75.4948 us/op
WorkloadPilot    4: 1328 op, 101403300.00 ns, 76.3579 us/op
WorkloadPilot    5: 1312 op, 99792800.00 ns, 76.0616 us/op
WorkloadPilot    6: 1328 op, 106503800.00 ns, 80.1986 us/op

WorkloadWarmup   1: 1328 op, 105408500.00 ns, 79.3739 us/op
WorkloadWarmup   2: 1328 op, 101883100.00 ns, 76.7192 us/op
WorkloadWarmup   3: 1328 op, 102257900.00 ns, 77.0014 us/op

// BeforeActualRun
WorkloadActual   1: 1328 op, 103577800.00 ns, 77.9953 us/op
WorkloadActual   2: 1328 op, 101747900.00 ns, 76.6174 us/op
WorkloadActual   3: 1328 op, 103175500.00 ns, 77.6924 us/op
WorkloadActual   4: 1328 op, 101058500.00 ns, 76.0983 us/op
WorkloadActual   5: 1328 op, 104037700.00 ns, 78.3416 us/op

// AfterActualRun
// BeforeExtraIteration
// AfterExtraIteration
WorkloadExtra    1: 1328 op, 102366200.00 ns, 77.0830 us/op
WorkloadResult   1: 1328 op, 103577800.00 ns, 77.9953 us/op
WorkloadResult   2: 1328 op, 101747900.00 ns, 76.6174 us/op
WorkloadResult   3: 1328 op, 103175500.00 ns, 77.6924 us/op
WorkloadResult   4: 1328 op, 101058500.00 ns, 76.0983 us/op
WorkloadResult   5: 1328 op, 104037700.00 ns, 78.3416 us/op
// GC:  110 110 110 348412992 1328

// AfterAll
// Benchmark Process 120244 has exited with code 0.

Mean = 77.349 μs, StdErr = 0.425 μs (0.55%), N = 5, StdDev = 0.951 μs
Min = 76.098 μs, Q1 = 76.617 μs, Median = 77.692 μs, Q3 = 77.995 μs, Max = 78.342 μs
IQR = 1.378 μs, LowerFence = 74.550 μs, UpperFence = 80.062 μs
ConfidenceInterval = [73.686 μs; 81.012 μs] (CI 99.9%), Margin = 3.663 μs (4.74% of Mean)
Skewness = -0.25, Kurtosis = 0.95, MValue = 2

// ** Remained 23 (57.5%) benchmark(s) to run. Estimated finish 2026-09-20 10:19 (0h 1m from now) **
Setup power plan (GUID: 8c5e7fda-e8bf-4a96-9a85-a6e23a8c635c FriendlyName: High performance)
// **************************
// Benchmark: DeferredChunkWrites.DeferredEdits: Job-ZNVNAZ(IterationCount=5, IterationTime=100ms, LaunchCount=1, WarmupCount=3) [WriteCount=1, Pattern=Uniform]
// *** Execute ***
// Launch: 1 / 1
// Execute: dotnet Tedd.Voxtree.Benchmark-Job-ZNVNAZ-1.dll --ipcPort 55728 --benchmarkName "Tedd.Voxtree.Benchmark.Tests.DeferredChunkWrites.DeferredEdits(WriteCount: 1, Pattern: Uniform)" --job "IterationCount=5, IterationTime=100ms, LaunchCount=1, WarmupCount=3" --diagnoserRunMode 3 --benchmarkId 17 in C:\Users\tedd\.codex\worktrees\deferred-chunk-writes\Tedd.Voxtree\src\Tedd.Voxtree.Benchmark\bin\Release\net10.0\Tedd.Voxtree.Benchmark-Job-ZNVNAZ-1\bin\Release\net10.0
// BeforeAnythingElse

// Benchmark Process Environment Information:
// BenchmarkDotNet v0.16.0-preview.1
// Runtime=.NET 10.0.12 (10.0.12, 10.0.1226.42308), X64 RyuJIT x86-64-v3
// GC=Concurrent Workstation
// HardwareIntrinsics=AVX2+BMI1+BMI2+F16C+FMA+LZCNT+MOVBE,AVX,SSE3+SSSE3+SSE4.1+SSE4.2+POPCNT,X86Base+SSE+SSE2,AES+PCLMUL VectorSize=256
// Job: Job-ZNVNAZ(IterationCount=5, IterationTime=100ms, LaunchCount=1, WarmupCount=3)

WorkloadJitting  1: 1 op, 49400.00 ns, 49.4000 us/op
WorkloadJitting  2: 30 op, 73700.00 ns, 2.4567 us/op
WorkloadJitting  3: 30 op, 84900.00 ns, 2.8300 us/op
WorkloadJitting  4: 30 op, 320100.00 ns, 10.6700 us/op
WorkloadJitting  5: 1 op, 5700.00 ns, 5.7000 us/op

WorkloadPilot    1: 1 op, 5600.00 ns, 5.6000 us/op

WorkloadPilot    1: 16 op, 7400.00 ns, 462.5000 ns/op
WorkloadPilot    2: 216224 op, 36522900.00 ns, 168.9123 ns/op
WorkloadPilot    3: 592032 op, 83741300.00 ns, 141.4473 ns/op
WorkloadPilot    4: 706992 op, 101013600.00 ns, 142.8780 ns/op
WorkloadPilot    5: 699904 op, 98026600.00 ns, 140.0572 ns/op
WorkloadPilot    6: 714000 op, 100951900.00 ns, 141.3892 ns/op
WorkloadPilot    7: 707280 op, 98034500.00 ns, 138.6078 ns/op
WorkloadPilot    8: 721472 op, 100014300.00 ns, 138.6253 ns/op

WorkloadWarmup   1: 721472 op, 99851200.00 ns, 138.3993 ns/op
WorkloadWarmup   2: 721472 op, 100483800.00 ns, 139.2761 ns/op
WorkloadWarmup   3: 721472 op, 102263700.00 ns, 141.7431 ns/op

// BeforeActualRun
WorkloadActual   1: 721472 op, 104309900.00 ns, 144.5793 ns/op
WorkloadActual   2: 721472 op, 100789100.00 ns, 139.6993 ns/op
WorkloadActual   3: 721472 op, 99688300.00 ns, 138.1735 ns/op
WorkloadActual   4: 721472 op, 99611100.00 ns, 138.0665 ns/op
WorkloadActual   5: 721472 op, 101340900.00 ns, 140.4641 ns/op

// AfterActualRun
// BeforeExtraIteration
// AfterExtraIteration
WorkloadExtra    1: 721472 op, 100640300.00 ns, 139.4930 ns/op
WorkloadResult   1: 721472 op, 100789100.00 ns, 139.6993 ns/op
WorkloadResult   2: 721472 op, 99688300.00 ns, 138.1735 ns/op
WorkloadResult   3: 721472 op, 99611100.00 ns, 138.0665 ns/op
WorkloadResult   4: 721472 op, 101340900.00 ns, 140.4641 ns/op
// GC:  6 0 0 109663744 721472

// AfterAll
// Benchmark Process 242464 has exited with code 0.

Mean = 139.101 ns, StdErr = 0.588 ns (0.42%), N = 4, StdDev = 1.176 ns
Min = 138.066 ns, Q1 = 138.147 ns, Median = 138.936 ns, Q3 = 139.890 ns, Max = 140.464 ns
IQR = 1.744 ns, LowerFence = 135.531 ns, UpperFence = 142.506 ns
ConfidenceInterval = [131.504 ns; 146.698 ns] (CI 99.9%), Margin = 7.597 ns (5.46% of Mean)
Skewness = 0.13, Kurtosis = 0.72, MValue = 2

// ** Remained 22 (55.0%) benchmark(s) to run. Estimated finish 2026-09-20 10:19 (0h 1m from now) **
Setup power plan (GUID: 8c5e7fda-e8bf-4a96-9a85-a6e23a8c635c FriendlyName: High performance)
// **************************
// Benchmark: DeferredChunkWrites.MarkHotEdits: Job-ZNVNAZ(IterationCount=5, IterationTime=100ms, LaunchCount=1, WarmupCount=3) [WriteCount=1, Pattern=Terrain]
// *** Execute ***
// Launch: 1 / 1
// Execute: dotnet Tedd.Voxtree.Benchmark-Job-ZNVNAZ-1.dll --ipcPort 55736 --benchmarkName "Tedd.Voxtree.Benchmark.Tests.DeferredChunkWrites.MarkHotEdits(WriteCount: 1, Pattern: Terrain)" --job "IterationCount=5, IterationTime=100ms, LaunchCount=1, WarmupCount=3" --diagnoserRunMode 3 --benchmarkId 18 in C:\Users\tedd\.codex\worktrees\deferred-chunk-writes\Tedd.Voxtree\src\Tedd.Voxtree.Benchmark\bin\Release\net10.0\Tedd.Voxtree.Benchmark-Job-ZNVNAZ-1\bin\Release\net10.0
// BeforeAnythingElse

// Benchmark Process Environment Information:
// BenchmarkDotNet v0.16.0-preview.1
// Runtime=.NET 10.0.12 (10.0.12, 10.0.1226.42308), X64 RyuJIT x86-64-v3
// GC=Concurrent Workstation
// HardwareIntrinsics=AVX2+BMI1+BMI2+F16C+FMA+LZCNT+MOVBE,AVX,SSE3+SSSE3+SSE4.1+SSE4.2+POPCNT,X86Base+SSE+SSE2,AES+PCLMUL VectorSize=256
// Job: Job-ZNVNAZ(IterationCount=5, IterationTime=100ms, LaunchCount=1, WarmupCount=3)

WorkloadJitting  1: 1 op, 560000.00 ns, 560.0000 us/op
WorkloadJitting  2: 30 op, 4867200.00 ns, 162.2400 us/op
WorkloadJitting  3: 30 op, 3764300.00 ns, 125.4767 us/op
WorkloadJitting  4: 30 op, 3752900.00 ns, 125.0967 us/op
WorkloadJitting  5: 1 op, 69300.00 ns, 69.3000 us/op

WorkloadPilot    1: 1 op, 65700.00 ns, 65.7000 us/op

WorkloadPilot    1: 16 op, 1922100.00 ns, 120.1313 us/op
WorkloadPilot    2: 832 op, 106961800.00 ns, 128.5599 us/op
WorkloadPilot    3: 784 op, 99511600.00 ns, 126.9281 us/op
WorkloadPilot    4: 800 op, 103513000.00 ns, 129.3913 us/op
WorkloadPilot    5: 784 op, 95338000.00 ns, 121.6046 us/op
WorkloadPilot    6: 832 op, 103348300.00 ns, 124.2167 us/op

WorkloadWarmup   1: 832 op, 103549000.00 ns, 124.4579 us/op
WorkloadWarmup   2: 832 op, 105440900.00 ns, 126.7319 us/op
WorkloadWarmup   3: 832 op, 104175300.00 ns, 125.2107 us/op

// BeforeActualRun
WorkloadActual   1: 832 op, 100741900.00 ns, 121.0840 us/op
WorkloadActual   2: 832 op, 101802200.00 ns, 122.3584 us/op
WorkloadActual   3: 832 op, 100850100.00 ns, 121.2141 us/op
WorkloadActual   4: 832 op, 112895100.00 ns, 135.6912 us/op
WorkloadActual   5: 832 op, 105920400.00 ns, 127.3082 us/op

// AfterActualRun
// BeforeExtraIteration
// AfterExtraIteration
WorkloadExtra    1: 832 op, 104835200.00 ns, 126.0038 us/op
WorkloadResult   1: 832 op, 100741900.00 ns, 121.0840 us/op
WorkloadResult   2: 832 op, 101802200.00 ns, 122.3584 us/op
WorkloadResult   3: 832 op, 100850100.00 ns, 121.2141 us/op
WorkloadResult   4: 832 op, 112895100.00 ns, 135.6912 us/op
WorkloadResult   5: 832 op, 105920400.00 ns, 127.3082 us/op
// GC:  69 69 69 218282976 832

// AfterAll
// Benchmark Process 359944 has exited with code 0.

Mean = 125.531 μs, StdErr = 2.783 μs (2.22%), N = 5, StdDev = 6.222 μs
Min = 121.084 μs, Q1 = 121.214 μs, Median = 122.358 μs, Q3 = 127.308 μs, Max = 135.691 μs
IQR = 6.094 μs, LowerFence = 112.073 μs, UpperFence = 136.449 μs
ConfidenceInterval = [101.572 μs; 149.491 μs] (CI 99.9%), Margin = 23.960 μs (19.09% of Mean)
Skewness = 0.71, Kurtosis = 1.54, MValue = 2

// ** Remained 21 (52.5%) benchmark(s) to run. Estimated finish 2026-09-20 10:19 (0h 1m from now) **
Setup power plan (GUID: 8c5e7fda-e8bf-4a96-9a85-a6e23a8c635c FriendlyName: High performance)
// **************************
// Benchmark: DeferredChunkWrites.DeferredEdits: Job-ZNVNAZ(IterationCount=5, IterationTime=100ms, LaunchCount=1, WarmupCount=3) [WriteCount=1, Pattern=Terrain]
// *** Execute ***
// Launch: 1 / 1
// Execute: dotnet Tedd.Voxtree.Benchmark-Job-ZNVNAZ-1.dll --ipcPort 57563 --benchmarkName "Tedd.Voxtree.Benchmark.Tests.DeferredChunkWrites.DeferredEdits(WriteCount: 1, Pattern: Terrain)" --job "IterationCount=5, IterationTime=100ms, LaunchCount=1, WarmupCount=3" --diagnoserRunMode 3 --benchmarkId 19 in C:\Users\tedd\.codex\worktrees\deferred-chunk-writes\Tedd.Voxtree\src\Tedd.Voxtree.Benchmark\bin\Release\net10.0\Tedd.Voxtree.Benchmark-Job-ZNVNAZ-1\bin\Release\net10.0
// BeforeAnythingElse

// Benchmark Process Environment Information:
// BenchmarkDotNet v0.16.0-preview.1
// Runtime=.NET 10.0.12 (10.0.12, 10.0.1226.42308), X64 RyuJIT x86-64-v3
// GC=Concurrent Workstation
// HardwareIntrinsics=AVX2+BMI1+BMI2+F16C+FMA+LZCNT+MOVBE,AVX,SSE3+SSSE3+SSE4.1+SSE4.2+POPCNT,X86Base+SSE+SSE2,AES+PCLMUL VectorSize=256
// Job: Job-ZNVNAZ(IterationCount=5, IterationTime=100ms, LaunchCount=1, WarmupCount=3)

WorkloadJitting  1: 1 op, 144900.00 ns, 144.9000 us/op
WorkloadJitting  2: 30 op, 63700.00 ns, 2.1233 us/op
WorkloadJitting  3: 30 op, 78100.00 ns, 2.6033 us/op
WorkloadJitting  4: 30 op, 289600.00 ns, 9.6533 us/op
WorkloadJitting  5: 1 op, 4900.00 ns, 4.9000 us/op

WorkloadPilot    1: 1 op, 3100.00 ns, 3.1000 us/op

WorkloadPilot    1: 16 op, 6600.00 ns, 412.5000 ns/op
WorkloadPilot    2: 242432 op, 37147300.00 ns, 153.2277 ns/op
WorkloadPilot    3: 652624 op, 86358500.00 ns, 132.3250 ns/op
WorkloadPilot    4: 755728 op, 97260900.00 ns, 128.6983 ns/op
WorkloadPilot    5: 777024 op, 99574800.00 ns, 128.1489 ns/op
WorkloadPilot    6: 780352 op, 110576700.00 ns, 141.7011 ns/op
WorkloadPilot    7: 705712 op, 91093100.00 ns, 129.0797 ns/op
WorkloadPilot    8: 774720 op, 102066100.00 ns, 131.7458 ns/op
WorkloadPilot    9: 759040 op, 120152000.00 ns, 158.2947 ns/op

WorkloadWarmup   1: 759040 op, 101174400.00 ns, 133.2926 ns/op
WorkloadWarmup   2: 759040 op, 98205100.00 ns, 129.3807 ns/op
WorkloadWarmup   3: 759040 op, 98340000.00 ns, 129.5584 ns/op

// BeforeActualRun
WorkloadActual   1: 759040 op, 98667800.00 ns, 129.9903 ns/op
WorkloadActual   2: 759040 op, 102502100.00 ns, 135.0418 ns/op
WorkloadActual   3: 759040 op, 98167500.00 ns, 129.3311 ns/op
WorkloadActual   4: 759040 op, 97425600.00 ns, 128.3537 ns/op
WorkloadActual   5: 759040 op, 98008400.00 ns, 129.1215 ns/op

// AfterActualRun
// BeforeExtraIteration
// AfterExtraIteration
WorkloadExtra    1: 759040 op, 101963100.00 ns, 134.3317 ns/op
WorkloadResult   1: 759040 op, 98667800.00 ns, 129.9903 ns/op
WorkloadResult   2: 759040 op, 98167500.00 ns, 129.3311 ns/op
WorkloadResult   3: 759040 op, 97425600.00 ns, 128.3537 ns/op
WorkloadResult   4: 759040 op, 98008400.00 ns, 129.1215 ns/op
// GC:  6 0 0 115374080 759040

// AfterAll
// Benchmark Process 406536 has exited with code 0.

Mean = 129.199 ns, StdErr = 0.337 ns (0.26%), N = 4, StdDev = 0.674 ns
Min = 128.354 ns, Q1 = 128.930 ns, Median = 129.226 ns, Q3 = 129.496 ns, Max = 129.990 ns
IQR = 0.566 ns, LowerFence = 128.080 ns, UpperFence = 130.345 ns
ConfidenceInterval = [124.842 ns; 133.556 ns] (CI 99.9%), Margin = 4.357 ns (3.37% of Mean)
Skewness = -0.09, Kurtosis = 1.09, MValue = 2

// ** Remained 20 (50.0%) benchmark(s) to run. Estimated finish 2026-09-20 10:19 (0h 1m from now) **
Setup power plan (GUID: 8c5e7fda-e8bf-4a96-9a85-a6e23a8c635c FriendlyName: High performance)
// **************************
// Benchmark: DeferredChunkWrites.MarkHotEdits: Job-ZNVNAZ(IterationCount=5, IterationTime=100ms, LaunchCount=1, WarmupCount=3) [WriteCount=5, Pattern=Uniform]
// *** Execute ***
// Launch: 1 / 1
// Execute: dotnet Tedd.Voxtree.Benchmark-Job-ZNVNAZ-1.dll --ipcPort 55845 --benchmarkName "Tedd.Voxtree.Benchmark.Tests.DeferredChunkWrites.MarkHotEdits(WriteCount: 5, Pattern: Uniform)" --job "IterationCount=5, IterationTime=100ms, LaunchCount=1, WarmupCount=3" --diagnoserRunMode 3 --benchmarkId 20 in C:\Users\tedd\.codex\worktrees\deferred-chunk-writes\Tedd.Voxtree\src\Tedd.Voxtree.Benchmark\bin\Release\net10.0\Tedd.Voxtree.Benchmark-Job-ZNVNAZ-1\bin\Release\net10.0
// BeforeAnythingElse

// Benchmark Process Environment Information:
// BenchmarkDotNet v0.16.0-preview.1
// Runtime=.NET 10.0.12 (10.0.12, 10.0.1226.42308), X64 RyuJIT x86-64-v3
// GC=Concurrent Workstation
// HardwareIntrinsics=AVX2+BMI1+BMI2+F16C+FMA+LZCNT+MOVBE,AVX,SSE3+SSSE3+SSE4.1+SSE4.2+POPCNT,X86Base+SSE+SSE2,AES+PCLMUL VectorSize=256
// Job: Job-ZNVNAZ(IterationCount=5, IterationTime=100ms, LaunchCount=1, WarmupCount=3)

WorkloadJitting  1: 1 op, 92500.00 ns, 92.5000 us/op
WorkloadJitting  2: 30 op, 2969400.00 ns, 98.9800 us/op
WorkloadJitting  3: 30 op, 2413400.00 ns, 80.4467 us/op
WorkloadJitting  4: 30 op, 2341400.00 ns, 78.0467 us/op
WorkloadJitting  5: 1 op, 22900.00 ns, 22.9000 us/op

WorkloadPilot    1: 1 op, 18200.00 ns, 18.2000 us/op

WorkloadPilot    1: 16 op, 1120600.00 ns, 70.0375 us/op
WorkloadPilot    2: 1440 op, 107192000.00 ns, 74.4389 us/op
WorkloadPilot    3: 1344 op, 98531600.00 ns, 73.3122 us/op
WorkloadPilot    4: 1376 op, 104038400.00 ns, 75.6093 us/op
WorkloadPilot    5: 1328 op, 106452900.00 ns, 80.1603 us/op

WorkloadWarmup   1: 1328 op, 110815900.00 ns, 83.4457 us/op
WorkloadWarmup   2: 1328 op, 101160900.00 ns, 76.1754 us/op
WorkloadWarmup   3: 1328 op, 102514000.00 ns, 77.1943 us/op

// BeforeActualRun
WorkloadActual   1: 1328 op, 99779300.00 ns, 75.1350 us/op
WorkloadActual   2: 1328 op, 101054500.00 ns, 76.0953 us/op
WorkloadActual   3: 1328 op, 104330100.00 ns, 78.5618 us/op
WorkloadActual   4: 1328 op, 105331300.00 ns, 79.3157 us/op
WorkloadActual   5: 1328 op, 97795100.00 ns, 73.6409 us/op

// AfterActualRun
// BeforeExtraIteration
// AfterExtraIteration
WorkloadExtra    1: 1328 op, 100610600.00 ns, 75.7610 us/op
WorkloadResult   1: 1328 op, 99779300.00 ns, 75.1350 us/op
WorkloadResult   2: 1328 op, 101054500.00 ns, 76.0953 us/op
WorkloadResult   3: 1328 op, 104330100.00 ns, 78.5618 us/op
WorkloadResult   4: 1328 op, 105331300.00 ns, 79.3157 us/op
WorkloadResult   5: 1328 op, 97795100.00 ns, 73.6409 us/op
// GC:  110 110 110 348412992 1328

// AfterAll
// Benchmark Process 519984 has exited with code 0.

Mean = 76.550 μs, StdErr = 1.058 μs (1.38%), N = 5, StdDev = 2.365 μs
Min = 73.641 μs, Q1 = 75.135 μs, Median = 76.095 μs, Q3 = 78.562 μs, Max = 79.316 μs
IQR = 3.427 μs, LowerFence = 69.995 μs, UpperFence = 83.702 μs
ConfidenceInterval = [67.444 μs; 85.656 μs] (CI 99.9%), Margin = 9.106 μs (11.90% of Mean)
Skewness = 0.03, Kurtosis = 0.96, MValue = 2

// ** Remained 19 (47.5%) benchmark(s) to run. Estimated finish 2026-09-20 10:19 (0h 1m from now) **
Setup power plan (GUID: 8c5e7fda-e8bf-4a96-9a85-a6e23a8c635c FriendlyName: High performance)
// **************************
// Benchmark: DeferredChunkWrites.DeferredEdits: Job-ZNVNAZ(IterationCount=5, IterationTime=100ms, LaunchCount=1, WarmupCount=3) [WriteCount=5, Pattern=Uniform]
// *** Execute ***
// Launch: 1 / 1
// Execute: dotnet Tedd.Voxtree.Benchmark-Job-ZNVNAZ-1.dll --ipcPort 56103 --benchmarkName "Tedd.Voxtree.Benchmark.Tests.DeferredChunkWrites.DeferredEdits(WriteCount: 5, Pattern: Uniform)" --job "IterationCount=5, IterationTime=100ms, LaunchCount=1, WarmupCount=3" --diagnoserRunMode 3 --benchmarkId 21 in C:\Users\tedd\.codex\worktrees\deferred-chunk-writes\Tedd.Voxtree\src\Tedd.Voxtree.Benchmark\bin\Release\net10.0\Tedd.Voxtree.Benchmark-Job-ZNVNAZ-1\bin\Release\net10.0
// BeforeAnythingElse

// Benchmark Process Environment Information:
// BenchmarkDotNet v0.16.0-preview.1
// Runtime=.NET 10.0.12 (10.0.12, 10.0.1226.42308), X64 RyuJIT x86-64-v3
// GC=Concurrent Workstation
// HardwareIntrinsics=AVX2+BMI1+BMI2+F16C+FMA+LZCNT+MOVBE,AVX,SSE3+SSSE3+SSE4.1+SSE4.2+POPCNT,X86Base+SSE+SSE2,AES+PCLMUL VectorSize=256
// Job: Job-ZNVNAZ(IterationCount=5, IterationTime=100ms, LaunchCount=1, WarmupCount=3)

WorkloadJitting  1: 1 op, 47500.00 ns, 47.5000 us/op
WorkloadJitting  2: 30 op, 81300.00 ns, 2.7100 us/op
WorkloadJitting  3: 30 op, 89900.00 ns, 2.9967 us/op
WorkloadJitting  4: 30 op, 298100.00 ns, 9.9367 us/op
WorkloadJitting  5: 1 op, 3900.00 ns, 3.9000 us/op

WorkloadPilot    1: 1 op, 3100.00 ns, 3.1000 us/op

WorkloadPilot    1: 16 op, 6400.00 ns, 400.0000 ns/op
WorkloadPilot    2: 250000 op, 46935100.00 ns, 187.7404 ns/op
WorkloadPilot    3: 532656 op, 90435900.00 ns, 169.7829 ns/op
WorkloadPilot    4: 588992 op, 96182500.00 ns, 163.3002 ns/op
WorkloadPilot    5: 612384 op, 99754300.00 ns, 162.8950 ns/op
WorkloadPilot    6: 613904 op, 100956700.00 ns, 164.4503 ns/op
WorkloadPilot    7: 608096 op, 99461500.00 ns, 163.5622 ns/op
WorkloadPilot    8: 611392 op, 102704600.00 ns, 167.9849 ns/op
WorkloadPilot    9: 595296 op, 96995300.00 ns, 162.9363 ns/op
WorkloadPilot   10: 613744 op, 100006500.00 ns, 162.9450 ns/op

WorkloadWarmup   1: 613744 op, 100021800.00 ns, 162.9699 ns/op
WorkloadWarmup   2: 613744 op, 99979100.00 ns, 162.9003 ns/op
WorkloadWarmup   3: 613744 op, 100068800.00 ns, 163.0465 ns/op

// BeforeActualRun
WorkloadActual   1: 613744 op, 100282100.00 ns, 163.3940 ns/op
WorkloadActual   2: 613744 op, 99770500.00 ns, 162.5604 ns/op
WorkloadActual   3: 613744 op, 100421900.00 ns, 163.6218 ns/op
WorkloadActual   4: 613744 op, 100124000.00 ns, 163.1364 ns/op
WorkloadActual   5: 613744 op, 100273000.00 ns, 163.3792 ns/op

// AfterActualRun
// BeforeExtraIteration
// AfterExtraIteration
WorkloadExtra    1: 613744 op, 147671500.00 ns, 240.6076 ns/op
WorkloadResult   1: 613744 op, 100282100.00 ns, 163.3940 ns/op
WorkloadResult   2: 613744 op, 99770500.00 ns, 162.5604 ns/op
WorkloadResult   3: 613744 op, 100421900.00 ns, 163.6218 ns/op
WorkloadResult   4: 613744 op, 100124000.00 ns, 163.1364 ns/op
WorkloadResult   5: 613744 op, 100273000.00 ns, 163.3792 ns/op
// GC:  5 0 0 93289088 613744

// AfterAll
// Benchmark Process 214824 has exited with code 0.

Mean = 163.218 ns, StdErr = 0.182 ns (0.11%), N = 5, StdDev = 0.406 ns
Min = 162.560 ns, Q1 = 163.136 ns, Median = 163.379 ns, Q3 = 163.394 ns, Max = 163.622 ns
IQR = 0.258 ns, LowerFence = 162.750 ns, UpperFence = 163.780 ns
ConfidenceInterval = [161.655 ns; 164.781 ns] (CI 99.9%), Margin = 1.563 ns (0.96% of Mean)
Skewness = -0.63, Kurtosis = 1.59, MValue = 2

// ** Remained 18 (45.0%) benchmark(s) to run. Estimated finish 2026-09-20 10:19 (0h 0m from now) **
Setup power plan (GUID: 8c5e7fda-e8bf-4a96-9a85-a6e23a8c635c FriendlyName: High performance)
// **************************
// Benchmark: DeferredChunkWrites.MarkHotEdits: Job-ZNVNAZ(IterationCount=5, IterationTime=100ms, LaunchCount=1, WarmupCount=3) [WriteCount=5, Pattern=Terrain]
// *** Execute ***
// Launch: 1 / 1
// Execute: dotnet Tedd.Voxtree.Benchmark-Job-ZNVNAZ-1.dll --ipcPort 56111 --benchmarkName "Tedd.Voxtree.Benchmark.Tests.DeferredChunkWrites.MarkHotEdits(WriteCount: 5, Pattern: Terrain)" --job "IterationCount=5, IterationTime=100ms, LaunchCount=1, WarmupCount=3" --diagnoserRunMode 3 --benchmarkId 22 in C:\Users\tedd\.codex\worktrees\deferred-chunk-writes\Tedd.Voxtree\src\Tedd.Voxtree.Benchmark\bin\Release\net10.0\Tedd.Voxtree.Benchmark-Job-ZNVNAZ-1\bin\Release\net10.0
// BeforeAnythingElse

// Benchmark Process Environment Information:
// BenchmarkDotNet v0.16.0-preview.1
// Runtime=.NET 10.0.12 (10.0.12, 10.0.1226.42308), X64 RyuJIT x86-64-v3
// GC=Concurrent Workstation
// HardwareIntrinsics=AVX2+BMI1+BMI2+F16C+FMA+LZCNT+MOVBE,AVX,SSE3+SSSE3+SSE4.1+SSE4.2+POPCNT,X86Base+SSE+SSE2,AES+PCLMUL VectorSize=256
// Job: Job-ZNVNAZ(IterationCount=5, IterationTime=100ms, LaunchCount=1, WarmupCount=3)

WorkloadJitting  1: 1 op, 417700.00 ns, 417.7000 us/op
WorkloadJitting  2: 30 op, 8906200.00 ns, 296.8733 us/op
WorkloadJitting  3: 30 op, 3806600.00 ns, 126.8867 us/op
WorkloadJitting  4: 30 op, 3724400.00 ns, 124.1467 us/op
WorkloadJitting  5: 1 op, 70000.00 ns, 70.0000 us/op

WorkloadPilot    1: 1 op, 67700.00 ns, 67.7000 us/op

WorkloadPilot    1: 16 op, 1836800.00 ns, 114.8000 us/op
WorkloadPilot    2: 880 op, 109597500.00 ns, 124.5426 us/op
WorkloadPilot    3: 816 op, 104778800.00 ns, 128.4054 us/op
WorkloadPilot    4: 784 op, 98973200.00 ns, 126.2413 us/op
WorkloadPilot    5: 800 op, 99154900.00 ns, 123.9436 us/op
WorkloadPilot    6: 816 op, 101641300.00 ns, 124.5604 us/op

WorkloadWarmup   1: 816 op, 104981900.00 ns, 128.6543 us/op
WorkloadWarmup   2: 816 op, 102648400.00 ns, 125.7946 us/op
WorkloadWarmup   3: 816 op, 101843900.00 ns, 124.8087 us/op

// BeforeActualRun
WorkloadActual   1: 816 op, 101665600.00 ns, 124.5902 us/op
WorkloadActual   2: 816 op, 101409600.00 ns, 124.2765 us/op
WorkloadActual   3: 816 op, 101858500.00 ns, 124.8266 us/op
WorkloadActual   4: 816 op, 101803200.00 ns, 124.7588 us/op
WorkloadActual   5: 816 op, 101219100.00 ns, 124.0430 us/op

// AfterActualRun
// BeforeExtraIteration
// AfterExtraIteration
WorkloadExtra    1: 816 op, 101944600.00 ns, 124.9321 us/op
WorkloadResult   1: 816 op, 101665600.00 ns, 124.5902 us/op
WorkloadResult   2: 816 op, 101409600.00 ns, 124.2765 us/op
WorkloadResult   3: 816 op, 101858500.00 ns, 124.8266 us/op
WorkloadResult   4: 816 op, 101803200.00 ns, 124.7588 us/op
WorkloadResult   5: 816 op, 101219100.00 ns, 124.0430 us/op
// GC:  67 67 67 214084128 816

// AfterAll
// Benchmark Process 96964 has exited with code 0.

Mean = 124.499 μs, StdErr = 0.148 μs (0.12%), N = 5, StdDev = 0.332 μs
Min = 124.043 μs, Q1 = 124.276 μs, Median = 124.590 μs, Q3 = 124.759 μs, Max = 124.827 μs
IQR = 0.482 μs, LowerFence = 123.553 μs, UpperFence = 125.482 μs
ConfidenceInterval = [123.221 μs; 125.777 μs] (CI 99.9%), Margin = 1.278 μs (1.03% of Mean)
Skewness = -0.29, Kurtosis = 1.02, MValue = 2

// ** Remained 17 (42.5%) benchmark(s) to run. Estimated finish 2026-09-20 10:19 (0h 0m from now) **
Setup power plan (GUID: 8c5e7fda-e8bf-4a96-9a85-a6e23a8c635c FriendlyName: High performance)
// **************************
// Benchmark: DeferredChunkWrites.DeferredEdits: Job-ZNVNAZ(IterationCount=5, IterationTime=100ms, LaunchCount=1, WarmupCount=3) [WriteCount=5, Pattern=Terrain]
// *** Execute ***
// Launch: 1 / 1
// Execute: dotnet Tedd.Voxtree.Benchmark-Job-ZNVNAZ-1.dll --ipcPort 56114 --benchmarkName "Tedd.Voxtree.Benchmark.Tests.DeferredChunkWrites.DeferredEdits(WriteCount: 5, Pattern: Terrain)" --job "IterationCount=5, IterationTime=100ms, LaunchCount=1, WarmupCount=3" --diagnoserRunMode 3 --benchmarkId 23 in C:\Users\tedd\.codex\worktrees\deferred-chunk-writes\Tedd.Voxtree\src\Tedd.Voxtree.Benchmark\bin\Release\net10.0\Tedd.Voxtree.Benchmark-Job-ZNVNAZ-1\bin\Release\net10.0
// BeforeAnythingElse

// Benchmark Process Environment Information:
// BenchmarkDotNet v0.16.0-preview.1
// Runtime=.NET 10.0.12 (10.0.12, 10.0.1226.42308), X64 RyuJIT x86-64-v3
// GC=Concurrent Workstation
// HardwareIntrinsics=AVX2+BMI1+BMI2+F16C+FMA+LZCNT+MOVBE,AVX,SSE3+SSSE3+SSE4.1+SSE4.2+POPCNT,X86Base+SSE+SSE2,AES+PCLMUL VectorSize=256
// Job: Job-ZNVNAZ(IterationCount=5, IterationTime=100ms, LaunchCount=1, WarmupCount=3)

WorkloadJitting  1: 1 op, 44000.00 ns, 44.0000 us/op
WorkloadJitting  2: 30 op, 78600.00 ns, 2.6200 us/op
WorkloadJitting  3: 30 op, 91600.00 ns, 3.0533 us/op
WorkloadJitting  4: 30 op, 307000.00 ns, 10.2333 us/op
WorkloadJitting  5: 1 op, 3900.00 ns, 3.9000 us/op

WorkloadPilot    1: 1 op, 2600.00 ns, 2.6000 us/op

WorkloadPilot    1: 16 op, 6700.00 ns, 418.7500 ns/op
WorkloadPilot    2: 238816 op, 44497300.00 ns, 186.3246 ns/op
WorkloadPilot    3: 536704 op, 88862100.00 ns, 165.5700 ns/op
WorkloadPilot    4: 603984 op, 98253300.00 ns, 162.6753 ns/op
WorkloadPilot    5: 614736 op, 100655700.00 ns, 163.7381 ns/op
WorkloadPilot    6: 610736 op, 99603900.00 ns, 163.0883 ns/op
WorkloadPilot    7: 613168 op, 99946400.00 ns, 163.0000 ns/op
WorkloadPilot    8: 613504 op, 99419400.00 ns, 162.0518 ns/op
WorkloadPilot    9: 617088 op, 101051700.00 ns, 163.7557 ns/op
WorkloadPilot   10: 610672 op, 99279900.00 ns, 162.5748 ns/op
WorkloadPilot   11: 615104 op, 100461800.00 ns, 163.3249 ns/op

WorkloadWarmup   1: 615104 op, 100303000.00 ns, 163.0667 ns/op
WorkloadWarmup   2: 615104 op, 101030300.00 ns, 164.2491 ns/op
WorkloadWarmup   3: 615104 op, 100241200.00 ns, 162.9663 ns/op

// BeforeActualRun
WorkloadActual   1: 615104 op, 102157800.00 ns, 166.0822 ns/op
WorkloadActual   2: 615104 op, 100443400.00 ns, 163.2950 ns/op
WorkloadActual   3: 615104 op, 100472500.00 ns, 163.3423 ns/op
WorkloadActual   4: 615104 op, 100029100.00 ns, 162.6214 ns/op
WorkloadActual   5: 615104 op, 100357400.00 ns, 163.1552 ns/op

// AfterActualRun
// BeforeExtraIteration
// AfterExtraIteration
WorkloadExtra    1: 615104 op, 156300500.00 ns, 254.1042 ns/op
WorkloadResult   1: 615104 op, 100443400.00 ns, 163.2950 ns/op
WorkloadResult   2: 615104 op, 100472500.00 ns, 163.3423 ns/op
WorkloadResult   3: 615104 op, 100029100.00 ns, 162.6214 ns/op
WorkloadResult   4: 615104 op, 100357400.00 ns, 163.1552 ns/op
// GC:  5 0 0 93495808 615104

// AfterAll
// Benchmark Process 37976 has exited with code 0.

Mean = 163.103 ns, StdErr = 0.166 ns (0.10%), N = 4, StdDev = 0.331 ns
Min = 162.621 ns, Q1 = 163.022 ns, Median = 163.225 ns, Q3 = 163.307 ns, Max = 163.342 ns
IQR = 0.285 ns, LowerFence = 162.594 ns, UpperFence = 163.734 ns
ConfidenceInterval = [160.964 ns; 165.243 ns] (CI 99.9%), Margin = 2.139 ns (1.31% of Mean)
Skewness = -0.63, Kurtosis = 1.22, MValue = 2

// ** Remained 16 (40.0%) benchmark(s) to run. Estimated finish 2026-09-20 10:19 (0h 0m from now) **
Setup power plan (GUID: 8c5e7fda-e8bf-4a96-9a85-a6e23a8c635c FriendlyName: High performance)
// **************************
// Benchmark: DeferredChunkWrites.MarkHotEdits: Job-ZNVNAZ(IterationCount=5, IterationTime=100ms, LaunchCount=1, WarmupCount=3) [WriteCount=20, Pattern=Uniform]
// *** Execute ***
// Launch: 1 / 1
// Execute: dotnet Tedd.Voxtree.Benchmark-Job-ZNVNAZ-1.dll --ipcPort 56118 --benchmarkName "Tedd.Voxtree.Benchmark.Tests.DeferredChunkWrites.MarkHotEdits(WriteCount: 20, Pattern: Uniform)" --job "IterationCount=5, IterationTime=100ms, LaunchCount=1, WarmupCount=3" --diagnoserRunMode 3 --benchmarkId 24 in C:\Users\tedd\.codex\worktrees\deferred-chunk-writes\Tedd.Voxtree\src\Tedd.Voxtree.Benchmark\bin\Release\net10.0\Tedd.Voxtree.Benchmark-Job-ZNVNAZ-1\bin\Release\net10.0
// BeforeAnythingElse

// Benchmark Process Environment Information:
// BenchmarkDotNet v0.16.0-preview.1
// Runtime=.NET 10.0.12 (10.0.12, 10.0.1226.42308), X64 RyuJIT x86-64-v3
// GC=Concurrent Workstation
// HardwareIntrinsics=AVX2+BMI1+BMI2+F16C+FMA+LZCNT+MOVBE,AVX,SSE3+SSSE3+SSE4.1+SSE4.2+POPCNT,X86Base+SSE+SSE2,AES+PCLMUL VectorSize=256
// Job: Job-ZNVNAZ(IterationCount=5, IterationTime=100ms, LaunchCount=1, WarmupCount=3)

WorkloadJitting  1: 1 op, 92000.00 ns, 92.0000 us/op
WorkloadJitting  2: 30 op, 2942900.00 ns, 98.0967 us/op
WorkloadJitting  3: 30 op, 2319800.00 ns, 77.3267 us/op
WorkloadJitting  4: 30 op, 2318300.00 ns, 77.2767 us/op
WorkloadJitting  5: 1 op, 21900.00 ns, 21.9000 us/op

WorkloadPilot    1: 1 op, 14000.00 ns, 14.0000 us/op

WorkloadPilot    1: 16 op, 1074100.00 ns, 67.1313 us/op
WorkloadPilot    2: 1504 op, 111717900.00 ns, 74.2805 us/op
WorkloadPilot    3: 1360 op, 101263800.00 ns, 74.4587 us/op
WorkloadPilot    4: 1344 op, 100447400.00 ns, 74.7376 us/op

WorkloadWarmup   1: 1344 op, 102018100.00 ns, 75.9063 us/op
WorkloadWarmup   2: 1344 op, 102149000.00 ns, 76.0037 us/op
WorkloadWarmup   3: 1344 op, 102014700.00 ns, 75.9038 us/op

// BeforeActualRun
WorkloadActual   1: 1344 op, 100971700.00 ns, 75.1278 us/op
WorkloadActual   2: 1344 op, 108685300.00 ns, 80.8670 us/op
WorkloadActual   3: 1344 op, 105048800.00 ns, 78.1613 us/op
WorkloadActual   4: 1344 op, 120653500.00 ns, 89.7719 us/op
WorkloadActual   5: 1344 op, 98858800.00 ns, 73.5557 us/op

// AfterActualRun
// BeforeExtraIteration
// AfterExtraIteration
WorkloadExtra    1: 1344 op, 102822500.00 ns, 76.5048 us/op
WorkloadResult   1: 1344 op, 100971700.00 ns, 75.1278 us/op
WorkloadResult   2: 1344 op, 108685300.00 ns, 80.8670 us/op
WorkloadResult   3: 1344 op, 105048800.00 ns, 78.1613 us/op
WorkloadResult   4: 1344 op, 98858800.00 ns, 73.5557 us/op
// GC:  111 111 111 352610208 1344

// AfterAll
// Benchmark Process 246192 has exited with code 0.

Mean = 76.928 μs, StdErr = 1.624 μs (2.11%), N = 4, StdDev = 3.248 μs
Min = 73.556 μs, Q1 = 74.735 μs, Median = 76.645 μs, Q3 = 78.838 μs, Max = 80.867 μs
IQR = 4.103 μs, LowerFence = 68.580 μs, UpperFence = 84.992 μs
ConfidenceInterval = [55.939 μs; 97.917 μs] (CI 99.9%), Margin = 20.989 μs (27.28% of Mean)
Skewness = 0.14, Kurtosis = 0.86, MValue = 2

// ** Remained 15 (37.5%) benchmark(s) to run. Estimated finish 2026-09-20 10:19 (0h 0m from now) **
Setup power plan (GUID: 8c5e7fda-e8bf-4a96-9a85-a6e23a8c635c FriendlyName: High performance)
// **************************
// Benchmark: DeferredChunkWrites.DeferredEdits: Job-ZNVNAZ(IterationCount=5, IterationTime=100ms, LaunchCount=1, WarmupCount=3) [WriteCount=20, Pattern=Uniform]
// *** Execute ***
// Launch: 1 / 1
// Execute: dotnet Tedd.Voxtree.Benchmark-Job-ZNVNAZ-1.dll --ipcPort 56120 --benchmarkName "Tedd.Voxtree.Benchmark.Tests.DeferredChunkWrites.DeferredEdits(WriteCount: 20, Pattern: Uniform)" --job "IterationCount=5, IterationTime=100ms, LaunchCount=1, WarmupCount=3" --diagnoserRunMode 3 --benchmarkId 25 in C:\Users\tedd\.codex\worktrees\deferred-chunk-writes\Tedd.Voxtree\src\Tedd.Voxtree.Benchmark\bin\Release\net10.0\Tedd.Voxtree.Benchmark-Job-ZNVNAZ-1\bin\Release\net10.0
// BeforeAnythingElse

// Benchmark Process Environment Information:
// BenchmarkDotNet v0.16.0-preview.1
// Runtime=.NET 10.0.12 (10.0.12, 10.0.1226.42308), X64 RyuJIT x86-64-v3
// GC=Concurrent Workstation
// HardwareIntrinsics=AVX2+BMI1+BMI2+F16C+FMA+LZCNT+MOVBE,AVX,SSE3+SSSE3+SSE4.1+SSE4.2+POPCNT,X86Base+SSE+SSE2,AES+PCLMUL VectorSize=256
// Job: Job-ZNVNAZ(IterationCount=5, IterationTime=100ms, LaunchCount=1, WarmupCount=3)

WorkloadJitting  1: 1 op, 48700.00 ns, 48.7000 us/op
WorkloadJitting  2: 30 op, 110600.00 ns, 3.6867 us/op
WorkloadJitting  3: 30 op, 142800.00 ns, 4.7600 us/op
WorkloadJitting  4: 30 op, 307100.00 ns, 10.2367 us/op
WorkloadJitting  5: 1 op, 4500.00 ns, 4.5000 us/op

WorkloadPilot    1: 1 op, 3100.00 ns, 3.1000 us/op

WorkloadPilot    1: 16 op, 12700.00 ns, 793.7500 ns/op
WorkloadPilot    2: 125984 op, 45570100.00 ns, 361.7134 ns/op
WorkloadPilot    3: 276464 op, 88630200.00 ns, 320.5850 ns/op
WorkloadPilot    4: 311936 op, 98078900.00 ns, 314.4199 ns/op
WorkloadPilot    5: 318048 op, 100138100.00 ns, 314.8522 ns/op
WorkloadPilot    6: 317616 op, 99916400.00 ns, 314.5824 ns/op
WorkloadPilot    7: 317888 op, 100213100.00 ns, 315.2466 ns/op
WorkloadPilot    8: 317216 op, 100606900.00 ns, 317.1558 ns/op

WorkloadWarmup   1: 317216 op, 100121600.00 ns, 315.6259 ns/op
WorkloadWarmup   2: 317216 op, 100793100.00 ns, 317.7428 ns/op
WorkloadWarmup   3: 317216 op, 100074600.00 ns, 315.4778 ns/op

// BeforeActualRun
WorkloadActual   1: 317216 op, 100305300.00 ns, 316.2050 ns/op
WorkloadActual   2: 317216 op, 100445900.00 ns, 316.6483 ns/op
WorkloadActual   3: 317216 op, 99765200.00 ns, 314.5024 ns/op
WorkloadActual   4: 317216 op, 99836100.00 ns, 314.7259 ns/op
WorkloadActual   5: 317216 op, 99992700.00 ns, 315.2196 ns/op

// AfterActualRun
// BeforeExtraIteration
// AfterExtraIteration
WorkloadExtra    1: 317216 op, 99903700.00 ns, 314.9390 ns/op
WorkloadResult   1: 317216 op, 100305300.00 ns, 316.2050 ns/op
WorkloadResult   2: 317216 op, 100445900.00 ns, 316.6483 ns/op
WorkloadResult   3: 317216 op, 99765200.00 ns, 314.5024 ns/op
WorkloadResult   4: 317216 op, 99836100.00 ns, 314.7259 ns/op
WorkloadResult   5: 317216 op, 99992700.00 ns, 315.2196 ns/op
// GC:  2 0 0 48216832 317216

// AfterAll
// Benchmark Process 486028 has exited with code 0.

Mean = 315.460 ns, StdErr = 0.417 ns (0.13%), N = 5, StdDev = 0.933 ns
Min = 314.502 ns, Q1 = 314.726 ns, Median = 315.220 ns, Q3 = 316.205 ns, Max = 316.648 ns
IQR = 1.479 ns, LowerFence = 312.507 ns, UpperFence = 318.424 ns
ConfidenceInterval = [311.868 ns; 319.052 ns] (CI 99.9%), Margin = 3.592 ns (1.14% of Mean)
Skewness = 0.2, Kurtosis = 0.91, MValue = 2

// ** Remained 14 (35.0%) benchmark(s) to run. Estimated finish 2026-09-20 10:19 (0h 0m from now) **
Setup power plan (GUID: 8c5e7fda-e8bf-4a96-9a85-a6e23a8c635c FriendlyName: High performance)
// **************************
// Benchmark: DeferredChunkWrites.MarkHotEdits: Job-ZNVNAZ(IterationCount=5, IterationTime=100ms, LaunchCount=1, WarmupCount=3) [WriteCount=20, Pattern=Terrain]
// *** Execute ***
// Launch: 1 / 1
// Execute: dotnet Tedd.Voxtree.Benchmark-Job-ZNVNAZ-1.dll --ipcPort 56122 --benchmarkName "Tedd.Voxtree.Benchmark.Tests.DeferredChunkWrites.MarkHotEdits(WriteCount: 20, Pattern: Terrain)" --job "IterationCount=5, IterationTime=100ms, LaunchCount=1, WarmupCount=3" --diagnoserRunMode 3 --benchmarkId 26 in C:\Users\tedd\.codex\worktrees\deferred-chunk-writes\Tedd.Voxtree\src\Tedd.Voxtree.Benchmark\bin\Release\net10.0\Tedd.Voxtree.Benchmark-Job-ZNVNAZ-1\bin\Release\net10.0
// BeforeAnythingElse

// Benchmark Process Environment Information:
// BenchmarkDotNet v0.16.0-preview.1
// Runtime=.NET 10.0.12 (10.0.12, 10.0.1226.42308), X64 RyuJIT x86-64-v3
// GC=Concurrent Workstation
// HardwareIntrinsics=AVX2+BMI1+BMI2+F16C+FMA+LZCNT+MOVBE,AVX,SSE3+SSSE3+SSE4.1+SSE4.2+POPCNT,X86Base+SSE+SSE2,AES+PCLMUL VectorSize=256
// Job: Job-ZNVNAZ(IterationCount=5, IterationTime=100ms, LaunchCount=1, WarmupCount=3)

WorkloadJitting  1: 1 op, 400100.00 ns, 400.1000 us/op
WorkloadJitting  2: 30 op, 9997200.00 ns, 333.2400 us/op
WorkloadJitting  3: 30 op, 3693100.00 ns, 123.1033 us/op
WorkloadJitting  4: 30 op, 3806700.00 ns, 126.8900 us/op
WorkloadJitting  5: 1 op, 70200.00 ns, 70.2000 us/op

WorkloadPilot    1: 1 op, 68000.00 ns, 68.0000 us/op

WorkloadPilot    1: 16 op, 1863200.00 ns, 116.4500 us/op
WorkloadPilot    2: 864 op, 106002400.00 ns, 122.6880 us/op
WorkloadPilot    3: 816 op, 101427600.00 ns, 124.2985 us/op

WorkloadWarmup   1: 816 op, 101633300.00 ns, 124.5506 us/op
WorkloadWarmup   2: 816 op, 101523300.00 ns, 124.4158 us/op
WorkloadWarmup   3: 816 op, 102826700.00 ns, 126.0131 us/op

// BeforeActualRun
WorkloadActual   1: 816 op, 101625400.00 ns, 124.5409 us/op
WorkloadActual   2: 816 op, 99295700.00 ns, 121.6859 us/op
WorkloadActual   3: 816 op, 100132200.00 ns, 122.7110 us/op
WorkloadActual   4: 816 op, 101925400.00 ns, 124.9086 us/op
WorkloadActual   5: 816 op, 118775400.00 ns, 145.5581 us/op

// AfterActualRun
// BeforeExtraIteration
// AfterExtraIteration
WorkloadExtra    1: 816 op, 101085000.00 ns, 123.8787 us/op
WorkloadResult   1: 816 op, 101625400.00 ns, 124.5409 us/op
WorkloadResult   2: 816 op, 99295700.00 ns, 121.6859 us/op
WorkloadResult   3: 816 op, 100132200.00 ns, 122.7110 us/op
WorkloadResult   4: 816 op, 101925400.00 ns, 124.9086 us/op
// GC:  67 67 67 214084128 816

// AfterAll
// Benchmark Process 51952 has exited with code 0.

Mean = 123.462 μs, StdErr = 0.762 μs (0.62%), N = 4, StdDev = 1.525 μs
Min = 121.686 μs, Q1 = 122.455 μs, Median = 123.626 μs, Q3 = 124.633 μs, Max = 124.909 μs
IQR = 2.178 μs, LowerFence = 119.188 μs, UpperFence = 127.900 μs
ConfidenceInterval = [113.608 μs; 133.315 μs] (CI 99.9%), Margin = 9.853 μs (7.98% of Mean)
Skewness = -0.12, Kurtosis = 0.74, MValue = 2

// ** Remained 13 (32.5%) benchmark(s) to run. Estimated finish 2026-09-20 10:19 (0h 0m from now) **
Setup power plan (GUID: 8c5e7fda-e8bf-4a96-9a85-a6e23a8c635c FriendlyName: High performance)
// **************************
// Benchmark: DeferredChunkWrites.DeferredEdits: Job-ZNVNAZ(IterationCount=5, IterationTime=100ms, LaunchCount=1, WarmupCount=3) [WriteCount=20, Pattern=Terrain]
// *** Execute ***
// Launch: 1 / 1
// Execute: dotnet Tedd.Voxtree.Benchmark-Job-ZNVNAZ-1.dll --ipcPort 56128 --benchmarkName "Tedd.Voxtree.Benchmark.Tests.DeferredChunkWrites.DeferredEdits(WriteCount: 20, Pattern: Terrain)" --job "IterationCount=5, IterationTime=100ms, LaunchCount=1, WarmupCount=3" --diagnoserRunMode 3 --benchmarkId 27 in C:\Users\tedd\.codex\worktrees\deferred-chunk-writes\Tedd.Voxtree\src\Tedd.Voxtree.Benchmark\bin\Release\net10.0\Tedd.Voxtree.Benchmark-Job-ZNVNAZ-1\bin\Release\net10.0
// BeforeAnythingElse

// Benchmark Process Environment Information:
// BenchmarkDotNet v0.16.0-preview.1
// Runtime=.NET 10.0.12 (10.0.12, 10.0.1226.42308), X64 RyuJIT x86-64-v3
// GC=Concurrent Workstation
// HardwareIntrinsics=AVX2+BMI1+BMI2+F16C+FMA+LZCNT+MOVBE,AVX,SSE3+SSSE3+SSE4.1+SSE4.2+POPCNT,X86Base+SSE+SSE2,AES+PCLMUL VectorSize=256
// Job: Job-ZNVNAZ(IterationCount=5, IterationTime=100ms, LaunchCount=1, WarmupCount=3)

WorkloadJitting  1: 1 op, 47600.00 ns, 47.6000 us/op
WorkloadJitting  2: 30 op, 147200.00 ns, 4.9067 us/op
WorkloadJitting  3: 30 op, 62000.00 ns, 2.0667 us/op
WorkloadJitting  4: 30 op, 324100.00 ns, 10.8033 us/op
WorkloadJitting  5: 1 op, 4200.00 ns, 4.2000 us/op

WorkloadPilot    1: 1 op, 3100.00 ns, 3.1000 us/op

WorkloadPilot    1: 16 op, 9000.00 ns, 562.5000 ns/op
WorkloadPilot    2: 177792 op, 63095700.00 ns, 354.8849 ns/op
WorkloadPilot    3: 281792 op, 92005400.00 ns, 326.5011 ns/op
WorkloadPilot    4: 306288 op, 98739000.00 ns, 322.3731 ns/op
WorkloadPilot    5: 310208 op, 99789000.00 ns, 321.6842 ns/op
WorkloadPilot    6: 310864 op, 100107700.00 ns, 322.0305 ns/op
WorkloadPilot    7: 310544 op, 99736400.00 ns, 321.1667 ns/op
WorkloadPilot    8: 311376 op, 100807600.00 ns, 323.7488 ns/op
WorkloadPilot    9: 308896 op, 99590800.00 ns, 322.4088 ns/op
WorkloadPilot   10: 310176 op, 100377100.00 ns, 323.6134 ns/op

WorkloadWarmup   1: 310176 op, 103041400.00 ns, 332.2030 ns/op
WorkloadWarmup   2: 310176 op, 100073500.00 ns, 322.6346 ns/op
WorkloadWarmup   3: 310176 op, 100010800.00 ns, 322.4324 ns/op

// BeforeActualRun
WorkloadActual   1: 310176 op, 100521900.00 ns, 324.0802 ns/op
WorkloadActual   2: 310176 op, 100578000.00 ns, 324.2611 ns/op
WorkloadActual   3: 310176 op, 99968500.00 ns, 322.2961 ns/op
WorkloadActual   4: 310176 op, 100283200.00 ns, 323.3106 ns/op
WorkloadActual   5: 310176 op, 100212600.00 ns, 323.0830 ns/op

// AfterActualRun
// BeforeExtraIteration
// AfterExtraIteration
WorkloadExtra    1: 310176 op, 123122800.00 ns, 396.9450 ns/op
WorkloadResult   1: 310176 op, 100521900.00 ns, 324.0802 ns/op
WorkloadResult   2: 310176 op, 100578000.00 ns, 324.2611 ns/op
WorkloadResult   3: 310176 op, 99968500.00 ns, 322.2961 ns/op
WorkloadResult   4: 310176 op, 100283200.00 ns, 323.3106 ns/op
WorkloadResult   5: 310176 op, 100212600.00 ns, 323.0830 ns/op
// GC:  2 0 0 47146752 310176

// AfterAll
// Benchmark Process 393828 has exited with code 0.

Mean = 323.406 ns, StdErr = 0.356 ns (0.11%), N = 5, StdDev = 0.795 ns
Min = 322.296 ns, Q1 = 323.083 ns, Median = 323.311 ns, Q3 = 324.080 ns, Max = 324.261 ns
IQR = 0.997 ns, LowerFence = 321.587 ns, UpperFence = 325.576 ns
ConfidenceInterval = [320.343 ns; 326.469 ns] (CI 99.9%), Margin = 3.063 ns (0.95% of Mean)
Skewness = -0.19, Kurtosis = 1.13, MValue = 2

// ** Remained 12 (30.0%) benchmark(s) to run. Estimated finish 2026-09-20 10:19 (0h 0m from now) **
Setup power plan (GUID: 8c5e7fda-e8bf-4a96-9a85-a6e23a8c635c FriendlyName: High performance)
// **************************
// Benchmark: DeferredChunkWrites.MarkHotAndCommit: Job-ZNVNAZ(IterationCount=5, IterationTime=100ms, LaunchCount=1, WarmupCount=3) [WriteCount=1, Pattern=Uniform]
// *** Execute ***
// Launch: 1 / 1
// Execute: dotnet Tedd.Voxtree.Benchmark-Job-ZNVNAZ-1.dll --ipcPort 56131 --benchmarkName "Tedd.Voxtree.Benchmark.Tests.DeferredChunkWrites.MarkHotAndCommit(WriteCount: 1, Pattern: Uniform)" --job "IterationCount=5, IterationTime=100ms, LaunchCount=1, WarmupCount=3" --diagnoserRunMode 3 --benchmarkId 28 in C:\Users\tedd\.codex\worktrees\deferred-chunk-writes\Tedd.Voxtree\src\Tedd.Voxtree.Benchmark\bin\Release\net10.0\Tedd.Voxtree.Benchmark-Job-ZNVNAZ-1\bin\Release\net10.0
// BeforeAnythingElse

// Benchmark Process Environment Information:
// BenchmarkDotNet v0.16.0-preview.1
// Runtime=.NET 10.0.12 (10.0.12, 10.0.1226.42308), X64 RyuJIT x86-64-v3
// GC=Concurrent Workstation
// HardwareIntrinsics=AVX2+BMI1+BMI2+F16C+FMA+LZCNT+MOVBE,AVX,SSE3+SSSE3+SSE4.1+SSE4.2+POPCNT,X86Base+SSE+SSE2,AES+PCLMUL VectorSize=256
// Job: Job-ZNVNAZ(IterationCount=5, IterationTime=100ms, LaunchCount=1, WarmupCount=3)

WorkloadJitting  1: 1 op, 130200.00 ns, 130.2000 us/op
WorkloadJitting  2: 30 op, 5148300.00 ns, 171.6100 us/op
WorkloadJitting  3: 30 op, 2854000.00 ns, 95.1333 us/op
WorkloadJitting  4: 30 op, 2552300.00 ns, 85.0767 us/op
WorkloadJitting  5: 1 op, 61600.00 ns, 61.6000 us/op

WorkloadPilot    1: 1 op, 25900.00 ns, 25.9000 us/op

WorkloadPilot    1: 16 op, 1298900.00 ns, 81.1813 us/op
WorkloadPilot    2: 1232 op, 104066600.00 ns, 84.4696 us/op
WorkloadPilot    3: 1184 op, 98813400.00 ns, 83.4573 us/op
WorkloadPilot    4: 1200 op, 101410400.00 ns, 84.5087 us/op
WorkloadPilot    5: 1184 op, 100416700.00 ns, 84.8114 us/op

WorkloadWarmup   1: 1184 op, 99400900.00 ns, 83.9535 us/op
WorkloadWarmup   2: 1184 op, 99291300.00 ns, 83.8609 us/op
WorkloadWarmup   3: 1184 op, 99360500.00 ns, 83.9193 us/op

// BeforeActualRun
WorkloadActual   1: 1184 op, 97854000.00 ns, 82.6470 us/op
WorkloadActual   2: 1184 op, 124977400.00 ns, 105.5552 us/op
WorkloadActual   3: 1184 op, 99051400.00 ns, 83.6583 us/op
WorkloadActual   4: 1184 op, 97614700.00 ns, 82.4448 us/op
WorkloadActual   5: 1184 op, 98249400.00 ns, 82.9809 us/op

// AfterActualRun
// BeforeExtraIteration
// AfterExtraIteration
WorkloadExtra    1: 1184 op, 99509000.00 ns, 84.0448 us/op
WorkloadResult   1: 1184 op, 97854000.00 ns, 82.6470 us/op
WorkloadResult   2: 1184 op, 99051400.00 ns, 83.6583 us/op
WorkloadResult   3: 1184 op, 97614700.00 ns, 82.4448 us/op
WorkloadResult   4: 1184 op, 98249400.00 ns, 82.9809 us/op
// GC:  98 98 98 310917312 1184

// AfterAll
// Benchmark Process 384636 has exited with code 0.

Mean = 82.933 μs, StdErr = 0.266 μs (0.32%), N = 4, StdDev = 0.532 μs
Min = 82.445 μs, Q1 = 82.596 μs, Median = 82.814 μs, Q3 = 83.150 μs, Max = 83.658 μs
IQR = 0.554 μs, LowerFence = 81.766 μs, UpperFence = 83.981 μs
ConfidenceInterval = [79.496 μs; 86.369 μs] (CI 99.9%), Margin = 3.436 μs (4.14% of Mean)
Skewness = 0.4, Kurtosis = 1.06, MValue = 2

// ** Remained 11 (27.5%) benchmark(s) to run. Estimated finish 2026-09-20 10:19 (0h 0m from now) **
Setup power plan (GUID: 8c5e7fda-e8bf-4a96-9a85-a6e23a8c635c FriendlyName: High performance)
// **************************
// Benchmark: DeferredChunkWrites.DeferredAndRepackage: Job-ZNVNAZ(IterationCount=5, IterationTime=100ms, LaunchCount=1, WarmupCount=3) [WriteCount=1, Pattern=Uniform]
// *** Execute ***
// Launch: 1 / 1
// Execute: dotnet Tedd.Voxtree.Benchmark-Job-ZNVNAZ-1.dll --ipcPort 57064 --benchmarkName "Tedd.Voxtree.Benchmark.Tests.DeferredChunkWrites.DeferredAndRepackage(WriteCount: 1, Pattern: Uniform)" --job "IterationCount=5, IterationTime=100ms, LaunchCount=1, WarmupCount=3" --diagnoserRunMode 3 --benchmarkId 29 in C:\Users\tedd\.codex\worktrees\deferred-chunk-writes\Tedd.Voxtree\src\Tedd.Voxtree.Benchmark\bin\Release\net10.0\Tedd.Voxtree.Benchmark-Job-ZNVNAZ-1\bin\Release\net10.0
// BeforeAnythingElse

// Benchmark Process Environment Information:
// BenchmarkDotNet v0.16.0-preview.1
// Runtime=.NET 10.0.12 (10.0.12, 10.0.1226.42308), X64 RyuJIT x86-64-v3
// GC=Concurrent Workstation
// HardwareIntrinsics=AVX2+BMI1+BMI2+F16C+FMA+LZCNT+MOVBE,AVX,SSE3+SSSE3+SSE4.1+SSE4.2+POPCNT,X86Base+SSE+SSE2,AES+PCLMUL VectorSize=256
// Job: Job-ZNVNAZ(IterationCount=5, IterationTime=100ms, LaunchCount=1, WarmupCount=3)

WorkloadJitting  1: 1 op, 355900.00 ns, 355.9000 us/op
WorkloadJitting  2: 30 op, 11305200.00 ns, 376.8400 us/op
WorkloadJitting  3: 30 op, 1487200.00 ns, 49.5733 us/op
WorkloadJitting  4: 30 op, 1250000.00 ns, 41.6667 us/op
WorkloadJitting  5: 1 op, 67200.00 ns, 67.2000 us/op

WorkloadPilot    1: 1 op, 54000.00 ns, 54.0000 us/op

WorkloadPilot    1: 16 op, 701600.00 ns, 43.8500 us/op
WorkloadPilot    2: 2288 op, 93661900.00 ns, 40.9361 us/op
WorkloadPilot    3: 2448 op, 100268400.00 ns, 40.9593 us/op

WorkloadWarmup   1: 2448 op, 100055700.00 ns, 40.8724 us/op
WorkloadWarmup   2: 2448 op, 100085200.00 ns, 40.8845 us/op
WorkloadWarmup   3: 2448 op, 100412800.00 ns, 41.0183 us/op

// BeforeActualRun
WorkloadActual   1: 2448 op, 100120800.00 ns, 40.8990 us/op
WorkloadActual   2: 2448 op, 100110500.00 ns, 40.8948 us/op
WorkloadActual   3: 2448 op, 100244500.00 ns, 40.9496 us/op
WorkloadActual   4: 2448 op, 100253800.00 ns, 40.9533 us/op
WorkloadActual   5: 2448 op, 100932500.00 ns, 41.2306 us/op

// AfterActualRun
// BeforeExtraIteration
// AfterExtraIteration
WorkloadExtra    1: 2448 op, 100138900.00 ns, 40.9064 us/op
WorkloadResult   1: 2448 op, 100120800.00 ns, 40.8990 us/op
WorkloadResult   2: 2448 op, 100110500.00 ns, 40.8948 us/op
WorkloadResult   3: 2448 op, 100244500.00 ns, 40.9496 us/op
WorkloadResult   4: 2448 op, 100253800.00 ns, 40.9533 us/op
// GC:  0 0 0 1175040 2448

// AfterAll
// Benchmark Process 144296 has exited with code 0.

Mean = 40.924 μs, StdErr = 0.016 μs (0.04%), N = 4, StdDev = 0.032 μs
Min = 40.895 μs, Q1 = 40.898 μs, Median = 40.924 μs, Q3 = 40.951 μs, Max = 40.953 μs
IQR = 0.053 μs, LowerFence = 40.819 μs, UpperFence = 41.029 μs
ConfidenceInterval = [40.720 μs; 41.128 μs] (CI 99.9%), Margin = 0.204 μs (0.50% of Mean)
Skewness = -0, Kurtosis = 0.57, MValue = 2

// ** Remained 10 (25.0%) benchmark(s) to run. Estimated finish 2026-09-20 10:19 (0h 0m from now) **
Setup power plan (GUID: 8c5e7fda-e8bf-4a96-9a85-a6e23a8c635c FriendlyName: High performance)
// **************************
// Benchmark: DeferredChunkWrites.MarkHotAndCommit: Job-ZNVNAZ(IterationCount=5, IterationTime=100ms, LaunchCount=1, WarmupCount=3) [WriteCount=1, Pattern=Terrain]
// *** Execute ***
// Launch: 1 / 1
// Execute: dotnet Tedd.Voxtree.Benchmark-Job-ZNVNAZ-1.dll --ipcPort 57068 --benchmarkName "Tedd.Voxtree.Benchmark.Tests.DeferredChunkWrites.MarkHotAndCommit(WriteCount: 1, Pattern: Terrain)" --job "IterationCount=5, IterationTime=100ms, LaunchCount=1, WarmupCount=3" --diagnoserRunMode 3 --benchmarkId 30 in C:\Users\tedd\.codex\worktrees\deferred-chunk-writes\Tedd.Voxtree\src\Tedd.Voxtree.Benchmark\bin\Release\net10.0\Tedd.Voxtree.Benchmark-Job-ZNVNAZ-1\bin\Release\net10.0
// BeforeAnythingElse

// Benchmark Process Environment Information:
// BenchmarkDotNet v0.16.0-preview.1
// Runtime=.NET 10.0.12 (10.0.12, 10.0.1226.42308), X64 RyuJIT x86-64-v3
// GC=Concurrent Workstation
// HardwareIntrinsics=AVX2+BMI1+BMI2+F16C+FMA+LZCNT+MOVBE,AVX,SSE3+SSSE3+SSE4.1+SSE4.2+POPCNT,X86Base+SSE+SSE2,AES+PCLMUL VectorSize=256
// Job: Job-ZNVNAZ(IterationCount=5, IterationTime=100ms, LaunchCount=1, WarmupCount=3)

WorkloadJitting  1: 1 op, 980400.00 ns, 980.4000 us/op
WorkloadJitting  2: 30 op, 13876500.00 ns, 462.5500 us/op
WorkloadJitting  3: 30 op, 7282800.00 ns, 242.7600 us/op
WorkloadJitting  4: 30 op, 7255900.00 ns, 241.8633 us/op
WorkloadJitting  5: 1 op, 192000.00 ns, 192.0000 us/op

WorkloadPilot    1: 1 op, 174300.00 ns, 174.3000 us/op

WorkloadPilot    1: 16 op, 3615700.00 ns, 225.9813 us/op
WorkloadPilot    2: 448 op, 105795000.00 ns, 236.1496 us/op
WorkloadPilot    3: 432 op, 101806400.00 ns, 235.6630 us/op

WorkloadWarmup   1: 432 op, 102854400.00 ns, 238.0889 us/op
WorkloadWarmup   2: 432 op, 101202200.00 ns, 234.2644 us/op
WorkloadWarmup   3: 432 op, 100714600.00 ns, 233.1356 us/op

// BeforeActualRun
WorkloadActual   1: 432 op, 100398300.00 ns, 232.4035 us/op
WorkloadActual   2: 432 op, 100779700.00 ns, 233.2863 us/op
WorkloadActual   3: 432 op, 101031100.00 ns, 233.8683 us/op
WorkloadActual   4: 432 op, 100947800.00 ns, 233.6755 us/op
WorkloadActual   5: 432 op, 100574800.00 ns, 232.8120 us/op

// AfterActualRun
// BeforeExtraIteration
// AfterExtraIteration
WorkloadExtra    1: 432 op, 100159400.00 ns, 231.8505 us/op
WorkloadResult   1: 432 op, 100398300.00 ns, 232.4035 us/op
WorkloadResult   2: 432 op, 100779700.00 ns, 233.2863 us/op
WorkloadResult   3: 432 op, 101031100.00 ns, 233.8683 us/op
WorkloadResult   4: 432 op, 100947800.00 ns, 233.6755 us/op
WorkloadResult   5: 432 op, 100574800.00 ns, 232.8120 us/op
// GC:  35 35 35 117115296 432

// AfterAll
// Benchmark Process 316208 has exited with code 0.

Mean = 233.209 μs, StdErr = 0.271 μs (0.12%), N = 5, StdDev = 0.605 μs
Min = 232.403 μs, Q1 = 232.812 μs, Median = 233.286 μs, Q3 = 233.675 μs, Max = 233.868 μs
IQR = 0.863 μs, LowerFence = 231.517 μs, UpperFence = 234.971 μs
ConfidenceInterval = [230.879 μs; 235.539 μs] (CI 99.9%), Margin = 2.330 μs (1.00% of Mean)
Skewness = -0.18, Kurtosis = 1.02, MValue = 2

// ** Remained 9 (22.5%) benchmark(s) to run. Estimated finish 2026-09-20 10:19 (0h 0m from now) **
Setup power plan (GUID: 8c5e7fda-e8bf-4a96-9a85-a6e23a8c635c FriendlyName: High performance)
// **************************
// Benchmark: DeferredChunkWrites.DeferredAndRepackage: Job-ZNVNAZ(IterationCount=5, IterationTime=100ms, LaunchCount=1, WarmupCount=3) [WriteCount=1, Pattern=Terrain]
// *** Execute ***
// Launch: 1 / 1
// Execute: dotnet Tedd.Voxtree.Benchmark-Job-ZNVNAZ-1.dll --ipcPort 57073 --benchmarkName "Tedd.Voxtree.Benchmark.Tests.DeferredChunkWrites.DeferredAndRepackage(WriteCount: 1, Pattern: Terrain)" --job "IterationCount=5, IterationTime=100ms, LaunchCount=1, WarmupCount=3" --diagnoserRunMode 3 --benchmarkId 31 in C:\Users\tedd\.codex\worktrees\deferred-chunk-writes\Tedd.Voxtree\src\Tedd.Voxtree.Benchmark\bin\Release\net10.0\Tedd.Voxtree.Benchmark-Job-ZNVNAZ-1\bin\Release\net10.0
// BeforeAnythingElse

// Benchmark Process Environment Information:
// BenchmarkDotNet v0.16.0-preview.1
// Runtime=.NET 10.0.12 (10.0.12, 10.0.1226.42308), X64 RyuJIT x86-64-v3
// GC=Concurrent Workstation
// HardwareIntrinsics=AVX2+BMI1+BMI2+F16C+FMA+LZCNT+MOVBE,AVX,SSE3+SSSE3+SSE4.1+SSE4.2+POPCNT,X86Base+SSE+SSE2,AES+PCLMUL VectorSize=256
// Job: Job-ZNVNAZ(IterationCount=5, IterationTime=100ms, LaunchCount=1, WarmupCount=3)

WorkloadJitting  1: 1 op, 3407500.00 ns, 3.4075 ms/op
WorkloadJitting  2: 30 op, 23217500.00 ns, 773.9167 us/op
WorkloadJitting  3: 30 op, 12267400.00 ns, 408.9133 us/op
WorkloadJitting  4: 30 op, 12510800.00 ns, 417.0267 us/op
WorkloadJitting  5: 1 op, 421800.00 ns, 421.8000 us/op

WorkloadPilot    1: 1 op, 417900.00 ns, 417.9000 us/op

WorkloadPilot    1: 16 op, 6447600.00 ns, 402.9750 us/op
WorkloadPilot    2: 256 op, 103409600.00 ns, 403.9438 us/op

WorkloadWarmup   1: 256 op, 102901100.00 ns, 401.9574 us/op
WorkloadWarmup   2: 256 op, 102948500.00 ns, 402.1426 us/op
WorkloadWarmup   3: 256 op, 103280800.00 ns, 403.4406 us/op

// BeforeActualRun
WorkloadActual   1: 256 op, 103095100.00 ns, 402.7152 us/op
WorkloadActual   2: 256 op, 103048900.00 ns, 402.5348 us/op
WorkloadActual   3: 256 op, 102902800.00 ns, 401.9641 us/op
WorkloadActual   4: 256 op, 102913300.00 ns, 402.0051 us/op
WorkloadActual   5: 256 op, 103067400.00 ns, 402.6070 us/op

// AfterActualRun
// BeforeExtraIteration
// AfterExtraIteration
WorkloadExtra    1: 256 op, 103257500.00 ns, 403.3496 us/op
WorkloadResult   1: 256 op, 103095100.00 ns, 402.7152 us/op
WorkloadResult   2: 256 op, 103048900.00 ns, 402.5348 us/op
WorkloadResult   3: 256 op, 102902800.00 ns, 401.9641 us/op
WorkloadResult   4: 256 op, 102913300.00 ns, 402.0051 us/op
WorkloadResult   5: 256 op, 103067400.00 ns, 402.6070 us/op
// GC:  0 0 0 2299904 256

// AfterAll
// Benchmark Process 413964 has exited with code 0.

Mean = 402.365 μs, StdErr = 0.158 μs (0.04%), N = 5, StdDev = 0.354 μs
Min = 401.964 μs, Q1 = 402.005 μs, Median = 402.535 μs, Q3 = 402.607 μs, Max = 402.715 μs
IQR = 0.602 μs, LowerFence = 401.102 μs, UpperFence = 403.510 μs
ConfidenceInterval = [401.003 μs; 403.727 μs] (CI 99.9%), Margin = 1.362 μs (0.34% of Mean)
Skewness = -0.22, Kurtosis = 0.79, MValue = 2

// ** Remained 8 (20.0%) benchmark(s) to run. Estimated finish 2026-09-20 10:19 (0h 0m from now) **
Setup power plan (GUID: 8c5e7fda-e8bf-4a96-9a85-a6e23a8c635c FriendlyName: High performance)
// **************************
// Benchmark: DeferredChunkWrites.MarkHotAndCommit: Job-ZNVNAZ(IterationCount=5, IterationTime=100ms, LaunchCount=1, WarmupCount=3) [WriteCount=5, Pattern=Uniform]
// *** Execute ***
// Launch: 1 / 1
// Execute: dotnet Tedd.Voxtree.Benchmark-Job-ZNVNAZ-1.dll --ipcPort 57076 --benchmarkName "Tedd.Voxtree.Benchmark.Tests.DeferredChunkWrites.MarkHotAndCommit(WriteCount: 5, Pattern: Uniform)" --job "IterationCount=5, IterationTime=100ms, LaunchCount=1, WarmupCount=3" --diagnoserRunMode 3 --benchmarkId 32 in C:\Users\tedd\.codex\worktrees\deferred-chunk-writes\Tedd.Voxtree\src\Tedd.Voxtree.Benchmark\bin\Release\net10.0\Tedd.Voxtree.Benchmark-Job-ZNVNAZ-1\bin\Release\net10.0
// BeforeAnythingElse

// Benchmark Process Environment Information:
// BenchmarkDotNet v0.16.0-preview.1
// Runtime=.NET 10.0.12 (10.0.12, 10.0.1226.42308), X64 RyuJIT x86-64-v3
// GC=Concurrent Workstation
// HardwareIntrinsics=AVX2+BMI1+BMI2+F16C+FMA+LZCNT+MOVBE,AVX,SSE3+SSSE3+SSE4.1+SSE4.2+POPCNT,X86Base+SSE+SSE2,AES+PCLMUL VectorSize=256
// Job: Job-ZNVNAZ(IterationCount=5, IterationTime=100ms, LaunchCount=1, WarmupCount=3)

WorkloadJitting  1: 1 op, 133400.00 ns, 133.4000 us/op
WorkloadJitting  2: 30 op, 5511900.00 ns, 183.7300 us/op
WorkloadJitting  3: 30 op, 2799600.00 ns, 93.3200 us/op
WorkloadJitting  4: 30 op, 2682200.00 ns, 89.4067 us/op
WorkloadJitting  5: 1 op, 38000.00 ns, 38.0000 us/op

WorkloadPilot    1: 1 op, 29000.00 ns, 29.0000 us/op

WorkloadPilot    1: 16 op, 1298700.00 ns, 81.1688 us/op
WorkloadPilot    2: 1232 op, 106956800.00 ns, 86.8156 us/op
WorkloadPilot    3: 1152 op, 100237200.00 ns, 87.0115 us/op

WorkloadWarmup   1: 1152 op, 100257800.00 ns, 87.0293 us/op
WorkloadWarmup   2: 1152 op, 100935400.00 ns, 87.6175 us/op
WorkloadWarmup   3: 1152 op, 99393500.00 ns, 86.2791 us/op

// BeforeActualRun
WorkloadActual   1: 1152 op, 97851000.00 ns, 84.9401 us/op
WorkloadActual   2: 1152 op, 98014200.00 ns, 85.0818 us/op
WorkloadActual   3: 1152 op, 99503200.00 ns, 86.3743 us/op
WorkloadActual   4: 1152 op, 105115000.00 ns, 91.2457 us/op
WorkloadActual   5: 1152 op, 106487300.00 ns, 92.4369 us/op

// AfterActualRun
// BeforeExtraIteration
// AfterExtraIteration
WorkloadExtra    1: 1152 op, 96944400.00 ns, 84.1531 us/op
WorkloadResult   1: 1152 op, 97851000.00 ns, 84.9401 us/op
WorkloadResult   2: 1152 op, 98014200.00 ns, 85.0818 us/op
WorkloadResult   3: 1152 op, 99503200.00 ns, 86.3743 us/op
WorkloadResult   4: 1152 op, 105115000.00 ns, 91.2457 us/op
WorkloadResult   5: 1152 op, 106487300.00 ns, 92.4369 us/op
// GC:  95 95 95 302614944 1152

// AfterAll
// Benchmark Process 384800 has exited with code 0.

Mean = 88.016 μs, StdErr = 1.593 μs (1.81%), N = 5, StdDev = 3.562 μs
Min = 84.940 μs, Q1 = 85.082 μs, Median = 86.374 μs, Q3 = 91.246 μs, Max = 92.437 μs
IQR = 6.164 μs, LowerFence = 75.836 μs, UpperFence = 100.491 μs
ConfidenceInterval = [74.301 μs; 101.730 μs] (CI 99.9%), Margin = 13.715 μs (15.58% of Mean)
Skewness = 0.27, Kurtosis = 0.82, MValue = 2

// ** Remained 7 (17.5%) benchmark(s) to run. Estimated finish 2026-09-20 10:19 (0h 0m from now) **
Setup power plan (GUID: 8c5e7fda-e8bf-4a96-9a85-a6e23a8c635c FriendlyName: High performance)
// **************************
// Benchmark: DeferredChunkWrites.DeferredAndRepackage: Job-ZNVNAZ(IterationCount=5, IterationTime=100ms, LaunchCount=1, WarmupCount=3) [WriteCount=5, Pattern=Uniform]
// *** Execute ***
// Launch: 1 / 1
// Execute: dotnet Tedd.Voxtree.Benchmark-Job-ZNVNAZ-1.dll --ipcPort 57082 --benchmarkName "Tedd.Voxtree.Benchmark.Tests.DeferredChunkWrites.DeferredAndRepackage(WriteCount: 5, Pattern: Uniform)" --job "IterationCount=5, IterationTime=100ms, LaunchCount=1, WarmupCount=3" --diagnoserRunMode 3 --benchmarkId 33 in C:\Users\tedd\.codex\worktrees\deferred-chunk-writes\Tedd.Voxtree\src\Tedd.Voxtree.Benchmark\bin\Release\net10.0\Tedd.Voxtree.Benchmark-Job-ZNVNAZ-1\bin\Release\net10.0
// BeforeAnythingElse

// Benchmark Process Environment Information:
// BenchmarkDotNet v0.16.0-preview.1
// Runtime=.NET 10.0.12 (10.0.12, 10.0.1226.42308), X64 RyuJIT x86-64-v3
// GC=Concurrent Workstation
// HardwareIntrinsics=AVX2+BMI1+BMI2+F16C+FMA+LZCNT+MOVBE,AVX,SSE3+SSSE3+SSE4.1+SSE4.2+POPCNT,X86Base+SSE+SSE2,AES+PCLMUL VectorSize=256
// Job: Job-ZNVNAZ(IterationCount=5, IterationTime=100ms, LaunchCount=1, WarmupCount=3)

WorkloadJitting  1: 1 op, 364600.00 ns, 364.6000 us/op
WorkloadJitting  2: 30 op, 11963900.00 ns, 398.7967 us/op
WorkloadJitting  3: 30 op, 1760500.00 ns, 58.6833 us/op
WorkloadJitting  4: 30 op, 1504000.00 ns, 50.1333 us/op
WorkloadJitting  5: 1 op, 106900.00 ns, 106.9000 us/op

WorkloadPilot    1: 1 op, 63200.00 ns, 63.2000 us/op

WorkloadPilot    1: 16 op, 786300.00 ns, 49.1438 us/op
WorkloadPilot    2: 2048 op, 99172600.00 ns, 48.4241 us/op
WorkloadPilot    3: 2080 op, 100615600.00 ns, 48.3729 us/op

WorkloadWarmup   1: 2080 op, 100266000.00 ns, 48.2048 us/op
WorkloadWarmup   2: 2080 op, 100592000.00 ns, 48.3615 us/op
WorkloadWarmup   3: 2080 op, 102043000.00 ns, 49.0591 us/op

// BeforeActualRun
WorkloadActual   1: 2080 op, 100553300.00 ns, 48.3429 us/op
WorkloadActual   2: 2080 op, 102235700.00 ns, 49.1518 us/op
WorkloadActual   3: 2080 op, 101059400.00 ns, 48.5863 us/op
WorkloadActual   4: 2080 op, 100881400.00 ns, 48.5007 us/op
WorkloadActual   5: 2080 op, 100408100.00 ns, 48.2731 us/op

// AfterActualRun
// BeforeExtraIteration
// AfterExtraIteration
WorkloadExtra    1: 2080 op, 100057700.00 ns, 48.1047 us/op
WorkloadResult   1: 2080 op, 100553300.00 ns, 48.3429 us/op
WorkloadResult   2: 2080 op, 101059400.00 ns, 48.5863 us/op
WorkloadResult   3: 2080 op, 100881400.00 ns, 48.5007 us/op
WorkloadResult   4: 2080 op, 100408100.00 ns, 48.2731 us/op
// GC:  0 0 0 1181440 2080

// AfterAll
// Benchmark Process 160764 has exited with code 0.

Mean = 48.426 μs, StdErr = 0.072 μs (0.15%), N = 4, StdDev = 0.143 μs
Min = 48.273 μs, Q1 = 48.325 μs, Median = 48.422 μs, Q3 = 48.522 μs, Max = 48.586 μs
IQR = 0.197 μs, LowerFence = 48.031 μs, UpperFence = 48.817 μs
ConfidenceInterval = [47.500 μs; 49.351 μs] (CI 99.9%), Margin = 0.925 μs (1.91% of Mean)
Skewness = 0.04, Kurtosis = 0.76, MValue = 2

// ** Remained 6 (15.0%) benchmark(s) to run. Estimated finish 2026-09-20 10:19 (0h 0m from now) **
Setup power plan (GUID: 8c5e7fda-e8bf-4a96-9a85-a6e23a8c635c FriendlyName: High performance)
// **************************
// Benchmark: DeferredChunkWrites.MarkHotAndCommit: Job-ZNVNAZ(IterationCount=5, IterationTime=100ms, LaunchCount=1, WarmupCount=3) [WriteCount=5, Pattern=Terrain]
// *** Execute ***
// Launch: 1 / 1
// Execute: dotnet Tedd.Voxtree.Benchmark-Job-ZNVNAZ-1.dll --ipcPort 57086 --benchmarkName "Tedd.Voxtree.Benchmark.Tests.DeferredChunkWrites.MarkHotAndCommit(WriteCount: 5, Pattern: Terrain)" --job "IterationCount=5, IterationTime=100ms, LaunchCount=1, WarmupCount=3" --diagnoserRunMode 3 --benchmarkId 34 in C:\Users\tedd\.codex\worktrees\deferred-chunk-writes\Tedd.Voxtree\src\Tedd.Voxtree.Benchmark\bin\Release\net10.0\Tedd.Voxtree.Benchmark-Job-ZNVNAZ-1\bin\Release\net10.0
// BeforeAnythingElse

// Benchmark Process Environment Information:
// BenchmarkDotNet v0.16.0-preview.1
// Runtime=.NET 10.0.12 (10.0.12, 10.0.1226.42308), X64 RyuJIT x86-64-v3
// GC=Concurrent Workstation
// HardwareIntrinsics=AVX2+BMI1+BMI2+F16C+FMA+LZCNT+MOVBE,AVX,SSE3+SSSE3+SSE4.1+SSE4.2+POPCNT,X86Base+SSE+SSE2,AES+PCLMUL VectorSize=256
// Job: Job-ZNVNAZ(IterationCount=5, IterationTime=100ms, LaunchCount=1, WarmupCount=3)

WorkloadJitting  1: 1 op, 790700.00 ns, 790.7000 us/op
WorkloadJitting  2: 30 op, 15122400.00 ns, 504.0800 us/op
WorkloadJitting  3: 30 op, 7138000.00 ns, 237.9333 us/op
WorkloadJitting  4: 30 op, 6959300.00 ns, 231.9767 us/op
WorkloadJitting  5: 1 op, 192900.00 ns, 192.9000 us/op

WorkloadPilot    1: 1 op, 176300.00 ns, 176.3000 us/op

WorkloadPilot    1: 16 op, 4038400.00 ns, 252.4000 us/op
WorkloadPilot    2: 400 op, 96847500.00 ns, 242.1188 us/op
WorkloadPilot    3: 416 op, 99522900.00 ns, 239.2377 us/op
WorkloadPilot    4: 432 op, 100010900.00 ns, 231.5067 us/op

WorkloadWarmup   1: 432 op, 100659600.00 ns, 233.0083 us/op
WorkloadWarmup   2: 432 op, 102271800.00 ns, 236.7403 us/op
WorkloadWarmup   3: 432 op, 101341800.00 ns, 234.5875 us/op

// BeforeActualRun
WorkloadActual   1: 432 op, 100679300.00 ns, 233.0539 us/op
WorkloadActual   2: 432 op, 101591900.00 ns, 235.1664 us/op
WorkloadActual   3: 432 op, 100159700.00 ns, 231.8512 us/op
WorkloadActual   4: 432 op, 100363500.00 ns, 232.3229 us/op
WorkloadActual   5: 432 op, 99018600.00 ns, 229.2097 us/op

// AfterActualRun
// BeforeExtraIteration
// AfterExtraIteration
WorkloadExtra    1: 432 op, 102696900.00 ns, 237.7243 us/op
WorkloadResult   1: 432 op, 100679300.00 ns, 233.0539 us/op
WorkloadResult   2: 432 op, 100159700.00 ns, 231.8512 us/op
WorkloadResult   3: 432 op, 100363500.00 ns, 232.3229 us/op
WorkloadResult   4: 432 op, 99018600.00 ns, 229.2097 us/op
// GC:  35 35 35 117149856 432

// AfterAll
// Benchmark Process 314724 has exited with code 0.

Mean = 231.609 μs, StdErr = 0.837 μs (0.36%), N = 4, StdDev = 1.675 μs
Min = 229.210 μs, Q1 = 231.191 μs, Median = 232.087 μs, Q3 = 232.506 μs, Max = 233.054 μs
IQR = 1.315 μs, LowerFence = 229.218 μs, UpperFence = 234.478 μs
ConfidenceInterval = [220.788 μs; 242.431 μs] (CI 99.9%), Margin = 10.821 μs (4.67% of Mean)
Skewness = -0.56, Kurtosis = 1.2, MValue = 2

// ** Remained 5 (12.5%) benchmark(s) to run. Estimated finish 2026-09-20 10:19 (0h 0m from now) **
Setup power plan (GUID: 8c5e7fda-e8bf-4a96-9a85-a6e23a8c635c FriendlyName: High performance)
// **************************
// Benchmark: DeferredChunkWrites.DeferredAndRepackage: Job-ZNVNAZ(IterationCount=5, IterationTime=100ms, LaunchCount=1, WarmupCount=3) [WriteCount=5, Pattern=Terrain]
// *** Execute ***
// Launch: 1 / 1
// Execute: dotnet Tedd.Voxtree.Benchmark-Job-ZNVNAZ-1.dll --ipcPort 57095 --benchmarkName "Tedd.Voxtree.Benchmark.Tests.DeferredChunkWrites.DeferredAndRepackage(WriteCount: 5, Pattern: Terrain)" --job "IterationCount=5, IterationTime=100ms, LaunchCount=1, WarmupCount=3" --diagnoserRunMode 3 --benchmarkId 35 in C:\Users\tedd\.codex\worktrees\deferred-chunk-writes\Tedd.Voxtree\src\Tedd.Voxtree.Benchmark\bin\Release\net10.0\Tedd.Voxtree.Benchmark-Job-ZNVNAZ-1\bin\Release\net10.0
// BeforeAnythingElse

// Benchmark Process Environment Information:
// BenchmarkDotNet v0.16.0-preview.1
// Runtime=.NET 10.0.12 (10.0.12, 10.0.1226.42308), X64 RyuJIT x86-64-v3
// GC=Concurrent Workstation
// HardwareIntrinsics=AVX2+BMI1+BMI2+F16C+FMA+LZCNT+MOVBE,AVX,SSE3+SSSE3+SSE4.1+SSE4.2+POPCNT,X86Base+SSE+SSE2,AES+PCLMUL VectorSize=256
// Job: Job-ZNVNAZ(IterationCount=5, IterationTime=100ms, LaunchCount=1, WarmupCount=3)

WorkloadJitting  1: 1 op, 2758400.00 ns, 2.7584 ms/op
WorkloadJitting  2: 30 op, 34373200.00 ns, 1.1458 ms/op
WorkloadJitting  3: 30 op, 12495300.00 ns, 416.5100 us/op
WorkloadJitting  4: 30 op, 12195700.00 ns, 406.5233 us/op
WorkloadJitting  5: 1 op, 431000.00 ns, 431.0000 us/op

WorkloadPilot    1: 1 op, 427600.00 ns, 427.6000 us/op

WorkloadPilot    1: 16 op, 6522700.00 ns, 407.6688 us/op
WorkloadPilot    2: 256 op, 104442800.00 ns, 407.9797 us/op

WorkloadWarmup   1: 256 op, 103897100.00 ns, 405.8480 us/op
WorkloadWarmup   2: 256 op, 103848800.00 ns, 405.6594 us/op
WorkloadWarmup   3: 256 op, 103805800.00 ns, 405.4914 us/op

// BeforeActualRun
WorkloadActual   1: 256 op, 104541700.00 ns, 408.3660 us/op
WorkloadActual   2: 256 op, 103959200.00 ns, 406.0906 us/op
WorkloadActual   3: 256 op, 103839500.00 ns, 405.6230 us/op
WorkloadActual   4: 256 op, 103841500.00 ns, 405.6309 us/op
WorkloadActual   5: 256 op, 103971800.00 ns, 406.1398 us/op

// AfterActualRun
// BeforeExtraIteration
// AfterExtraIteration
WorkloadExtra    1: 256 op, 110817500.00 ns, 432.8809 us/op
WorkloadResult   1: 256 op, 103959200.00 ns, 406.0906 us/op
WorkloadResult   2: 256 op, 103839500.00 ns, 405.6230 us/op
WorkloadResult   3: 256 op, 103841500.00 ns, 405.6309 us/op
WorkloadResult   4: 256 op, 103971800.00 ns, 406.1398 us/op
// GC:  0 0 0 2320384 256

// AfterAll
// Benchmark Process 293728 has exited with code 0.

Mean = 405.871 μs, StdErr = 0.141 μs (0.03%), N = 4, StdDev = 0.283 μs
Min = 405.623 μs, Q1 = 405.629 μs, Median = 405.861 μs, Q3 = 406.103 μs, Max = 406.140 μs
IQR = 0.474 μs, LowerFence = 404.918 μs, UpperFence = 406.814 μs
ConfidenceInterval = [404.045 μs; 407.698 μs] (CI 99.9%), Margin = 1.826 μs (0.45% of Mean)
Skewness = 0.01, Kurtosis = 0.57, MValue = 2

// ** Remained 4 (10.0%) benchmark(s) to run. Estimated finish 2026-09-20 10:19 (0h 0m from now) **
Setup power plan (GUID: 8c5e7fda-e8bf-4a96-9a85-a6e23a8c635c FriendlyName: High performance)
// **************************
// Benchmark: DeferredChunkWrites.MarkHotAndCommit: Job-ZNVNAZ(IterationCount=5, IterationTime=100ms, LaunchCount=1, WarmupCount=3) [WriteCount=20, Pattern=Uniform]
// *** Execute ***
// Launch: 1 / 1
// Execute: dotnet Tedd.Voxtree.Benchmark-Job-ZNVNAZ-1.dll --ipcPort 57098 --benchmarkName "Tedd.Voxtree.Benchmark.Tests.DeferredChunkWrites.MarkHotAndCommit(WriteCount: 20, Pattern: Uniform)" --job "IterationCount=5, IterationTime=100ms, LaunchCount=1, WarmupCount=3" --diagnoserRunMode 3 --benchmarkId 36 in C:\Users\tedd\.codex\worktrees\deferred-chunk-writes\Tedd.Voxtree\src\Tedd.Voxtree.Benchmark\bin\Release\net10.0\Tedd.Voxtree.Benchmark-Job-ZNVNAZ-1\bin\Release\net10.0
// BeforeAnythingElse

// Benchmark Process Environment Information:
// BenchmarkDotNet v0.16.0-preview.1
// Runtime=.NET 10.0.12 (10.0.12, 10.0.1226.42308), X64 RyuJIT x86-64-v3
// GC=Concurrent Workstation
// HardwareIntrinsics=AVX2+BMI1+BMI2+F16C+FMA+LZCNT+MOVBE,AVX,SSE3+SSSE3+SSE4.1+SSE4.2+POPCNT,X86Base+SSE+SSE2,AES+PCLMUL VectorSize=256
// Job: Job-ZNVNAZ(IterationCount=5, IterationTime=100ms, LaunchCount=1, WarmupCount=3)

WorkloadJitting  1: 1 op, 148000.00 ns, 148.0000 us/op
WorkloadJitting  2: 30 op, 5806600.00 ns, 193.5533 us/op
WorkloadJitting  3: 30 op, 2968500.00 ns, 98.9500 us/op
WorkloadJitting  4: 30 op, 2904200.00 ns, 96.8067 us/op
WorkloadJitting  5: 1 op, 51700.00 ns, 51.7000 us/op

WorkloadPilot    1: 1 op, 43300.00 ns, 43.3000 us/op

WorkloadPilot    1: 16 op, 1432100.00 ns, 89.5063 us/op
WorkloadPilot    2: 1120 op, 108128100.00 ns, 96.5429 us/op
WorkloadPilot    3: 1040 op, 100103500.00 ns, 96.2534 us/op

WorkloadWarmup   1: 1040 op, 98211800.00 ns, 94.4344 us/op
WorkloadWarmup   2: 1040 op, 100413300.00 ns, 96.5513 us/op
WorkloadWarmup   3: 1040 op, 98413300.00 ns, 94.6282 us/op

// BeforeActualRun
WorkloadActual   1: 1040 op, 97103200.00 ns, 93.3685 us/op
WorkloadActual   2: 1040 op, 96983800.00 ns, 93.2537 us/op
WorkloadActual   3: 1040 op, 97377100.00 ns, 93.6318 us/op
WorkloadActual   4: 1040 op, 98550800.00 ns, 94.7604 us/op
WorkloadActual   5: 1040 op, 102810000.00 ns, 98.8558 us/op

// AfterActualRun
// BeforeExtraIteration
// AfterExtraIteration
WorkloadExtra    1: 1040 op, 97329900.00 ns, 93.5864 us/op
WorkloadResult   1: 1040 op, 97103200.00 ns, 93.3685 us/op
WorkloadResult   2: 1040 op, 96983800.00 ns, 93.2537 us/op
WorkloadResult   3: 1040 op, 97377100.00 ns, 93.6318 us/op
WorkloadResult   4: 1040 op, 98550800.00 ns, 94.7604 us/op
// GC:  86 86 86 273643712 1040

// AfterAll
// Benchmark Process 37824 has exited with code 0.

Mean = 93.754 μs, StdErr = 0.345 μs (0.37%), N = 4, StdDev = 0.690 μs
Min = 93.254 μs, Q1 = 93.340 μs, Median = 93.500 μs, Q3 = 93.914 μs, Max = 94.760 μs
IQR = 0.574 μs, LowerFence = 92.478 μs, UpperFence = 94.775 μs
ConfidenceInterval = [89.297 μs; 98.210 μs] (CI 99.9%), Margin = 4.456 μs (4.75% of Mean)
Skewness = 0.64, Kurtosis = 1.23, MValue = 2

// ** Remained 3 (7.5%) benchmark(s) to run. Estimated finish 2026-09-20 10:19 (0h 0m from now) **
Setup power plan (GUID: 8c5e7fda-e8bf-4a96-9a85-a6e23a8c635c FriendlyName: High performance)
// **************************
// Benchmark: DeferredChunkWrites.DeferredAndRepackage: Job-ZNVNAZ(IterationCount=5, IterationTime=100ms, LaunchCount=1, WarmupCount=3) [WriteCount=20, Pattern=Uniform]
// *** Execute ***
// Launch: 1 / 1
// Execute: dotnet Tedd.Voxtree.Benchmark-Job-ZNVNAZ-1.dll --ipcPort 57103 --benchmarkName "Tedd.Voxtree.Benchmark.Tests.DeferredChunkWrites.DeferredAndRepackage(WriteCount: 20, Pattern: Uniform)" --job "IterationCount=5, IterationTime=100ms, LaunchCount=1, WarmupCount=3" --diagnoserRunMode 3 --benchmarkId 37 in C:\Users\tedd\.codex\worktrees\deferred-chunk-writes\Tedd.Voxtree\src\Tedd.Voxtree.Benchmark\bin\Release\net10.0\Tedd.Voxtree.Benchmark-Job-ZNVNAZ-1\bin\Release\net10.0
// BeforeAnythingElse

// Benchmark Process Environment Information:
// BenchmarkDotNet v0.16.0-preview.1
// Runtime=.NET 10.0.12 (10.0.12, 10.0.1226.42308), X64 RyuJIT x86-64-v3
// GC=Concurrent Workstation
// HardwareIntrinsics=AVX2+BMI1+BMI2+F16C+FMA+LZCNT+MOVBE,AVX,SSE3+SSSE3+SSE4.1+SSE4.2+POPCNT,X86Base+SSE+SSE2,AES+PCLMUL VectorSize=256
// Job: Job-ZNVNAZ(IterationCount=5, IterationTime=100ms, LaunchCount=1, WarmupCount=3)

WorkloadJitting  1: 1 op, 540500.00 ns, 540.5000 us/op
WorkloadJitting  2: 30 op, 18493600.00 ns, 616.4533 us/op
WorkloadJitting  3: 30 op, 2869900.00 ns, 95.6633 us/op
WorkloadJitting  4: 30 op, 3037200.00 ns, 101.2400 us/op
WorkloadJitting  5: 1 op, 106500.00 ns, 106.5000 us/op

WorkloadPilot    1: 1 op, 104600.00 ns, 104.6000 us/op

WorkloadPilot    1: 16 op, 1423800.00 ns, 88.9875 us/op
WorkloadPilot    2: 1136 op, 99608000.00 ns, 87.6831 us/op
WorkloadPilot    3: 1152 op, 100951600.00 ns, 87.6316 us/op

WorkloadWarmup   1: 1152 op, 101211300.00 ns, 87.8570 us/op
WorkloadWarmup   2: 1152 op, 101105400.00 ns, 87.7651 us/op
WorkloadWarmup   3: 1152 op, 100961400.00 ns, 87.6401 us/op

// BeforeActualRun
WorkloadActual   1: 1152 op, 101019700.00 ns, 87.6907 us/op
WorkloadActual   2: 1152 op, 101005500.00 ns, 87.6784 us/op
WorkloadActual   3: 1152 op, 101230500.00 ns, 87.8737 us/op
WorkloadActual   4: 1152 op, 100961100.00 ns, 87.6398 us/op
WorkloadActual   5: 1152 op, 101038300.00 ns, 87.7069 us/op

// AfterActualRun
// BeforeExtraIteration
// AfterExtraIteration
WorkloadExtra    1: 1152 op, 101137700.00 ns, 87.7931 us/op
WorkloadResult   1: 1152 op, 101019700.00 ns, 87.6907 us/op
WorkloadResult   2: 1152 op, 101005500.00 ns, 87.6784 us/op
WorkloadResult   3: 1152 op, 100961100.00 ns, 87.6398 us/op
WorkloadResult   4: 1152 op, 101038300.00 ns, 87.7069 us/op
// GC:  0 0 0 1152000 1152

// AfterAll
// Benchmark Process 307132 has exited with code 0.

Mean = 87.679 μs, StdErr = 0.014 μs (0.02%), N = 4, StdDev = 0.029 μs
Min = 87.640 μs, Q1 = 87.669 μs, Median = 87.685 μs, Q3 = 87.695 μs, Max = 87.707 μs
IQR = 0.026 μs, LowerFence = 87.630 μs, UpperFence = 87.734 μs
ConfidenceInterval = [87.494 μs; 87.863 μs] (CI 99.9%), Margin = 0.185 μs (0.21% of Mean)
Skewness = -0.39, Kurtosis = 1.11, MValue = 2

// ** Remained 2 (5.0%) benchmark(s) to run. Estimated finish 2026-09-20 10:19 (0h 0m from now) **
Setup power plan (GUID: 8c5e7fda-e8bf-4a96-9a85-a6e23a8c635c FriendlyName: High performance)
// **************************
// Benchmark: DeferredChunkWrites.MarkHotAndCommit: Job-ZNVNAZ(IterationCount=5, IterationTime=100ms, LaunchCount=1, WarmupCount=3) [WriteCount=20, Pattern=Terrain]
// *** Execute ***
// Launch: 1 / 1
// Execute: dotnet Tedd.Voxtree.Benchmark-Job-ZNVNAZ-1.dll --ipcPort 57108 --benchmarkName "Tedd.Voxtree.Benchmark.Tests.DeferredChunkWrites.MarkHotAndCommit(WriteCount: 20, Pattern: Terrain)" --job "IterationCount=5, IterationTime=100ms, LaunchCount=1, WarmupCount=3" --diagnoserRunMode 3 --benchmarkId 38 in C:\Users\tedd\.codex\worktrees\deferred-chunk-writes\Tedd.Voxtree\src\Tedd.Voxtree.Benchmark\bin\Release\net10.0\Tedd.Voxtree.Benchmark-Job-ZNVNAZ-1\bin\Release\net10.0
// BeforeAnythingElse

// Benchmark Process Environment Information:
// BenchmarkDotNet v0.16.0-preview.1
// Runtime=.NET 10.0.12 (10.0.12, 10.0.1226.42308), X64 RyuJIT x86-64-v3
// GC=Concurrent Workstation
// HardwareIntrinsics=AVX2+BMI1+BMI2+F16C+FMA+LZCNT+MOVBE,AVX,SSE3+SSSE3+SSE4.1+SSE4.2+POPCNT,X86Base+SSE+SSE2,AES+PCLMUL VectorSize=256
// Job: Job-ZNVNAZ(IterationCount=5, IterationTime=100ms, LaunchCount=1, WarmupCount=3)

WorkloadJitting  1: 1 op, 1036100.00 ns, 1.0361 ms/op
WorkloadJitting  2: 30 op, 16742900.00 ns, 558.0967 us/op
WorkloadJitting  3: 30 op, 7471100.00 ns, 249.0367 us/op
WorkloadJitting  4: 30 op, 7072700.00 ns, 235.7567 us/op
WorkloadJitting  5: 1 op, 224800.00 ns, 224.8000 us/op

WorkloadPilot    1: 1 op, 187500.00 ns, 187.5000 us/op

WorkloadPilot    1: 16 op, 3760500.00 ns, 235.0313 us/op
WorkloadPilot    2: 432 op, 104354500.00 ns, 241.5613 us/op
WorkloadPilot    3: 416 op, 99471600.00 ns, 239.1144 us/op
WorkloadPilot    4: 432 op, 103378000.00 ns, 239.3009 us/op

WorkloadWarmup   1: 432 op, 104635800.00 ns, 242.2125 us/op
WorkloadWarmup   2: 432 op, 104638000.00 ns, 242.2176 us/op
WorkloadWarmup   3: 432 op, 106619400.00 ns, 246.8042 us/op

// BeforeActualRun
WorkloadActual   1: 432 op, 102955600.00 ns, 238.3231 us/op
WorkloadActual   2: 432 op, 103371000.00 ns, 239.2847 us/op
WorkloadActual   3: 432 op, 104848200.00 ns, 242.7042 us/op
WorkloadActual   4: 432 op, 104567000.00 ns, 242.0532 us/op
WorkloadActual   5: 432 op, 103694800.00 ns, 240.0343 us/op

// AfterActualRun
// BeforeExtraIteration
// AfterExtraIteration
WorkloadExtra    1: 432 op, 105277800.00 ns, 243.6986 us/op
WorkloadResult   1: 432 op, 102955600.00 ns, 238.3231 us/op
WorkloadResult   2: 432 op, 103371000.00 ns, 239.2847 us/op
WorkloadResult   3: 432 op, 104848200.00 ns, 242.7042 us/op
WorkloadResult   4: 432 op, 104567000.00 ns, 242.0532 us/op
WorkloadResult   5: 432 op, 103694800.00 ns, 240.0343 us/op
// GC:  35 35 35 117298464 432

// AfterAll
// Benchmark Process 94852 has exited with code 0.

Mean = 240.480 μs, StdErr = 0.828 μs (0.34%), N = 5, StdDev = 1.851 μs
Min = 238.323 μs, Q1 = 239.285 μs, Median = 240.034 μs, Q3 = 242.053 μs, Max = 242.704 μs
IQR = 2.769 μs, LowerFence = 235.132 μs, UpperFence = 246.206 μs
ConfidenceInterval = [233.353 μs; 247.607 μs] (CI 99.9%), Margin = 7.127 μs (2.96% of Mean)
Skewness = 0.1, Kurtosis = 0.93, MValue = 2

// ** Remained 1 (2.5%) benchmark(s) to run. Estimated finish 2026-09-20 10:19 (0h 0m from now) **
Setup power plan (GUID: 8c5e7fda-e8bf-4a96-9a85-a6e23a8c635c FriendlyName: High performance)
// **************************
// Benchmark: DeferredChunkWrites.DeferredAndRepackage: Job-ZNVNAZ(IterationCount=5, IterationTime=100ms, LaunchCount=1, WarmupCount=3) [WriteCount=20, Pattern=Terrain]
// *** Execute ***
// Launch: 1 / 1
// Execute: dotnet Tedd.Voxtree.Benchmark-Job-ZNVNAZ-1.dll --ipcPort 57111 --benchmarkName "Tedd.Voxtree.Benchmark.Tests.DeferredChunkWrites.DeferredAndRepackage(WriteCount: 20, Pattern: Terrain)" --job "IterationCount=5, IterationTime=100ms, LaunchCount=1, WarmupCount=3" --diagnoserRunMode 3 --benchmarkId 39 in C:\Users\tedd\.codex\worktrees\deferred-chunk-writes\Tedd.Voxtree\src\Tedd.Voxtree.Benchmark\bin\Release\net10.0\Tedd.Voxtree.Benchmark-Job-ZNVNAZ-1\bin\Release\net10.0
// BeforeAnythingElse

// Benchmark Process Environment Information:
// BenchmarkDotNet v0.16.0-preview.1
// Runtime=.NET 10.0.12 (10.0.12, 10.0.1226.42308), X64 RyuJIT x86-64-v3
// GC=Concurrent Workstation
// HardwareIntrinsics=AVX2+BMI1+BMI2+F16C+FMA+LZCNT+MOVBE,AVX,SSE3+SSSE3+SSE4.1+SSE4.2+POPCNT,X86Base+SSE+SSE2,AES+PCLMUL VectorSize=256
// Job: Job-ZNVNAZ(IterationCount=5, IterationTime=100ms, LaunchCount=1, WarmupCount=3)

WorkloadJitting  1: 1 op, 3463800.00 ns, 3.4638 ms/op
WorkloadJitting  2: 30 op, 28404800.00 ns, 946.8267 us/op
WorkloadJitting  3: 30 op, 13703600.00 ns, 456.7867 us/op
WorkloadJitting  4: 30 op, 13658700.00 ns, 455.2900 us/op
WorkloadJitting  5: 1 op, 468300.00 ns, 468.3000 us/op

WorkloadPilot    1: 1 op, 461500.00 ns, 461.5000 us/op

WorkloadPilot    1: 16 op, 7220500.00 ns, 451.2813 us/op
WorkloadPilot    2: 224 op, 100778800.00 ns, 449.9054 us/op

WorkloadWarmup   1: 224 op, 100924800.00 ns, 450.5571 us/op
WorkloadWarmup   2: 224 op, 100340100.00 ns, 447.9469 us/op
WorkloadWarmup   3: 224 op, 100381100.00 ns, 448.1299 us/op

// BeforeActualRun
WorkloadActual   1: 224 op, 101027600.00 ns, 451.0161 us/op
WorkloadActual   2: 224 op, 100335400.00 ns, 447.9259 us/op
WorkloadActual   3: 224 op, 101717400.00 ns, 454.0955 us/op
WorkloadActual   4: 224 op, 100456100.00 ns, 448.4647 us/op
WorkloadActual   5: 224 op, 101363300.00 ns, 452.5147 us/op

// AfterActualRun
// BeforeExtraIteration
// AfterExtraIteration
WorkloadExtra    1: 224 op, 100692400.00 ns, 449.5196 us/op
WorkloadResult   1: 224 op, 101027600.00 ns, 451.0161 us/op
WorkloadResult   2: 224 op, 100335400.00 ns, 447.9259 us/op
WorkloadResult   3: 224 op, 101717400.00 ns, 454.0955 us/op
WorkloadResult   4: 224 op, 100456100.00 ns, 448.4647 us/op
WorkloadResult   5: 224 op, 101363300.00 ns, 452.5147 us/op
// GC:  0 0 0 2107392 224

// AfterAll
// Benchmark Process 149964 has exited with code 0.

Mean = 450.803 μs, StdErr = 1.174 μs (0.26%), N = 5, StdDev = 2.625 μs
Min = 447.926 μs, Q1 = 448.465 μs, Median = 451.016 μs, Q3 = 452.515 μs, Max = 454.096 μs
IQR = 4.050 μs, LowerFence = 442.390 μs, UpperFence = 458.590 μs
ConfidenceInterval = [440.696 μs; 460.911 μs] (CI 99.9%), Margin = 10.108 μs (2.24% of Mean)
Skewness = 0.05, Kurtosis = 0.95, MValue = 2

// ** Remained 0 (0.0%) benchmark(s) to run. Estimated finish 2026-09-20 10:19 (0h 0m from now) **
Successfully reverted power plan (GUID: 8c5e7fda-e8bf-4a96-9a85-a6e23a8c635c FriendlyName: High performance)
// ***** BenchmarkRunner: Finish  *****

// * Export *
  src\Tedd.Voxtree.Benchmark\Results\2026-09-20-deferred-writes\chunks-screen\results\Tedd.Voxtree.Benchmark.Tests.DeferredChunkWrites-report.csv
  src\Tedd.Voxtree.Benchmark\Results\2026-09-20-deferred-writes\chunks-screen\results\Tedd.Voxtree.Benchmark.Tests.DeferredChunkWrites-report-github.md
  src\Tedd.Voxtree.Benchmark\Results\2026-09-20-deferred-writes\chunks-screen\results\Tedd.Voxtree.Benchmark.Tests.DeferredChunkWrites-report.html

// * Detailed results *
DeferredChunkWrites.MarkHotEdits: Job-ZNVNAZ(IterationCount=5, IterationTime=100ms, LaunchCount=1, WarmupCount=3) [WriteCount=1, Pattern=Uniform]
Runtime = .NET 10.0.12 (10.0.12, 10.0.1226.42308), X64 RyuJIT x86-64-v3; GC = Concurrent Workstation
Mean = 77.349 μs, StdErr = 0.425 μs (0.55%), N = 5, StdDev = 0.951 μs
Min = 76.098 μs, Q1 = 76.617 μs, Median = 77.692 μs, Q3 = 77.995 μs, Max = 78.342 μs
IQR = 1.378 μs, LowerFence = 74.550 μs, UpperFence = 80.062 μs
ConfidenceInterval = [73.686 μs; 81.012 μs] (CI 99.9%), Margin = 3.663 μs (4.74% of Mean)
Skewness = -0.25, Kurtosis = 0.95, MValue = 2
-------------------- Histogram --------------------
[75.594 μs ; 78.797 μs) | @@@@@
---------------------------------------------------

DeferredChunkWrites.DeferredEdits: Job-ZNVNAZ(IterationCount=5, IterationTime=100ms, LaunchCount=1, WarmupCount=3) [WriteCount=1, Pattern=Uniform]
Runtime = .NET 10.0.12 (10.0.12, 10.0.1226.42308), X64 RyuJIT x86-64-v3; GC = Concurrent Workstation
Mean = 139.101 ns, StdErr = 0.588 ns (0.42%), N = 4, StdDev = 1.176 ns
Min = 138.066 ns, Q1 = 138.147 ns, Median = 138.936 ns, Q3 = 139.890 ns, Max = 140.464 ns
IQR = 1.744 ns, LowerFence = 135.531 ns, UpperFence = 142.506 ns
ConfidenceInterval = [131.504 ns; 146.698 ns] (CI 99.9%), Margin = 7.597 ns (5.46% of Mean)
Skewness = 0.13, Kurtosis = 0.72, MValue = 2
-------------------- Histogram --------------------
[137.494 ns ; 141.436 ns) | @@@@
---------------------------------------------------

DeferredChunkWrites.MarkHotEdits: Job-ZNVNAZ(IterationCount=5, IterationTime=100ms, LaunchCount=1, WarmupCount=3) [WriteCount=1, Pattern=Terrain]
Runtime = .NET 10.0.12 (10.0.12, 10.0.1226.42308), X64 RyuJIT x86-64-v3; GC = Concurrent Workstation
Mean = 125.531 μs, StdErr = 2.783 μs (2.22%), N = 5, StdDev = 6.222 μs
Min = 121.084 μs, Q1 = 121.214 μs, Median = 122.358 μs, Q3 = 127.308 μs, Max = 135.691 μs
IQR = 6.094 μs, LowerFence = 112.073 μs, UpperFence = 136.449 μs
ConfidenceInterval = [101.572 μs; 149.491 μs] (CI 99.9%), Margin = 23.960 μs (19.09% of Mean)
Skewness = 0.71, Kurtosis = 1.54, MValue = 2
-------------------- Histogram --------------------
[119.420 μs ; 130.915 μs) | @@@@
[130.915 μs ; 140.467 μs) | @
---------------------------------------------------

DeferredChunkWrites.DeferredEdits: Job-ZNVNAZ(IterationCount=5, IterationTime=100ms, LaunchCount=1, WarmupCount=3) [WriteCount=1, Pattern=Terrain]
Runtime = .NET 10.0.12 (10.0.12, 10.0.1226.42308), X64 RyuJIT x86-64-v3; GC = Concurrent Workstation
Mean = 129.199 ns, StdErr = 0.337 ns (0.26%), N = 4, StdDev = 0.674 ns
Min = 128.354 ns, Q1 = 128.930 ns, Median = 129.226 ns, Q3 = 129.496 ns, Max = 129.990 ns
IQR = 0.566 ns, LowerFence = 128.080 ns, UpperFence = 130.345 ns
ConfidenceInterval = [124.842 ns; 133.556 ns] (CI 99.9%), Margin = 4.357 ns (3.37% of Mean)
Skewness = -0.09, Kurtosis = 1.09, MValue = 2
-------------------- Histogram --------------------
[128.260 ns ; 130.548 ns) | @@@@
---------------------------------------------------

DeferredChunkWrites.MarkHotEdits: Job-ZNVNAZ(IterationCount=5, IterationTime=100ms, LaunchCount=1, WarmupCount=3) [WriteCount=5, Pattern=Uniform]
Runtime = .NET 10.0.12 (10.0.12, 10.0.1226.42308), X64 RyuJIT x86-64-v3; GC = Concurrent Workstation
Mean = 76.550 μs, StdErr = 1.058 μs (1.38%), N = 5, StdDev = 2.365 μs
Min = 73.641 μs, Q1 = 75.135 μs, Median = 76.095 μs, Q3 = 78.562 μs, Max = 79.316 μs
IQR = 3.427 μs, LowerFence = 69.995 μs, UpperFence = 83.702 μs
ConfidenceInterval = [67.444 μs; 85.656 μs] (CI 99.9%), Margin = 9.106 μs (11.90% of Mean)
Skewness = 0.03, Kurtosis = 0.96, MValue = 2
-------------------- Histogram --------------------
[73.053 μs ; 77.124 μs) | @@@
[77.124 μs ; 81.131 μs) | @@
---------------------------------------------------

DeferredChunkWrites.DeferredEdits: Job-ZNVNAZ(IterationCount=5, IterationTime=100ms, LaunchCount=1, WarmupCount=3) [WriteCount=5, Pattern=Uniform]
Runtime = .NET 10.0.12 (10.0.12, 10.0.1226.42308), X64 RyuJIT x86-64-v3; GC = Concurrent Workstation
Mean = 163.218 ns, StdErr = 0.182 ns (0.11%), N = 5, StdDev = 0.406 ns
Min = 162.560 ns, Q1 = 163.136 ns, Median = 163.379 ns, Q3 = 163.394 ns, Max = 163.622 ns
IQR = 0.258 ns, LowerFence = 162.750 ns, UpperFence = 163.780 ns
ConfidenceInterval = [161.655 ns; 164.781 ns] (CI 99.9%), Margin = 1.563 ns (0.96% of Mean)
Skewness = -0.63, Kurtosis = 1.59, MValue = 2
-------------------- Histogram --------------------
[162.249 ns ; 163.934 ns) | @@@@@
---------------------------------------------------

DeferredChunkWrites.MarkHotEdits: Job-ZNVNAZ(IterationCount=5, IterationTime=100ms, LaunchCount=1, WarmupCount=3) [WriteCount=5, Pattern=Terrain]
Runtime = .NET 10.0.12 (10.0.12, 10.0.1226.42308), X64 RyuJIT x86-64-v3; GC = Concurrent Workstation
Mean = 124.499 μs, StdErr = 0.148 μs (0.12%), N = 5, StdDev = 0.332 μs
Min = 124.043 μs, Q1 = 124.276 μs, Median = 124.590 μs, Q3 = 124.759 μs, Max = 124.827 μs
IQR = 0.482 μs, LowerFence = 123.553 μs, UpperFence = 125.482 μs
ConfidenceInterval = [123.221 μs; 125.777 μs] (CI 99.9%), Margin = 1.278 μs (1.03% of Mean)
Skewness = -0.29, Kurtosis = 1.02, MValue = 2
-------------------- Histogram --------------------
[123.788 μs ; 125.081 μs) | @@@@@
---------------------------------------------------

DeferredChunkWrites.DeferredEdits: Job-ZNVNAZ(IterationCount=5, IterationTime=100ms, LaunchCount=1, WarmupCount=3) [WriteCount=5, Pattern=Terrain]
Runtime = .NET 10.0.12 (10.0.12, 10.0.1226.42308), X64 RyuJIT x86-64-v3; GC = Concurrent Workstation
Mean = 163.103 ns, StdErr = 0.166 ns (0.10%), N = 4, StdDev = 0.331 ns
Min = 162.621 ns, Q1 = 163.022 ns, Median = 163.225 ns, Q3 = 163.307 ns, Max = 163.342 ns
IQR = 0.285 ns, LowerFence = 162.594 ns, UpperFence = 163.734 ns
ConfidenceInterval = [160.964 ns; 165.243 ns] (CI 99.9%), Margin = 2.139 ns (1.31% of Mean)
Skewness = -0.63, Kurtosis = 1.22, MValue = 2
-------------------- Histogram --------------------
[162.348 ns ; 163.616 ns) | @@@@
---------------------------------------------------

DeferredChunkWrites.MarkHotEdits: Job-ZNVNAZ(IterationCount=5, IterationTime=100ms, LaunchCount=1, WarmupCount=3) [WriteCount=20, Pattern=Uniform]
Runtime = .NET 10.0.12 (10.0.12, 10.0.1226.42308), X64 RyuJIT x86-64-v3; GC = Concurrent Workstation
Mean = 76.928 μs, StdErr = 1.624 μs (2.11%), N = 4, StdDev = 3.248 μs
Min = 73.556 μs, Q1 = 74.735 μs, Median = 76.645 μs, Q3 = 78.838 μs, Max = 80.867 μs
IQR = 4.103 μs, LowerFence = 68.580 μs, UpperFence = 84.992 μs
ConfidenceInterval = [55.939 μs; 97.917 μs] (CI 99.9%), Margin = 20.989 μs (27.28% of Mean)
Skewness = 0.14, Kurtosis = 0.86, MValue = 2
-------------------- Histogram --------------------
[73.173 μs ; 78.544 μs) | @@@
[78.544 μs ; 83.553 μs) | @
---------------------------------------------------

DeferredChunkWrites.DeferredEdits: Job-ZNVNAZ(IterationCount=5, IterationTime=100ms, LaunchCount=1, WarmupCount=3) [WriteCount=20, Pattern=Uniform]
Runtime = .NET 10.0.12 (10.0.12, 10.0.1226.42308), X64 RyuJIT x86-64-v3; GC = Concurrent Workstation
Mean = 315.460 ns, StdErr = 0.417 ns (0.13%), N = 5, StdDev = 0.933 ns
Min = 314.502 ns, Q1 = 314.726 ns, Median = 315.220 ns, Q3 = 316.205 ns, Max = 316.648 ns
IQR = 1.479 ns, LowerFence = 312.507 ns, UpperFence = 318.424 ns
ConfidenceInterval = [311.868 ns; 319.052 ns] (CI 99.9%), Margin = 3.592 ns (1.14% of Mean)
Skewness = 0.2, Kurtosis = 0.91, MValue = 2
-------------------- Histogram --------------------
[313.786 ns ; 317.364 ns) | @@@@@
---------------------------------------------------

DeferredChunkWrites.MarkHotEdits: Job-ZNVNAZ(IterationCount=5, IterationTime=100ms, LaunchCount=1, WarmupCount=3) [WriteCount=20, Pattern=Terrain]
Runtime = .NET 10.0.12 (10.0.12, 10.0.1226.42308), X64 RyuJIT x86-64-v3; GC = Concurrent Workstation
Mean = 123.462 μs, StdErr = 0.762 μs (0.62%), N = 4, StdDev = 1.525 μs
Min = 121.686 μs, Q1 = 122.455 μs, Median = 123.626 μs, Q3 = 124.633 μs, Max = 124.909 μs
IQR = 2.178 μs, LowerFence = 119.188 μs, UpperFence = 127.900 μs
ConfidenceInterval = [113.608 μs; 133.315 μs] (CI 99.9%), Margin = 9.853 μs (7.98% of Mean)
Skewness = -0.12, Kurtosis = 0.74, MValue = 2
-------------------- Histogram --------------------
[120.425 μs ; 125.071 μs) | @@@@
---------------------------------------------------

DeferredChunkWrites.DeferredEdits: Job-ZNVNAZ(IterationCount=5, IterationTime=100ms, LaunchCount=1, WarmupCount=3) [WriteCount=20, Pattern=Terrain]
Runtime = .NET 10.0.12 (10.0.12, 10.0.1226.42308), X64 RyuJIT x86-64-v3; GC = Concurrent Workstation
Mean = 323.406 ns, StdErr = 0.356 ns (0.11%), N = 5, StdDev = 0.795 ns
Min = 322.296 ns, Q1 = 323.083 ns, Median = 323.311 ns, Q3 = 324.080 ns, Max = 324.261 ns
IQR = 0.997 ns, LowerFence = 321.587 ns, UpperFence = 325.576 ns
ConfidenceInterval = [320.343 ns; 326.469 ns] (CI 99.9%), Margin = 3.063 ns (0.95% of Mean)
Skewness = -0.19, Kurtosis = 1.13, MValue = 2
-------------------- Histogram --------------------
[321.685 ns ; 324.872 ns) | @@@@@
---------------------------------------------------

DeferredChunkWrites.MarkHotAndCommit: Job-ZNVNAZ(IterationCount=5, IterationTime=100ms, LaunchCount=1, WarmupCount=3) [WriteCount=1, Pattern=Uniform]
Runtime = .NET 10.0.12 (10.0.12, 10.0.1226.42308), X64 RyuJIT x86-64-v3; GC = Concurrent Workstation
Mean = 82.933 μs, StdErr = 0.266 μs (0.32%), N = 4, StdDev = 0.532 μs
Min = 82.445 μs, Q1 = 82.596 μs, Median = 82.814 μs, Q3 = 83.150 μs, Max = 83.658 μs
IQR = 0.554 μs, LowerFence = 81.766 μs, UpperFence = 83.981 μs
ConfidenceInterval = [79.496 μs; 86.369 μs] (CI 99.9%), Margin = 3.436 μs (4.14% of Mean)
Skewness = 0.4, Kurtosis = 1.06, MValue = 2
-------------------- Histogram --------------------
[82.005 μs ; 84.098 μs) | @@@@
---------------------------------------------------

DeferredChunkWrites.DeferredAndRepackage: Job-ZNVNAZ(IterationCount=5, IterationTime=100ms, LaunchCount=1, WarmupCount=3) [WriteCount=1, Pattern=Uniform]
Runtime = .NET 10.0.12 (10.0.12, 10.0.1226.42308), X64 RyuJIT x86-64-v3; GC = Concurrent Workstation
Mean = 40.924 μs, StdErr = 0.016 μs (0.04%), N = 4, StdDev = 0.032 μs
Min = 40.895 μs, Q1 = 40.898 μs, Median = 40.924 μs, Q3 = 40.951 μs, Max = 40.953 μs
IQR = 0.053 μs, LowerFence = 40.819 μs, UpperFence = 41.029 μs
ConfidenceInterval = [40.720 μs; 41.128 μs] (CI 99.9%), Margin = 0.204 μs (0.50% of Mean)
Skewness = -0, Kurtosis = 0.57, MValue = 2
-------------------- Histogram --------------------
[40.869 μs ; 40.979 μs) | @@@@
---------------------------------------------------

DeferredChunkWrites.MarkHotAndCommit: Job-ZNVNAZ(IterationCount=5, IterationTime=100ms, LaunchCount=1, WarmupCount=3) [WriteCount=1, Pattern=Terrain]
Runtime = .NET 10.0.12 (10.0.12, 10.0.1226.42308), X64 RyuJIT x86-64-v3; GC = Concurrent Workstation
Mean = 233.209 μs, StdErr = 0.271 μs (0.12%), N = 5, StdDev = 0.605 μs
Min = 232.403 μs, Q1 = 232.812 μs, Median = 233.286 μs, Q3 = 233.675 μs, Max = 233.868 μs
IQR = 0.863 μs, LowerFence = 231.517 μs, UpperFence = 234.971 μs
ConfidenceInterval = [230.879 μs; 235.539 μs] (CI 99.9%), Margin = 2.330 μs (1.00% of Mean)
Skewness = -0.18, Kurtosis = 1.02, MValue = 2
-------------------- Histogram --------------------
[231.939 μs ; 234.333 μs) | @@@@@
---------------------------------------------------

DeferredChunkWrites.DeferredAndRepackage: Job-ZNVNAZ(IterationCount=5, IterationTime=100ms, LaunchCount=1, WarmupCount=3) [WriteCount=1, Pattern=Terrain]
Runtime = .NET 10.0.12 (10.0.12, 10.0.1226.42308), X64 RyuJIT x86-64-v3; GC = Concurrent Workstation
Mean = 402.365 μs, StdErr = 0.158 μs (0.04%), N = 5, StdDev = 0.354 μs
Min = 401.964 μs, Q1 = 402.005 μs, Median = 402.535 μs, Q3 = 402.607 μs, Max = 402.715 μs
IQR = 0.602 μs, LowerFence = 401.102 μs, UpperFence = 403.510 μs
ConfidenceInterval = [401.003 μs; 403.727 μs] (CI 99.9%), Margin = 1.362 μs (0.34% of Mean)
Skewness = -0.22, Kurtosis = 0.79, MValue = 2
-------------------- Histogram --------------------
[401.693 μs ; 402.987 μs) | @@@@@
---------------------------------------------------

DeferredChunkWrites.MarkHotAndCommit: Job-ZNVNAZ(IterationCount=5, IterationTime=100ms, LaunchCount=1, WarmupCount=3) [WriteCount=5, Pattern=Uniform]
Runtime = .NET 10.0.12 (10.0.12, 10.0.1226.42308), X64 RyuJIT x86-64-v3; GC = Concurrent Workstation
Mean = 88.016 μs, StdErr = 1.593 μs (1.81%), N = 5, StdDev = 3.562 μs
Min = 84.940 μs, Q1 = 85.082 μs, Median = 86.374 μs, Q3 = 91.246 μs, Max = 92.437 μs
IQR = 6.164 μs, LowerFence = 75.836 μs, UpperFence = 100.491 μs
ConfidenceInterval = [74.301 μs; 101.730 μs] (CI 99.9%), Margin = 13.715 μs (15.58% of Mean)
Skewness = 0.27, Kurtosis = 0.82, MValue = 2
-------------------- Histogram --------------------
[82.923 μs ; 89.108 μs) | @@@
[89.108 μs ; 95.171 μs) | @@
---------------------------------------------------

DeferredChunkWrites.DeferredAndRepackage: Job-ZNVNAZ(IterationCount=5, IterationTime=100ms, LaunchCount=1, WarmupCount=3) [WriteCount=5, Pattern=Uniform]
Runtime = .NET 10.0.12 (10.0.12, 10.0.1226.42308), X64 RyuJIT x86-64-v3; GC = Concurrent Workstation
Mean = 48.426 μs, StdErr = 0.072 μs (0.15%), N = 4, StdDev = 0.143 μs
Min = 48.273 μs, Q1 = 48.325 μs, Median = 48.422 μs, Q3 = 48.522 μs, Max = 48.586 μs
IQR = 0.197 μs, LowerFence = 48.031 μs, UpperFence = 48.817 μs
ConfidenceInterval = [47.500 μs; 49.351 μs] (CI 99.9%), Margin = 0.925 μs (1.91% of Mean)
Skewness = 0.04, Kurtosis = 0.76, MValue = 2
-------------------- Histogram --------------------
[48.155 μs ; 48.705 μs) | @@@@
---------------------------------------------------

DeferredChunkWrites.MarkHotAndCommit: Job-ZNVNAZ(IterationCount=5, IterationTime=100ms, LaunchCount=1, WarmupCount=3) [WriteCount=5, Pattern=Terrain]
Runtime = .NET 10.0.12 (10.0.12, 10.0.1226.42308), X64 RyuJIT x86-64-v3; GC = Concurrent Workstation
Mean = 231.609 μs, StdErr = 0.837 μs (0.36%), N = 4, StdDev = 1.675 μs
Min = 229.210 μs, Q1 = 231.191 μs, Median = 232.087 μs, Q3 = 232.506 μs, Max = 233.054 μs
IQR = 1.315 μs, LowerFence = 229.218 μs, UpperFence = 234.478 μs
ConfidenceInterval = [220.788 μs; 242.431 μs] (CI 99.9%), Margin = 10.821 μs (4.67% of Mean)
Skewness = -0.56, Kurtosis = 1.2, MValue = 2
-------------------- Histogram --------------------
[227.825 μs ; 234.439 μs) | @@@@
---------------------------------------------------

DeferredChunkWrites.DeferredAndRepackage: Job-ZNVNAZ(IterationCount=5, IterationTime=100ms, LaunchCount=1, WarmupCount=3) [WriteCount=5, Pattern=Terrain]
Runtime = .NET 10.0.12 (10.0.12, 10.0.1226.42308), X64 RyuJIT x86-64-v3; GC = Concurrent Workstation
Mean = 405.871 μs, StdErr = 0.141 μs (0.03%), N = 4, StdDev = 0.283 μs
Min = 405.623 μs, Q1 = 405.629 μs, Median = 405.861 μs, Q3 = 406.103 μs, Max = 406.140 μs
IQR = 0.474 μs, LowerFence = 404.918 μs, UpperFence = 406.814 μs
ConfidenceInterval = [404.045 μs; 407.698 μs] (CI 99.9%), Margin = 1.826 μs (0.45% of Mean)
Skewness = 0.01, Kurtosis = 0.57, MValue = 2
-------------------- Histogram --------------------
[405.389 μs ; 406.374 μs) | @@@@
---------------------------------------------------

DeferredChunkWrites.MarkHotAndCommit: Job-ZNVNAZ(IterationCount=5, IterationTime=100ms, LaunchCount=1, WarmupCount=3) [WriteCount=20, Pattern=Uniform]
Runtime = .NET 10.0.12 (10.0.12, 10.0.1226.42308), X64 RyuJIT x86-64-v3; GC = Concurrent Workstation
Mean = 93.754 μs, StdErr = 0.345 μs (0.37%), N = 4, StdDev = 0.690 μs
Min = 93.254 μs, Q1 = 93.340 μs, Median = 93.500 μs, Q3 = 93.914 μs, Max = 94.760 μs
IQR = 0.574 μs, LowerFence = 92.478 μs, UpperFence = 94.775 μs
ConfidenceInterval = [89.297 μs; 98.210 μs] (CI 99.9%), Margin = 4.456 μs (4.75% of Mean)
Skewness = 0.64, Kurtosis = 1.23, MValue = 2
-------------------- Histogram --------------------
[92.683 μs ; 95.331 μs) | @@@@
---------------------------------------------------

DeferredChunkWrites.DeferredAndRepackage: Job-ZNVNAZ(IterationCount=5, IterationTime=100ms, LaunchCount=1, WarmupCount=3) [WriteCount=20, Pattern=Uniform]
Runtime = .NET 10.0.12 (10.0.12, 10.0.1226.42308), X64 RyuJIT x86-64-v3; GC = Concurrent Workstation
Mean = 87.679 μs, StdErr = 0.014 μs (0.02%), N = 4, StdDev = 0.029 μs
Min = 87.640 μs, Q1 = 87.669 μs, Median = 87.685 μs, Q3 = 87.695 μs, Max = 87.707 μs
IQR = 0.026 μs, LowerFence = 87.630 μs, UpperFence = 87.734 μs
ConfidenceInterval = [87.494 μs; 87.863 μs] (CI 99.9%), Margin = 0.185 μs (0.21% of Mean)
Skewness = -0.39, Kurtosis = 1.11, MValue = 2
-------------------- Histogram --------------------
[87.616 μs ; 87.730 μs) | @@@@
---------------------------------------------------

DeferredChunkWrites.MarkHotAndCommit: Job-ZNVNAZ(IterationCount=5, IterationTime=100ms, LaunchCount=1, WarmupCount=3) [WriteCount=20, Pattern=Terrain]
Runtime = .NET 10.0.12 (10.0.12, 10.0.1226.42308), X64 RyuJIT x86-64-v3; GC = Concurrent Workstation
Mean = 240.480 μs, StdErr = 0.828 μs (0.34%), N = 5, StdDev = 1.851 μs
Min = 238.323 μs, Q1 = 239.285 μs, Median = 240.034 μs, Q3 = 242.053 μs, Max = 242.704 μs
IQR = 2.769 μs, LowerFence = 235.132 μs, UpperFence = 246.206 μs
ConfidenceInterval = [233.353 μs; 247.607 μs] (CI 99.9%), Margin = 7.127 μs (2.96% of Mean)
Skewness = 0.1, Kurtosis = 0.93, MValue = 2
-------------------- Histogram --------------------
[236.903 μs ; 244.125 μs) | @@@@@
---------------------------------------------------

DeferredChunkWrites.DeferredAndRepackage: Job-ZNVNAZ(IterationCount=5, IterationTime=100ms, LaunchCount=1, WarmupCount=3) [WriteCount=20, Pattern=Terrain]
Runtime = .NET 10.0.12 (10.0.12, 10.0.1226.42308), X64 RyuJIT x86-64-v3; GC = Concurrent Workstation
Mean = 450.803 μs, StdErr = 1.174 μs (0.26%), N = 5, StdDev = 2.625 μs
Min = 447.926 μs, Q1 = 448.465 μs, Median = 451.016 μs, Q3 = 452.515 μs, Max = 454.096 μs
IQR = 4.050 μs, LowerFence = 442.390 μs, UpperFence = 458.590 μs
ConfidenceInterval = [440.696 μs; 460.911 μs] (CI 99.9%), Margin = 10.108 μs (2.24% of Mean)
Skewness = 0.05, Kurtosis = 0.95, MValue = 2
-------------------- Histogram --------------------
[445.911 μs ; 456.110 μs) | @@@@@
---------------------------------------------------

// * Summary *

BenchmarkDotNet v0.16.0-preview.1, Windows 11 (10.0.26200.9457/25H2/2025Update/HudsonValley2)
AMD Ryzen 9 5950X 3.40GHz, 1 CPU, 32 logical and 16 physical cores
Memory: 127.91 GB Total, 98.27 GB Available
.NET SDK 11.0.100-preview.7.26381.103
  [Host]     : .NET 10.0.12 (10.0.12, 10.0.1226.42308), X64 RyuJIT x86-64-v3
  Job-ZNVNAZ : .NET 10.0.12 (10.0.12, 10.0.1226.42308), X64 RyuJIT x86-64-v3

IterationCount=5  IterationTime=100ms  LaunchCount=1  
WarmupCount=3  

| Method               | Categories | WriteCount | Pattern | Mean         | Error        | StdDev      | Ratio | RatioSD | Gen0    | Gen1    | Gen2    | Allocated | Alloc Ratio |
|--------------------- |----------- |----------- |-------- |-------------:|-------------:|------------:|------:|--------:|--------:|--------:|--------:|----------:|------------:|
| MarkHotEdits         | Edits      | 1          | Uniform |  77,349.0 ns |  3,663.47 ns |   951.39 ns | 1.000 |    0.00 | 82.8313 | 82.8313 | 82.8313 |  262359 B |       1.000 |
| DeferredEdits        | Edits      | 1          | Uniform |     139.1 ns |      7.60 ns |     1.18 ns | 0.002 |    0.00 |  0.0083 |       - |       - |     152 B |       0.001 |
|                      |            |            |         |              |              |             |       |         |         |         |         |           |             |
| MarkHotEdits         | Edits      | 1          | Terrain | 125,531.2 ns | 23,959.66 ns | 6,222.25 ns | 1.000 |    0.00 | 82.9327 | 82.9327 | 82.9327 |  262359 B |       1.000 |
| DeferredEdits        | Edits      | 1          | Terrain |     129.2 ns |      4.36 ns |     0.67 ns | 0.001 |    0.00 |  0.0079 |       - |       - |     152 B |       0.001 |
|                      |            |            |         |              |              |             |       |         |         |         |         |           |             |
| MarkHotEdits         | Edits      | 5          | Uniform |  76,549.7 ns |  9,105.91 ns | 2,364.77 ns | 1.000 |    0.00 | 82.8313 | 82.8313 | 82.8313 |  262359 B |       1.000 |
| DeferredEdits        | Edits      | 5          | Uniform |     163.2 ns |      1.56 ns |     0.41 ns | 0.002 |    0.00 |  0.0081 |       - |       - |     152 B |       0.001 |
|                      |            |            |         |              |              |             |       |         |         |         |         |           |             |
| MarkHotEdits         | Edits      | 5          | Terrain | 124,499.0 ns |  1,277.96 ns |   331.88 ns | 1.000 |    0.00 | 82.1078 | 82.1078 | 82.1078 |  262358 B |       1.000 |
| DeferredEdits        | Edits      | 5          | Terrain |     163.1 ns |      2.14 ns |     0.33 ns | 0.001 |    0.00 |  0.0081 |       - |       - |     152 B |       0.001 |
|                      |            |            |         |              |              |             |       |         |         |         |         |           |             |
| MarkHotEdits         | Edits      | 20         | Uniform |  76,927.9 ns | 20,989.26 ns | 3,248.11 ns | 1.000 |    0.00 | 82.5893 | 82.5893 | 82.5893 |  262359 B |       1.000 |
| DeferredEdits        | Edits      | 20         | Uniform |     315.5 ns |      3.59 ns |     0.93 ns | 0.004 |    0.00 |  0.0063 |       - |       - |     152 B |       0.001 |
|                      |            |            |         |              |              |             |       |         |         |         |         |           |             |
| MarkHotEdits         | Edits      | 20         | Terrain | 123,461.6 ns |  9,853.31 ns | 1,524.81 ns | 1.000 |    0.00 | 82.1078 | 82.1078 | 82.1078 |  262358 B |       1.000 |
| DeferredEdits        | Edits      | 20         | Terrain |     323.4 ns |      3.06 ns |     0.80 ns | 0.003 |    0.00 |  0.0064 |       - |       - |     152 B |       0.001 |
|                      |            |            |         |              |              |             |       |         |         |         |         |           |             |
| MarkHotAndCommit     | Repackage  | 1          | Uniform |  82,932.7 ns |  3,436.49 ns |   531.80 ns |  1.00 |    0.00 | 82.7703 | 82.7703 | 82.7703 |  262599 B |       1.000 |
| DeferredAndRepackage | Repackage  | 1          | Uniform |  40,924.2 ns |    204.01 ns |    31.57 ns |  0.49 |    0.00 |       - |       - |       - |     480 B |       0.002 |
|                      |            |            |         |              |              |             |       |         |         |         |         |           |             |
| MarkHotAndCommit     | Repackage  | 1          | Terrain | 233,209.1 ns |  2,330.10 ns |   605.12 ns |  1.00 |    0.00 | 81.0185 | 81.0185 | 81.0185 |  271100 B |        1.00 |
| DeferredAndRepackage | Repackage  | 1          | Terrain | 402,365.2 ns |  1,361.90 ns |   353.68 ns |  1.73 |    0.00 |       - |       - |       - |    8984 B |        0.03 |
|                      |            |            |         |              |              |             |       |         |         |         |         |           |             |
| MarkHotAndCommit     | Repackage  | 5          | Uniform |  88,015.7 ns | 13,714.59 ns | 3,561.64 ns |  1.00 |    0.00 | 82.4653 | 82.4653 | 82.4653 |  262687 B |       1.000 |
| DeferredAndRepackage | Repackage  | 5          | Uniform |  48,425.7 ns |    925.42 ns |   143.21 ns |  0.55 |    0.02 |       - |       - |       - |     568 B |       0.002 |
|                      |            |            |         |              |              |             |       |         |         |         |         |           |             |
| MarkHotAndCommit     | Repackage  | 5          | Terrain | 231,609.4 ns | 10,821.14 ns | 1,674.58 ns |  1.00 |    0.00 | 81.0185 | 81.0185 | 81.0185 |  271180 B |        1.00 |
| DeferredAndRepackage | Repackage  | 5          | Terrain | 405,871.1 ns |  1,826.43 ns |   282.64 ns |  1.75 |    0.01 |       - |       - |       - |    9064 B |        0.03 |
|                      |            |            |         |              |              |             |       |         |         |         |         |           |             |
| MarkHotAndCommit     | Repackage  | 20         | Uniform |  93,753.6 ns |  4,456.31 ns |   689.62 ns |  1.00 |    0.00 | 82.6923 | 82.6923 | 82.6923 |  263119 B |       1.000 |
| DeferredAndRepackage | Repackage  | 20         | Uniform |  87,678.9 ns |    184.55 ns |    28.56 ns |  0.94 |    0.01 |       - |       - |       - |    1000 B |       0.004 |
|                      |            |            |         |              |              |             |       |         |         |         |         |           |             |
| MarkHotAndCommit     | Repackage  | 20         | Terrain | 240,479.9 ns |  7,126.65 ns | 1,850.77 ns |  1.00 |    0.00 | 81.0185 | 81.0185 | 81.0185 |  271524 B |        1.00 |
| DeferredAndRepackage | Repackage  | 20         | Terrain | 450,803.4 ns | 10,107.75 ns | 2,624.95 ns |  1.87 |    0.02 |       - |       - |       - |    9408 B |        0.03 |

// * Warnings *
MinIterationTime
  DeferredChunkWrites.DeferredEdits: IterationCount=5, IterationTime=100ms, LaunchCount=1, WarmupCount=3    -> The minimum observed iteration time is 99.611ms which is very small. It's recommended to increase it to at least 100ms using more operations.
  DeferredChunkWrites.DeferredEdits: IterationCount=5, IterationTime=100ms, LaunchCount=1, WarmupCount=3    -> The minimum observed iteration time is 97.426ms which is very small. It's recommended to increase it to at least 100ms using more operations.
  DeferredChunkWrites.MarkHotEdits: IterationCount=5, IterationTime=100ms, LaunchCount=1, WarmupCount=3     -> The minimum observed iteration time is 97.795ms which is very small. It's recommended to increase it to at least 100ms using more operations.
  DeferredChunkWrites.DeferredEdits: IterationCount=5, IterationTime=100ms, LaunchCount=1, WarmupCount=3    -> The minimum observed iteration time is 99.771ms which is very small. It's recommended to increase it to at least 100ms using more operations.
  DeferredChunkWrites.MarkHotEdits: IterationCount=5, IterationTime=100ms, LaunchCount=1, WarmupCount=3     -> The minimum observed iteration time is 98.859ms which is very small. It's recommended to increase it to at least 100ms using more operations.
  DeferredChunkWrites.DeferredEdits: IterationCount=5, IterationTime=100ms, LaunchCount=1, WarmupCount=3    -> The minimum observed iteration time is 99.765ms which is very small. It's recommended to increase it to at least 100ms using more operations.
  DeferredChunkWrites.MarkHotEdits: IterationCount=5, IterationTime=100ms, LaunchCount=1, WarmupCount=3     -> The minimum observed iteration time is 99.296ms which is very small. It's recommended to increase it to at least 100ms using more operations.
  DeferredChunkWrites.DeferredEdits: IterationCount=5, IterationTime=100ms, LaunchCount=1, WarmupCount=3    -> The minimum observed iteration time is 99.969ms which is very small. It's recommended to increase it to at least 100ms using more operations.
  DeferredChunkWrites.MarkHotAndCommit: IterationCount=5, IterationTime=100ms, LaunchCount=1, WarmupCount=3 -> The minimum observed iteration time is 97.615ms which is very small. It's recommended to increase it to at least 100ms using more operations.
  DeferredChunkWrites.MarkHotAndCommit: IterationCount=5, IterationTime=100ms, LaunchCount=1, WarmupCount=3 -> The minimum observed iteration time is 97.851ms which is very small. It's recommended to increase it to at least 100ms using more operations.
  DeferredChunkWrites.MarkHotAndCommit: IterationCount=5, IterationTime=100ms, LaunchCount=1, WarmupCount=3 -> The minimum observed iteration time is 99.019ms which is very small. It's recommended to increase it to at least 100ms using more operations.
  DeferredChunkWrites.MarkHotAndCommit: IterationCount=5, IterationTime=100ms, LaunchCount=1, WarmupCount=3 -> The minimum observed iteration time is 96.984ms which is very small. It's recommended to increase it to at least 100ms using more operations.

// * Hints *
Outliers
  DeferredChunkWrites.DeferredEdits: IterationCount=5, IterationTime=100ms, LaunchCount=1, WarmupCount=3        -> 1 outlier  was  removed (144.58 ns)
  DeferredChunkWrites.DeferredEdits: IterationCount=5, IterationTime=100ms, LaunchCount=1, WarmupCount=3        -> 1 outlier  was  removed (135.04 ns)
  DeferredChunkWrites.DeferredEdits: IterationCount=5, IterationTime=100ms, LaunchCount=1, WarmupCount=3        -> 1 outlier  was  detected (162.56 ns)
  DeferredChunkWrites.DeferredEdits: IterationCount=5, IterationTime=100ms, LaunchCount=1, WarmupCount=3        -> 1 outlier  was  removed, 2 outliers were detected (162.62 ns, 166.08 ns)
  DeferredChunkWrites.MarkHotEdits: IterationCount=5, IterationTime=100ms, LaunchCount=1, WarmupCount=3         -> 1 outlier  was  removed (89.77 μs)
  DeferredChunkWrites.MarkHotEdits: IterationCount=5, IterationTime=100ms, LaunchCount=1, WarmupCount=3         -> 1 outlier  was  removed (145.56 μs)
  DeferredChunkWrites.MarkHotAndCommit: IterationCount=5, IterationTime=100ms, LaunchCount=1, WarmupCount=3     -> 1 outlier  was  removed (105.56 μs)
  DeferredChunkWrites.DeferredAndRepackage: IterationCount=5, IterationTime=100ms, LaunchCount=1, WarmupCount=3 -> 1 outlier  was  removed (41.23 μs)
  DeferredChunkWrites.DeferredAndRepackage: IterationCount=5, IterationTime=100ms, LaunchCount=1, WarmupCount=3 -> 1 outlier  was  removed (49.15 μs)
  DeferredChunkWrites.MarkHotAndCommit: IterationCount=5, IterationTime=100ms, LaunchCount=1, WarmupCount=3     -> 1 outlier  was  removed, 2 outliers were detected (229.21 μs, 235.17 μs)
  DeferredChunkWrites.DeferredAndRepackage: IterationCount=5, IterationTime=100ms, LaunchCount=1, WarmupCount=3 -> 1 outlier  was  removed (408.37 μs)
  DeferredChunkWrites.MarkHotAndCommit: IterationCount=5, IterationTime=100ms, LaunchCount=1, WarmupCount=3     -> 1 outlier  was  removed (98.86 μs)
  DeferredChunkWrites.DeferredAndRepackage: IterationCount=5, IterationTime=100ms, LaunchCount=1, WarmupCount=3 -> 1 outlier  was  removed (87.87 μs)

// * Legends *
  Categories  : All categories of the corresponded method, class, and assembly
  WriteCount  : Value of the 'WriteCount' parameter
  Pattern     : Value of the 'Pattern' parameter
  Mean        : Arithmetic mean of all measurements
  Error       : Half of 99.9% confidence interval
  StdDev      : Standard deviation of all measurements
  Ratio       : Mean of the ratio distribution ([Current]/[Baseline])
  RatioSD     : Standard deviation of the ratio distribution ([Current]/[Baseline])
  Gen0        : GC Generation 0 collects per 1000 operations
  Gen1        : GC Generation 1 collects per 1000 operations
  Gen2        : GC Generation 2 collects per 1000 operations
  Allocated   : Allocated memory per single operation (managed only, inclusive, 1KB = 1024B)
  Alloc Ratio : Allocated memory ratio distribution ([Current]/[Baseline])
  1 ns        : 1 Nanosecond (0.000000001 sec)

// * Diagnostic Output - MemoryDiagnoser *


// ***** BenchmarkRunner: End *****
Run time: 00:01:10 (70.64 sec), executed benchmarks: 24

Global total time: 00:02:21 (141.39 sec), executed benchmarks: 40
// * Artifacts cleanup *
Artifacts cleanup is finished
